DATETIME,OPEN,HIGH,LOW,CLOSE,RSI_7,RSI_14,RSI_21,MACD,MACD_signal,BB_high_10,BB_low_10,BB_high_20,BB_low_20,BB_high_30,BB_low_30,ATR_7,ATR_14,ATR_21,ATR_26,EMA_5,EMA_10,EMA_20,EMA_50,SMA_10,SMA_20,SMA_50,Stoch_K,Stoch_D,CCI_14,CCI_20,ADX_14,ADX_20,WilliamsR_14,ROC_10,ROC_20,UO,Ichimoku_Tenkan,Ichimoku_Kijun,Ichimoku_Senkou_A,Ichimoku_Senkou_B,Fractal_High,Fractal_Low,HA_OPEN,HA_HIGH,HA_LOW,HA_CLOSE,Trend,OPEN_norm,HIGH_norm,LOW_norm,CLOSE_norm,EMA_5_norm,EMA_10_norm,EMA_20_norm,EMA_50_norm,SMA_10_norm,SMA_20_norm,SMA_50_norm,BB_high_10_norm,BB_low_10_norm,BB_high_20_norm,BB_low_20_norm,BB_high_30_norm,BB_low_30_norm,Ichimoku_Tenkan_norm,Ichimoku_Kijun_norm,Ichimoku_Senkou_A_norm,Ichimoku_Senkou_B_norm,HA_OPEN_norm,HA_HIGH_norm,HA_LOW_norm,HA_CLOSE_norm,RSI_7_norm,RSI_14_norm,RSI_21_norm,Stoch_K_norm,Stoch_D_norm,UO_norm,WilliamsR_14_norm,MACD_norm,MACD_signal_norm,CCI_14_norm,CCI_20_norm,ROC_10_norm,ROC_20_norm,ATR_7_norm,ATR_14_norm,ATR_21_norm,ADX_14_norm,ADX_20_norm,ATR_26_norm,Fractal_High_norm,Fractal_Low_norm,Trend_norm
2024-01-29,41953.4,43857.2,41651.2,42863.5,66.24758959482199,68.83806891145193,68.45349805156727,3793.60467296376,3603.4597940634094,45000.36171951956,39963.838280480435,49586.83556791277,24882.514432087235,47673.76282275029,20558.770510583054,3860.5263156080973,3419.922831074503,3179.8048699110013,3070.7738808671393,42380.99323501303,41288.500308066235,38320.982459910505,33207.328313153164,42482.1,37234.675,31431.306,58.92542788104338,62.93345632101031,56.93855564414284,73.67521021969009,45.84888442882415,34.14918184962106,-41.07457211895662,14.053270182534192,62.06156021611484,56.51009997070526,43759.0,36900.0,40329.5,34284.5,0.0,0.0,41790.4,43857.2,41651.2,42581.325,1,0.2685269934593058,0.2726684347365057,0.26785353582415605,0.2705281937772193,0.26947220920140497,0.26703921922208,0.2601152130509351,0.24692847056103107,0.26969441063086946,0.25745570594838074,0.2419090000331087,0.2750752297225692,0.2640075117601748,0.2841881148787351,0.22086052342272536,0.2804874352675826,0.2040568201784556,0.27245895863825675,0.25662189257876145,0.2648536143414485,0.2498544494949436,0.2681643088110639,0.2726684347365057,0.26785353582415605,0.26991199753680895,0.6624758959482199,0.6883806891145192,0.6845349805156726,0.5892542788104338,0.6293345632101031,0.5651009997070526,0.5892542788104338,0.9873655698052424,0.9837493826006372,0.11338739870864273,0.10486337357083925,0.43693989549841433,0.9439577221541257,0.8258817802852885,0.8137665627305616,0.8064889547494472,0.38469271968496865,0.35596013420148326,0.803001048506991,0.0,0.0,1
2024-02-05,42863.4,48590.0,42232.8,48063.3,79.86249659996437,76.32647980917837,74.22906125136504,4101.854901523337,3703.138815555395,46874.921205731625,39785.11879426838,50491.94442438143,26133.75557561857,49074.72921943023,20343.63744723644,4217.19398480694,3629.72834314061,3331.109399915239,3197.174885449172,44275.095490008694,42520.282070236004,39248.82222563332,33789.91543812755,43330.020000000004,38312.85,31919.692000000003,93.5310326728776,71.97226745917779,140.09916385653176,108.7683092352264,47.12188892386309,35.34920430314727,-6.468967327122404,21.420721956543172,81.372312243866,60.55713014415874,43759.0,36900.0,40329.5,34284.5,0.0,0.0,42408.45,48590.0,42232.8,45437.375,1,0.2667689803976082,0.27848749579577403,0.2653904555384052,0.2774652413574431,0.2697878187436013,0.2660212643669555,0.2585965040183973,0.24483013700188386,0.26777694063209934,0.2563667390001219,0.23964139815289057,0.2751196317112261,0.2598520684432245,0.2820942789487494,0.22163750347863592,0.279419144874769,0.1996468038278519,0.2686947145894599,0.2529038308527782,0.26111063943436685,0.24615845722485824,0.26577634900956265,0.27848749579577403,0.2653904555384052,0.2722066609758925,0.7986249659996437,0.7632647980917837,0.7422906125136504,0.935310326728776,0.7197226745917779,0.6055713014415874,0.935310326728776,0.991605669037958,0.9857574030017405,0.2730886274500012,0.15414473585122063,0.6131940193783688,0.9810550309319136,0.8347162349741047,0.8197188552625562,0.8111360835855553,0.38737371447804125,0.35931723138677896,0.8070335577780223,0.0,0.0,1
2024-02-12,48063.3,52843.0,47642.0,51789.9,84.94137779091615,80.03028397795991,77.34963073346469,4593.895338126735,3881.2901200696633,50325.43826116485,37902.58173883514,51935.38719885209,27158.002801147908,50935.73166771356,19926.088332286447,4357.737701263091,3741.9620329162804,3420.151809443085,3274.2450821626653,46780.030326672466,44205.66714837491,40443.210585096815,34495.797185651965,44114.009999999995,39546.695,32507.19,94.20641469989549,82.22095841793883,235.05994851146025,154.4133082719872,48.744219289021906,36.76438875791125,-5.79358530010452,17.838225255972702,91.01501124921624,63.099362381766596,45680.5,38884.0,42282.25,36206.0,0.0,0.0,45463.350000000006,52843.0,45463.350000000006,50084.549999999996,1,0.27523350241823974,0.2841355831007736,0.2744094696204694,0.28224114466315925,0.2727020591614299,0.26742193879306997,0.2591660132279505,0.2445428922555492,0.2672287081668432,0.25709399039454844,0.23913418525245983,0.27954558270330016,0.25317883090642923,0.28250501026519786,0.22294154985593195,0.28067776311296494,0.19580793166288962,0.27048089683529597,0.25553429449282966,0.2632865872651694,0.24897130890483296,0.2700363371957818,0.2841355831007736,0.2700363371957818,0.27909514871808616,0.8494137779091615,0.8003028397795992,0.7734963073346469,0.9420641469989549,0.8222095841793883,0.630993623817666,0.9420641469989548,0.9956354111331969,0.9887517902079458,0.4382961843025953,0.21708074999421975,0.5332012825187283,0.9890367587309608,0.8379937776365711,0.822763256436281,0.8137732559743712,0.3906894261657877,0.3631366562222305,0.8094147979517551,0.0,0.0,1
2024-02-19,51790.0,52991.8,50456.0,51730.1,84.54219561295531,79.81448966068648,77.19214021818092,4922.274650700594,4089.48702619585,52589.09458505895,37569.54541494105,53004.255705611584,28469.65429438842,52565.99565795879,19793.497675374554,4097.4608867969355,3655.807601993689,3378.0398185172244,3245.843348233332,48430.05355111498,45573.745848670376,41518.15243413521,35171.65219797934,45079.32,40736.955,33111.152,92.72661240113447,93.48801992463586,199.66192649999547,156.63940110553864,50.26435518557817,38.117572829303356,-7.27338759886552,22.94151198992323,85.24721664177846,61.011530125881116,45754.9,38958.4,42356.65,36280.4,0.0,0.0,49926.600000000006,52991.8,49926.600000000006,51741.975,0,0.2830609462223235,0.28522111351561075,0.2806072119721001,0.2829520487892062,0.27676162539725807,0.271075644229439,0.26240289427490937,0.24711377610287205,0.27005771973026843,0.26064234028602323,0.2416011421720107,0.28450245933003826,0.25316839778778805,0.28524325940528106,0.22794302380559622,0.2844610807465037,0.19598280260253437,0.27144602603802553,0.25651455612750845,0.26425871857274313,0.2499589631874161,0.2796165071985011,0.28522111351561075,0.2796165071985011,0.28297364681361525,0.8454219561295531,0.7981448966068647,0.7719214021818093,0.9272661240113448,0.9348801992463587,0.6101153012588112,0.9272661240113448,0.9971807835568899,0.9914666901725199,0.37937027607985135,0.22010892118581626,0.6438470119655707,0.984789309186245,0.8318366788750472,0.8204345805880416,0.8125346870757679,0.3936995679979518,0.3666571799001081,0.8085438525861507,0.0,0.0,0
2024-02-26,51730.1,64015.8,50950.0,62800.0,92.32841153407004,86.87157606885103,83.65914037234083,6006.526537751903,4472.89492850706,59897.90891915902,34113.91108084099,56605.75511092342,28428.674889076574,56045.06404541932,18561.215954580697,5378.652188683088,4327.949916136997,3839.361731921166,3623.533988685896,53220.03570074332,48705.79205800303,43544.99505945567,36255.11681766643,47005.91,42517.215,33807.712,95.54583489034943,94.15962066379313,237.3465765635789,242.37680791275795,52.39600099926146,39.89716789468658,-4.454165109650579,44.25473364557899,130.92650065453688,74.71965916831083,51266.9,44470.4,47868.65,41792.4,0.0,0.0,51760.05,64015.8,50950.0,57373.975,1,0.2726292522124447,0.2926739887975981,0.27120992501577146,0.2908601631634407,0.27528533140809086,0.26701071517982955,0.25662771231614473,0.239839132359232,0.2637083514472779,0.25442466959781085,0.23350560202719572,0.2863927742890656,0.2343203049844215,0.28107089742974967,0.2179916311140974,0.28013560963416234,0.1811955323740869,0.2717889299453127,0.2585706267063705,0.26539802393480716,0.25284132227920786,0.27268334423548324,0.2926739887975981,0.27120992501577146,0.28233832374946105,0.9232841153407004,0.8687157606885103,0.8365914037234083,0.9554583489034942,0.9415962066379313,0.7471965916831083,0.9554583489034942,0.9993351089534934,0.99487322975702,0.4419834850144062,0.3330479627655789,0.9005568026848233,0.9988738273014088,0.8590379002122333,0.8373080277991132,0.8253321842166272,0.3977735855507649,0.3711060816022546,0.8195481004179623,0.0,0.0,1
2024-03-04,62800.1,70000.0,59150.0,69422.3,94.3238707469464,89.28497323321244,86.12952281316645,7315.8358334445,5041.483109494548,67869.00548938412,31518.4745106159,61687.00058499968,27304.079415000317,60394.15995187307,16880.286714793598,6160.273304585504,4793.810636412926,4173.20164944873,3901.474989121054,58620.790467162224,52472.42986563884,46009.500291888464,37555.79066795402,49693.740000000005,44495.54,34639.998,98.16498316498318,95.47914348548903,223.91252374766245,266.6467689847664,54.60885689837156,41.765269919884375,-1.8350168350168257,63.17765137269651,132.5253384601987,79.61643144828429,54259.0,47462.5,50860.75,45661.0,0.0,0.0,57265.05,70000.0,57265.05,65343.100000000006,1,0.28388738816992404,0.29413781030385067,0.27825967721225353,0.29335302241578226,0.277416805662803,0.26706516875806513,0.2548886240110363,0.23633084695100037,0.2620105107526841,0.2518083454068335,0.22903801980308688,0.291211857214413,0.22059205226242243,0.2822045319319368,0.2079241420769995,0.28021370591332423,0.16727210769253917,0.27018513161561797,0.2577582367061035,0.2641645947270348,0.25418793107879656,0.27522453785958256,0.29413781030385067,0.27522453785958256,0.2876290118517616,0.9432387074694639,0.8928497323321244,0.8612952281316645,0.9816498316498319,0.9547914348548904,0.7961643144828429,0.9816498316498317,0.9998839348204096,0.9975945871549677,0.42010955241861875,0.3635096016582707,0.9707947426817489,0.9989721061560464,0.8726038740456825,0.8475289494653027,0.833667839731083,0.4018342485303461,0.37557263227136184,0.826936624343146,0.0,0.0,1
2024-03-11,69422.4,73734.0,64555.0,68273.6,89.607102360294,86.32073048359713,83.82154296509786,8166.64242313592,5666.514972222823,72912.61424740194,31294.345752598056,65613.0869468365,26746.3530531635,63747.019854436745,16330.52014556326,6591.519975359003,5107.038448097716,4411.572999474981,4104.456720308705,61838.39364477482,55345.36989006814,48129.89074028004,38760.41064175974,52103.48,46179.72,35443.93,84.49454793275785,92.73512199603016,177.56260978955774,222.35037691184093,56.78172303061272,43.63258907827508,-15.505452067242146,54.5483767277403,97.37958947672739,73.65543234540753,56126.0,49867.0,52996.5,49242.55,1.0,0.0,66111.2,73734.0,64555.0,68996.25,0,0.28855773487310826,0.2942562223073292,0.28170854870883627,0.28698297811773044,0.2776715075054543,0.2673059318268832,0.25436668875310525,0.23459791595066543,0.26169845814084414,0.2505617061189041,0.22654515141903997,0.2931953709859535,0.21546046028170726,0.2832378600334747,0.20170896104403227,0.28052477600822356,0.16051745966305164,0.2686104761662599,0.25763819392619713,0.263274748339188,0.25647444814112935,0.2839497928066555,0.2942562223073292,0.28170854870883627,0.287976464626398,0.8960710236029399,0.8632073048359713,0.8382154296509786,0.8449454793275786,0.9273512199603016,0.7365543234540753,0.8449454793275786,0.9999626705518633,0.998953944944174,0.3409129906924559,0.3073745152248302,0.9486665718996096,0.9923666218106799,0.8793690948235593,0.8538570744159676,0.8392213244895069,0.4056672515130204,0.3798464289019379,0.8320072275212558,1.0,0.0,0
2024-03-18,68280.1,68898.3,60778.2,66153.2,80.89536924386897,80.97644143826734,79.68301219996849,8571.012914510844,6247.414560680428,75747.15252830402,33188.18747169598,68300.36097741211,27171.269022587872,66272.18931596569,16476.897350700983,6809.888550307718,5322.257130376451,4588.169523309506,4258.90453875837,63276.66242984989,57310.42991005575,49846.396384062886,39834.63767541623,54467.670000000006,47735.814999999995,36204.193999999996,78.47342117219445,87.04431742331182,116.7279244850988,152.2886189421416,57.507804581305855,44.69181852206481,-21.52657882780555,55.61321342795914,88.84026570524071,73.40024454553388,56126.0,49867.0,52996.5,49242.55,0.0,0.0,68848.0,68898.3,60778.2,66027.45000000001,0,0.28351124341457734,0.28435986358652887,0.27259459694006116,0.28053532111688906,0.2763642400473159,0.2671151952511669,0.2541920188152104,0.23373013599912018,0.26238803655684384,0.2502130189407369,0.22513784348882168,0.2933090368459842,0.2173917080340996,0.2835391706635185,0.19987563962634844,0.28070416834838546,0.1582849789496048,0.2651727172163145,0.25423009215292874,0.25985100637162384,0.2530696864486518,0.28429108389436764,0.28435986358652887,0.27259459694006116,0.2803565700000574,0.8089536924386898,0.8097644143826734,0.7968301219996848,0.7847342117219445,0.8704431742331182,0.7340024454553388,0.7847342117219445,0.9999782278934803,0.9995177172852714,0.22930507346013795,0.21418661571276115,0.9521000968301683,0.987595068848852,0.8826277867916679,0.8579840637543645,0.8431454354943619,0.40691601569855224,0.3821919256097745,0.835700203027017,0.0,0.0,0
2024-03-25,66153.2,71746.9,66153.2,70848.7,84.73062428185955,83.42385372100168,81.77522589023823,9164.721841775965,6830.876016899536,78838.51198463899,35941.08801536102,71690.74161794297,27151.548382057037,69239.65058343922,16496.462749894104,6636.147328835186,5341.6459067781325,4636.051926961434,4310.242825729202,65800.67495323326,59771.93356277288,51846.6157760569,41050.8754136352,57389.8,49421.145000000004,37014.07,91.80684915947295,84.92493942147509,119.40541408838172,153.34998186458225,58.355648321728715,45.80290737950681,-8.193150840527041,70.19727391093366,90.75038837330146,73.09359878702965,57692.6,50142.5,53917.55,49242.55,0.0,0.0,67216.65,71746.9,66153.2,68725.5,1,0.27940997912450827,0.2870490694447621,0.27940997912450827,0.28586108661911236,0.27890842850853603,0.26991720231941835,0.2567154578970169,0.23536610690539397,0.2661290382402204,0.2523003091426746,0.22604567724273386,0.2959636987700744,0.22341488250878755,0.28697520508036567,0.19877795894433198,0.2836969755211876,0.15742810755913292,0.26661859934168153,0.2536338978796912,0.260336853810746,0.25196737065371994,0.2809079259815051,0.2870490694447621,0.27940997912450827,0.28299547064645575,0.8473062428185955,0.8342385372100167,0.8177522589023823,0.9180684915947295,0.8492493942147509,0.7309359878702965,0.9180684915947296,0.9999901346986787,0.999778435828443,0.23437221299012667,0.21563281913503432,0.9816092779781858,0.9888706499698761,0.8800437531006404,0.8583476297401214,0.8441834082724583,0.40835472862278965,0.38459453244877523,0.8368981500168298,0.0,0.0,1
2024-04-01,70848.7,71323.9,64541.2,69332.7,78.77396891186011,79.8519248285642,79.01672946610589,9404.502661236947,7345.601345767019,79921.72831364031,40333.73168635968,74140.05001068211,27941.629989317888,71552.14649450601,17084.933505493995,6657.083424715874,5444.578342008266,4738.273263772794,4405.337332431925,66978.01663548885,61510.254733177804,53511.95713071815,42159.966573884805,60127.729999999996,51040.84,37850.838,87.50198773284869,85.9274193548387,91.63402264138568,123.50301193501139,58.62397179956863,46.57237255027455,-12.498012267151303,65.26121839946225,87.69613522908159,72.78235943397912,57983.4,50142.5,54062.95,49242.55,0.0,0.0,68500.95,71323.9,64541.2,69011.625,0,0.28380527185521875,0.2844347476301524,0.2750514547103215,0.28177019405054304,0.2785247868564731,0.2705558179532913,0.25761991994737576,0.23580388765531807,0.26843609283552794,0.25325959365238504,0.2260933668941168,0.2951886040999409,0.23180303112503436,0.2880859804524168,0.1993703434806612,0.2847356924525156,0.15847834776538866,0.26505679317216024,0.251626122999576,0.25856676744728696,0.24996252536997127,0.28063580453865644,0.2844347476301524,0.2750514547103215,0.2813338167473765,0.787739689118601,0.7985192482856419,0.7901672946610588,0.8750198773284869,0.8592741935483871,0.7278235943397913,0.8750198773284871,0.9999928342174483,0.9998884506789202,0.18124342275728153,0.17462468500611567,0.9745341111846121,0.9867624964471733,0.8803586948052846,0.8602559244971483,0.846363908305527,0.4088057704608139,0.38622521841274177,0.8390799086490557,0.0,0.0,0
2024-04-08,69332.8,72731.5,60495.0,63822.0,60.68230555075958,68.38909908699115,70.00374148668803,9045.591307125324,7685.59933803868,78362.65115314866,46084.508846851335,75224.91166999956,29480.768330000436,72833.39518618841,18295.224813811594,7454.142935470749,5929.71560329339,5095.331679783613,4706.535896569158,65926.0110903259,61930.5720544182,54493.86597541165,43009.45808079128,62223.579999999994,52352.84,38540.272000000004,71.8537028623353,83.72084658488565,63.47191042255382,91.96209896517732,57.66999106523702,46.63405030762668,-28.146297137664696,48.895913772790365,69.82065882603375,66.13796095632425,60688.0,50391.1,55539.55,49242.55,1.0,0.0,70090.7,72731.5,60495.0,66595.325,0,0.27556443591468216,0.28005259207448524,0.26285308663550466,0.2678298081957523,0.27085388847529657,0.2650309439826483,0.25319761712490213,0.23163144862052895,0.26546968697237827,0.24951402490599245,0.22179712657984774,0.28707216804789587,0.23787678954701946,0.28322172029067183,0.19829021947075365,0.28018408844504283,0.15866186066284452,0.26314865469946674,0.24601546505540414,0.254948544689224,0.2439088589034883,0.27658287720472685,0.28005259207448524,0.26285308663550466,0.2717970267614836,0.6068230555075957,0.6838909908699116,0.7000374148668803,0.718537028623353,0.8372084658488564,0.6613796095632425,0.718537028623353,0.9999884363848083,0.9999291080768689,0.12626629912255116,0.13062380116762531,0.9260421816463407,0.9636637689421726,0.8916659400116412,0.8687900159802752,0.8536276281433745,0.40719283706493137,0.38635478480990093,0.8456919885901948,1.0,0.0,0
2024-04-15,63822.0,66898.7,59678.0,64663.4,62.22760558788389,69.11803877497952,70.5424226707396,8728.429519064943,7894.165374243933,76984.0770774943,50783.10292250571,76290.36254413085,30923.24745586913,73989.8056529902,19683.05434700981,7420.793944689212,6021.928774486719,5196.539695032012,4803.234515931882,65505.14072688394,62427.44986270579,55462.39302537245,43858.63227370143,63883.590000000004,53606.80499999999,39255.296,74.24295774647888,77.86621611388763,43.956518524261384,69.61577596063749,56.5548925671992,46.56446127780649,-25.757042253521124,34.537994686174265,63.357004453808486,64.5714405261939,62095.0,51724.6,56909.8,49242.55,0.0,0.0,66577.4,66898.7,59678.0,63765.525,1,0.2659370768718411,0.27032281794783597,0.2597084695274,0.26715570099288743,0.26836013790050567,0.2638840207630916,0.2529472368557301,0.2315606152106287,0.26602678494928844,0.24981982361191718,0.2216229440473027,0.2834832568122693,0.24486478930759437,0.28263144583742966,0.2006602657261501,0.27975351217740935,0.1628823774187827,0.26338830284299364,0.2465443614682084,0.2553205616476233,0.24205420002793337,0.26987370588306103,0.27032281794783597,0.2597084695274,0.26585474819034394,0.6222760558788389,0.6911803877497953,0.705424226707396,0.7424295774647888,0.7786621611388763,0.645714405261939,0.7424295774647888,0.9999823498746029,0.9999463180367687,0.08768725048016807,0.09912452599160614,0.8181732041278005,0.9478521817378285,0.891217607846086,0.8703328927386338,0.85559406570348,0.40527391457542017,0.3862085870573183,0.847725299881351,0.0,0.0,1
2024-04-22,64663.4,67200.0,62396.6,63623.9,58.89145364783887,67.06059123519813,68.93649781672772,8297.548579484122,7974.842015291972,75437.38342839004,54696.59657160998,77219.92379584588,31961.07620415411,74831.96921305367,21274.950786946316,7046.880524019325,5934.891004880525,5177.818757173345,4803.240880703733,64878.060484589296,62644.986251304734,56239.679403908405,44633.74081198765,65066.990000000005,54590.5,39988.837999999996,71.29117446615174,72.46261169165531,41.982072444713275,65.80048644615522,55.555444793210725,46.51666315028992,-28.70882553384825,22.850015157395553,44.764277588168376,58.450963584937426,62342.0,53897.05,58119.525,49242.55,0.0,0.0,64242.7,67200.0,62396.6,64470.975,0,0.267155577645198,0.27074202566750605,0.2638380006119659,0.2656478668867137,0.26746411351200516,0.26420694245676096,0.2542286354418164,0.23314078878207334,0.26773488034314996,0.25148979748778444,0.22327404395295364,0.2815739050585547,0.25166827070939946,0.28377108298652676,0.20352368567724288,0.2808165459349089,0.1691808523197644,0.2637567173937188,0.25031538086400595,0.25726171623528216,0.24205407929452943,0.2665481219349507,0.27074202566750605,0.2638380006119659,0.2668781898188941,0.5889145364783888,0.6706059123519813,0.6893649781672773,0.7129117446615174,0.7246261169165531,0.5845096358493742,0.7129117446615174,0.9999686490692085,0.9999517926765883,0.08376738461869365,0.09372480253681335,0.6420579100028335,0.8562127447765143,0.8860482215715709,0.8688772422967137,0.8552332270092922,0.4035221480742634,0.38610804526875503,0.8477254323638019,0.0,0.0,0
2024-04-29,63623.9,64738.3,56378.0,63747.2,59.19419382880454,67.18536641073794,69.02432390200211,7875.240737026397,7954.921759638857,71864.79832579762,60672.60167420237,77874.15279637849,33473.8672036215,75519.25566254935,22975.817670783985,7234.511877730851,6108.134504531916,5329.365483022233,4940.0508468305125,64501.1069897262,62845.388751067505,56954.681365440934,45383.288231125385,66268.7,55674.009999999995,40726.862,68.8717942324236,71.46864214835142,11.879947059759871,42.80913391483779,53.022243045442686,45.57363654624327,-31.1282057675764,23.230382311265586,51.50129524443282,63.27787637280062,65056.0,54127.05,59591.525,49242.55,0.0,1.0,64143.65,64738.3,56378.0,62121.850000000006,1,0.26303912747223046,0.2646514040711242,0.2518698642889511,0.2632187980786044,0.26431041200991034,0.2618971792662376,0.2528059450462862,0.2321093343038252,0.26682400919902943,0.2507151269309017,0.22239984039244623,0.2743892154401429,0.2586392927120987,0.28192239642367584,0.2051044219127817,0.2790375923383886,0.17318196671870129,0.265106319995651,0.2481298476128299,0.25697790279975374,0.2394984215294742,0.2637943201163233,0.2646514040711242,0.2518698642889511,0.2608240462073046,0.5919419382880454,0.6718536641073795,0.690243239020021,0.688717942324236,0.7146864214835142,0.6327787637280062,0.688717942324236,0.9999449462914086,0.9999504951502458,0.023755424050898002,0.06107977753752527,0.6494495159600121,0.89985665964539,0.8886756386767585,0.8717540389845906,0.8581175085732508,0.3989395870002299,0.3841034641689708,0.8505333309590313,0.0,1.0,1
2024-05-06,63747.2,65500.0,60220.2,61300.0,50.570584110552694,62.15307180233781,65.18364970808689,7259.408202485152,7815.819048208116,72142.71497939662,60094.68502060337,78161.95633713728,34962.65366286274,75673.87558046795,25094.877752865385,6955.267323769301,6048.967754208207,5327.005221925936,4953.118121952416,63434.07132648413,62564.40897814614,57368.52123539894,46007.47300637537,66118.7,56562.30500000001,41401.46,60.52848780363922,66.89715216740485,7.378346089404742,42.5553906360017,50.79003023976071,44.73621286719582,-39.47151219636078,-2.388535031847134,40.80915879735656,59.39681279691901,65056.0,54200.0,59628.0,49242.55,0.0,0.0,63685.55,65500.0,60220.2,62691.85,0,0.2629736527924946,0.2654930195546797,0.25770328520275043,0.2593465227861756,0.2625168216433485,0.2612369923025928,0.25322914048051653,0.23310353091573352,0.26636735867524697,0.2519270623953834,0.22363027581030628,0.2745031931841945,0.25751051306709877,0.28202087849545,0.20867542267308484,0.27898162010134964,0.18027786638506865,0.26486081905627,0.24801120026483953,0.2567904777041157,0.2392583679413553,0.26288387492849996,0.2654930195546797,0.25770328520275043,0.26142556689114255,0.505705841105527,0.6215307180233781,0.6518364970808689,0.6052848780363922,0.6689715216740485,0.5939681279691901,0.6052848780363922,0.9998748661163923,0.9999404071334964,0.01475562113318223,0.060718631516079806,-0.0794500274012147,0.8229778779080013,0.8847398305409871,0.8707808221127742,0.8580732192310949,0.3947197664327514,0.38228903882099746,0.8507974453518058,0.0,0.0,0
2024-05-13,61300.1,67984.0,60773.2,66152.4,63.02990710453875,67.37171317674533,68.79825304744577,7081.276066277795,7668.910451822053,71403.84076501206,60179.57923498792,78720.39841216599,36765.05158783401,76305.89080524669,26882.63586141997,6991.771991802258,6131.955771764764,5416.709735167558,5039.9520403388615,64340.180884322755,63216.77098211956,58205.081117741895,46797.470143380255,65791.70999999999,57742.725,42179.556,70.94281772190708,66.78103325265663,30.15489783450742,55.15300546371358,49.10160451454312,44.12769357055412,-29.057182278092924,-4.710157975175136,55.49172621286197,58.98694893273364,64554.75,54689.5,59622.125,49242.55,0.0,0.0,62523.6,67984.0,60773.2,64052.424999999996,1,0.2577397251735261,0.26733909312414383,0.2569423131158405,0.2647988831252508,0.2622203991200624,0.2605879368805036,0.25296200311470235,0.23307157581810936,0.2642909538461154,0.2522282625883464,0.2237410546911299,0.27191591699799644,0.2560362417278944,0.28105631843292456,0.21156194701578096,0.2781313164044533,0.18459172776795235,0.2625291878100797,0.24724286665261475,0.25517783280412454,0.23768053627409844,0.2595672100410842,0.26733909312414383,0.2569423131158405,0.2618047840660563,0.6302990710453875,0.6737171317674533,0.6879825304744577,0.7094281772190708,0.6678103325265663,0.5898694893273364,0.7094281772190708,0.9998413220026832,0.9999275129765754,0.06023678086432056,0.07862737238827627,-0.1557277667022363,0.9194530865775381,0.8852632321967423,0.872143209408274,0.8597428447043699,0.39140530338163754,0.3809496106185808,0.8525350240119274,0.0,0.0,1
2024-05-20,66152.4,71896.4,66020.4,68706.3,67.98504698296102,69.73693412848093,70.49128182460905,7064.745463080828,7548.0774540738075,71529.05984756054,60140.900152439484,79494.22449374825,38444.235506251745,77348.17070775428,28114.77595891239,6832.375992973364,6113.673216638709,5438.5807001595795,5072.107731095059,65795.55392288184,64214.86716718873,59205.197201766474,47656.639941679074,65834.98000000001,58969.229999999996,43031.1,78.40149497379501,69.95760016644711,91.47987647198633,77.57880739545502,48.077433775544584,43.819844836297136,-21.59850502620499,0.6337735230015659,55.52786341966943,56.54141739073275,64554.75,55227.0,59890.875,49242.55,0.0,0.0,63726.25,71896.4,63726.25,68193.875,1,0.26420805116305407,0.27196398904217867,0.26402254974929384,0.267730965336043,0.26370577601464507,0.2614500478857663,0.25394501557296983,0.23414043461879813,0.2637613939272924,0.25357723196358717,0.22495924064170617,0.2714855861904365,0.2553902499182613,0.28137797658908303,0.2149380116873048,0.278807504693003,0.18783982710165978,0.26193939225789675,0.2475560849193848,0.2550061153959041,0.23710376730446597,0.26074234171996186,0.27196398904217867,0.26074234171996186,0.2670339961110218,0.6798504698296103,0.6973693412848092,0.7049128182460904,0.78401494973795,0.6995760016644711,0.5654141739073275,0.78401494973795,0.9998377860714261,0.9999148416992364,0.18094524091673692,0.11037533879425346,0.021122641857296683,0.9196125645461901,0.8829574119313055,0.8718446607059425,0.8601457259702843,0.3893399331913875,0.38026510064367824,0.8531708873512122,0.0,0.0,1
2024-05-27,68706.3,70600.0,66652.4,67765.3,64.28145125181268,67.78711199343596,69.0419314197872,6896.218688917041,7417.705701042455,71807.26039946986,60185.11960053012,79627.78603474093,40836.073965259086,78103.9192941687,29541.294039164633,6420.265136834313,5958.953701164516,5367.5816191996,5028.857433745249,66452.13594858791,64860.40040951805,60020.445087312524,48445.21484592696,65996.18999999999,60231.93000000001,43856.886,73.80310744382024,74.38247337984079,76.19251195572565,69.78212925786863,47.12641808933166,43.527388538753,-26.196892556179765,2.4369191513033472,59.40538162794362,58.83324368282181,64554.75,56126.0,60340.375,49242.55,0.0,0.0,67429.35,70600.0,66652.4,68431.0,0,0.26852869118694966,0.2710645114478297,0.26570365028760223,0.2672442888990818,0.2654238779580992,0.26317191505464343,0.25599526747433676,0.2364004098184005,0.2647839787625548,0.25631985492330445,0.22742930006908008,0.2726482005931042,0.25624810096893763,0.28234107791517393,0.22105079952846646,0.2805246241261336,0.19277978275925567,0.26273362062624506,0.24982164857482614,0.2564858887722203,0.23788047136970758,0.2667817138499954,0.2710645114478297,0.26570365028760223,0.26815462916962785,0.6428145125181268,0.6778711199343596,0.6904193141978721,0.7380310744382024,0.7438247337984079,0.5883324368282181,0.7380310744382024,0.999796920415987,0.9998986750370659,0.15121635703800063,0.09935983296462593,0.08105244415070267,0.9350702652267946,0.8767370439082077,0.8692817991768236,0.8588319022111438,0.3873831258965118,0.3796104472627468,0.852314691950031,0.0,0.0,0
2024-06-03,67765.2,71900.0,67636.9,69684.9,68.38091774153452,69.65125280730918,70.34781685747028,6838.723140054608,7301.909188844886,71333.08912687357,60426.53087312643,79438.54110560143,43831.06889439856,79018.05030488447,30796.68302844887,6112.098688715126,5837.82129393848,5314.987256380571,4999.405224755048,67529.72396572528,65737.58215324204,60940.86936471133,49278.14367549845,65879.81,61634.80499999999,44643.261999999995,76.67031574095411,76.29163938618979,100.30440994267474,78.69990206087999,46.42368523891728,43.33845394278567,-23.329684259045898,-1.6426554051097664,67.40151919168622,55.6833909558245,64554.75,56126.0,60340.375,49242.55,1.0,0.0,68235.8,71900.0,67636.9,69246.75,1,0.2677910694695955,0.2733179191773787,0.26761459184933595,0.2703951015668141,0.2674669312796142,0.2649649645311952,0.2579430451557644,0.23847917270469213,0.26516582840406244,0.25898991623935574,0.2295531739944431,0.2725779773489632,0.2571599805958318,0.28266979513228113,0.22790356373044518,0.2821705630869952,0.19685196704569385,0.26327867107003744,0.250360862690751,0.25702820922942804,0.23841357403270808,0.2684357300733933,0.2733179191773787,0.26761459184933595,0.2698067044547924,0.6838091774153452,0.6965125280730917,0.7034781685747028,0.7667031574095411,0.7629163938618979,0.556833909558245,0.766703157409541,0.9997807416788598,0.9998817596167924,0.19796035193039488,0.11195711023878101,-0.05470052467012394,0.9583891003269583,0.8718189073970901,0.8672284222221492,0.8578474022610656,0.3859121792483016,0.37918523353525974,0.8517274233083283,1.0,0.0,1
2024-06-10,69684.8,70142.5,65075.0,66482.3,55.894417783793415,63.091375868564214,65.50719163656244,6460.264540346958,7133.5802591453,70573.67349056847,60615.86650943153,78294.47555287766,47428.02444712234,79392.37337049872,32391.92662950128,5962.870304612965,5782.798344371447,5303.202148933877,5002.024254572161,67180.58264381686,65872.98539810712,61468.62466331025,49952.816472537736,65594.77,62861.25,45361.058,58.21790735192442,69.56377684556627,24.657155803967967,53.537225014366136,45.02678646081531,42.76681085815517,-41.78209264807558,-4.111191400306052,58.46701340058256,53.84702170478257,64139.0,56126.0,60132.5,49267.0,0.0,0.0,68725.04999999999,70142.5,65075.0,67846.15,0,0.2703461013028859,0.27095705679151283,0.26397523021872504,0.265963550304979,0.2669356433774433,0.26510752168223994,0.25869177991551345,0.23966690888561323,0.2647142054890712,0.2607652326914628,0.2309415730304341,0.2715292091690537,0.2574005702409843,0.2812563847753206,0.234963719405534,0.28256583391303536,0.20116662688529208,0.2626305567176578,0.2503127741710016,0.2566612053713738,0.2384110927032705,0.26905274079100644,0.27095705679151283,0.26397523021872504,0.267853478920065,0.5589441778379342,0.6309137586856421,0.6550719163656243,0.5821790735192441,0.6956377684556627,0.5384702170478257,0.5821790735192441,0.9996368593960621,0.9998520101936533,0.04927437460996946,0.0763329725208937,-0.13618824569465313,0.9316159231359846,0.8693474929272078,0.8662815898841378,0.8576254643683529,0.3829223541375425,0.3778875787185598,0.8517797859482081,0.0,0.0,0
2024-06-17,66482.2,67267.0,63335.6,63693.5,47.1479947053638,57.97127013676375,61.629750495459106,5867.661768036436,6880.396560923528,70579.68601437032,60584.1539856297,76312.50781254396,51492.99218745604,79404.16517342435,34120.901493242316,5672.660261096827,5650.555605487772,5237.878237079883,4960.846398627078,66018.22176254458,65476.715325724,61680.517552518795,50491.66680694802,65581.92000000001,63902.75,46030.86,44.73354327819733,59.873922123691955,-38.653663547103164,18.757765138164576,43.253166100512075,41.96941394500074,-55.26645672180267,-0.20134123029676287,48.59612490813863,45.858150325015266,64139.0,56126.0,60132.5,49267.0,0.0,0.0,68083.55,68083.55,63335.6,65194.575000000004,0,0.26673242073538594,0.26782492846701167,0.26222813648573495,0.2627508071581167,0.2660808647880408,0.2653150297036037,0.2597749094040156,0.24139506655217388,0.26546427704215814,0.263055131317187,0.23300866288024108,0.27230929942900184,0.25811605644491153,0.2796241845289943,0.24318469169741125,0.28335763897536415,0.20640791811058698,0.2633976136822727,0.2510720192046825,0.25742459670697404,0.2391618176639605,0.268949105506912,0.268949105506912,0.26222813648573495,0.2649136715444655,0.471479947053638,0.5797127013676375,0.616297504954591,0.4473354327819733,0.5987392212369196,0.4585815032501527,0.4473354327819733,0.9991999225018291,0.9997925911538494,-0.0771536872790261,0.026790395197462347,-0.006711273579245987,0.8828317706003523,0.8643589737139197,0.8639686114649493,0.8563862677504206,0.37899269191883966,0.3760488558992493,0.8509533208235951,0.0,0.0,0
2024-06-24,63693.6,63793.1,58448.0,61911.8,42.22331112489867,54.90558634090062,59.27609796033038,5194.373991804139,6543.192047099651,70758.84710143141,59854.67289856858,74729.24725963462,54461.10274036538,79292.48876075285,35721.091239247166,5625.865938082994,5628.73734795293,5242.984035314174,4975.625383295268,64649.41450836306,64828.548902865085,61702.54445227891,50939.51516745987,65306.759999999995,64595.175,46663.58,33.83862781667534,45.596692815599035,-118.08848882038404,-48.30753940395634,40.42765834561303,40.562668093688664,-66.16137218332466,-4.2552665031532495,28.813044464279397,49.531211256475125,64139.0,56126.0,60132.5,49267.0,0.0,0.0,65087.85,65087.85,58448.0,61961.625,0,0.26247500743954516,0.26261980007771885,0.25452853642498635,0.2598459920186207,0.26385732033021936,0.264114274361152,0.25953265426336264,0.24192841262319678,0.26479701359872687,0.26377938766929915,0.23397301103445978,0.2722682371782171,0.2567221992266117,0.2773779653333565,0.24803612859732732,0.28294524829041073,0.21015963486342298,0.2631215295812383,0.25079873999463487,0.2571498287406123,0.2388915977649801,0.26448505544572337,0.26448505544572337,0.25452853642498635,0.2599204551204617,0.4222331112489867,0.5490558634090061,0.5927609796033039,0.33838627816675343,0.4559669281559903,0.4953121125647513,0.33838627816675343,0.9980377557048761,0.999674865450462,-0.2318815089888251,-0.0689014245891498,-0.14089855898006784,0.6768239845923525,0.86353078943908,0.8635818067816878,0.8564836800507136,0.37239487337488447,0.3727202362767321,0.8512507306444638,0.0,0.0,0
2024-07-01,61911.7,63798.9,53563.3,57250.9,32.01684080666871,47.78628037390293,53.64837141338257,4235.864492000437,6081.726536079808,71944.52657190124,57394.39342809876,73834.48714447781,55901.96285552218,79147.6589159396,36752.647750727076,6284.399375499709,5957.798965956293,5480.727652680166,5177.932099322373,62183.24300557537,63450.79455688961,61278.57831396664,51187.02045501046,64669.46,64868.225,47205.835999999996,19.23811312486305,32.60342807324525,-171.87480907967867,-125.67872907583191,38.2294393359441,38.67281556529481,-80.76188687513695,-10.016676123280718,10.544527021677972,43.65085604540244,62731.65,56126.0,59428.825,49267.0,0.0,1.0,62802.7,63798.9,53563.3,59131.200000000004,0,0.25616237499296296,0.258936491359713,0.24287361330827545,0.24896214535941885,0.25656630469844843,0.2584305435058115,0.25521419870355044,0.23874417887971489,0.26019069813354845,0.26047486439409673,0.23141910063003474,0.27009887629629725,0.24919173281901214,0.27251992777878464,0.2467776992611304,0.2790279621760439,0.20916096221475558,0.25737713774225146,0.24714382181201086,0.2523913236437783,0.23527840027132788,0.25748170745964183,0.258936491359713,0.24287361330827545,0.25192958765354373,0.3201684080666871,0.47786280373902934,0.5364837141338257,0.19238113124863052,0.3260342807324525,0.4365085604540244,0.1923811312486305,0.9929743752749431,0.9993985230342284,-0.3308207774425796,-0.17763642821652498,-0.32201105858970436,0.2924764183175002,0.8745984663237751,0.8692624223973218,0.8609175595344087,0.36694274684023853,0.3680666206681082,0.8552354155567985,0.0,1.0,0
2024-07-08,57251.0,60378.2,54301.3,60149.8,42.16176010164763,51.958664889725064,56.354483406538066,3667.8748327012436,5598.9561954040955,72071.14044721164,56548.299552788376,72333.0430868637,58245.376913136286,78922.49485496199,38182.66514503801,6254.756607571178,5966.3061826737,5509.116812076349,5212.507787809974,61505.42867038359,62850.61372836423,61171.07561739839,51538.50200579436,64309.72000000001,65289.21,47823.532,34.36159889817511,29.1461132799045,-139.78018846554383,-147.64488933042463,36.18823596982295,36.87745566332065,-65.6384011018249,-5.643228251593787,16.276210562129215,48.82899534509438,62731.65,56126.0,59428.825,49267.0,0.0,0.0,59581.3,60378.2,54301.3,58020.075,1,0.2483521429637631,0.25323729551526597,0.24351472681015823,0.2528884677611358,0.2549412747999743,0.25693744510141886,0.2544388706852631,0.23876123687350387,0.25905854445348303,0.26045759941178537,0.23199105972679468,0.26964213156120465,0.2472207896667727,0.2699804435733556,0.24993153716182753,0.2781361601851431,0.21192871309871456,0.2567625077608414,0.24653467502997867,0.25177929514355096,0.23467635458805475,0.2520148958774033,0.25323729551526597,0.24351472681015823,0.24957586375543067,0.4216176010164763,0.5195866488972506,0.5635448340653807,0.3436159889817511,0.291461132799045,0.4882899534509438,0.34361598898175105,0.9850768584085808,0.9988554001858708,-0.272498150586615,-0.2078481391057204,-0.1859198717844216,0.43417863877149715,0.8741257376028921,0.8694050878870907,0.86143411019361,0.3615992473895168,0.3634356097723036,0.8559008188006219,0.0,0.0,1
2024-07-15,60149.9,68184.2,60072.0,67761.0,60.3060008435772,60.81283931319895,62.405331219116256,3788.2307995443043,5236.8111162321375,72683.11151659202,57228.528483407994,72562.37104692274,58512.14895307725,79198.41017716717,39521.8764894995,6520.105663632437,6119.5843124827215,5633.073154358427,5324.034411355743,63590.61911358906,63743.411232298,61798.68746336045,52174.67839772399,64955.82000000001,65537.26,48596.788,77.42778144377124,43.675831155603134,26.081808809994964,4.429635497357264,34.422586989834095,35.88598204614612,-22.57221855622877,10.539967373572594,7.899681528662421,57.29370613177947,62731.65,56126.0,59428.825,49267.0,0.0,0.0,58700.4,68184.2,58700.4,64041.775,1,0.25094207515684885,0.26251660687989464,0.250823025676053,0.2619392254229142,0.2560637469610568,0.25628521363257456,0.25342912497491893,0.23795311976714886,0.2580253827812983,0.25884930024839026,0.23152853549716576,0.2684569073001913,0.24637758456587183,0.2683020060964685,0.24840888030104818,0.2764785751573353,0.21310010476169677,0.25480948945200205,0.24459930320492035,0.24983464964455276,0.23276383003953316,0.24870334342225356,0.26251660687989464,0.24870334342225356,0.2567162722385122,0.603060008435772,0.6081283931319895,0.6240533121911626,0.7742778144377124,0.43675831155603134,0.5729370613177948,0.7742778144377124,0.9872752949725851,0.9981456021969443,0.05211635591086508,0.006327966244566162,0.3375565185662347,0.22194902081919235,0.8782799220855306,0.8719412846844709,0.8636587932796186,0.3567349667232299,0.36078315885215195,0.8580174452783176,0.0,0.0,1
2024-07-22,67761.1,69398.3,63427.5,67998.3,60.75383004118269,61.05384477383228,62.57518302942069,3858.285978130247,4961.106088611759,73059.03946800738,57221.78053199261,72359.86474611778,58572.25525388222,79259.128058415,41158.11194158501,6441.633425970662,6108.9568615910985,5649.155385103264,5348.910010918984,65059.84607572605,64517.027371880176,62389.12675256422,52795.2125782054,65140.409999999996,65466.06,49368.758,78.7219074315444,63.503762591163586,56.42292195148578,42.903133246530025,32.980705944943736,35.04148215367972,-21.278092568455598,2.7903749523826935,-2.0512140911493857,59.72424258591446,62731.65,57692.6,60212.125,49267.0,0.0,0.0,63955.45,69398.3,63427.5,67146.3,1,0.26150724893607247,0.26372190834315506,0.25539680045209767,0.2618311663330589,0.2577424827786633,0.25696854216269693,0.2538755061157064,0.23860319967085192,0.2578568405261716,0.25831776153073654,0.23252938517726185,0.2685032514756935,0.24594041624012375,0.2676075378359309,0.24807577274679002,0.2761136470864609,0.21627105070497224,0.2543798906134558,0.24669005946076075,0.25060887371088103,0.2323432428571753,0.2561615015363231,0.26372190834315506,0.25539680045209767,0.2606627686989043,0.6075383004118269,0.6105384477383228,0.6257518302942069,0.7872190743154439,0.6350376259116358,0.5972424258591446,0.7872190743154439,0.9884034688501098,0.9973228444553912,0.11236927132949592,0.061213560217565105,0.09274519626843825,-0.05853911125288205,0.8770692652590787,0.871767499184466,0.8639438325550508,0.3525792891335332,0.3584670557135353,0.8584835019359612,0.0,0.0,1
2024-07-29,67998.3,69985.0,57176.3,59129.6,40.72184425006049,48.939732692571354,53.151678822863154,3161.7287992089114,4601.23063073119,72453.28239343436,55912.19760656565,72298.72319580801,57718.99680419201,78812.63211064614,42601.50122268719,7351.214365117709,6587.50994290602,5990.086081050727,5635.825010499024,63083.09738381737,63537.49512244741,62078.69563327239,53043.6199280797,64182.740000000005,65008.86000000001,50026.806,30.356061886817127,62.16858358737758,-46.94996344403018,-68.48428017057364,30.813344065903898,33.567439021853644,-69.64393811318287,-13.938605338957277,-13.393171006069707,53.64020117725231,62731.65,57983.4,60357.525,49267.0,1.0,0.0,67879.70000000001,69985.0,57176.3,63572.299999999996,0,0.25699650282870823,0.2596588163327411,0.24110045832265486,0.2441628351282242,0.25008810514189755,0.25074716960425114,0.24861570970296087,0.23429459490786972,0.2516756403738946,0.2528519331415237,0.22901654792763204,0.2628707032231886,0.23906741806384865,0.26267258038395763,0.24196074727299166,0.2706997828328144,0.21469895795123434,0.24957536549677065,0.24237721596810421,0.2460410434506454,0.22764212595508174,0.2568353063519728,0.2596588163327411,0.24110045832265486,0.25079747241508016,0.4072184425006049,0.4893973269257135,0.5315167882286316,0.30356061886817126,0.6216858358737758,0.5364020117725231,0.3035606188681713,0.9709037564789015,0.9956777986423091,-0.0936249187393247,-0.09752373077506246,-0.4338422895392809,-0.36501705313970395,0.8902756820998607,0.8793082493114627,0.8698027990375079,0.3459885826482262,0.3542912170247942,0.8637076244580222,1.0,0.0,0
2024-08-05,59126.6,62700.0,49111.0,58550.1,39.723370395943455,48.265831046834684,52.60812085735014,2533.7341000630404,4187.73132459756,71779.54342227007,54742.896577729945,72416.21085604248,56841.19914395751,78068.56890300332,44414.81776366334,8242.326598672322,7087.61637555559,6351.9391248102165,5941.716356249061,61572.09825587825,62630.69600927515,61742.638906294065,53259.56032305697,63261.22000000001,64628.704999999994,50676.208,41.41954451709157,50.16583794515103,-135.83080700670718,-164.15973629379764,29.985045856397416,32.31275939368747,-58.580455482908434,-13.598700219728983,-11.493170398408541,57.155616077170585,59626.75,60688.0,60157.375,49267.0,0.0,1.0,63563.95,63563.95,49111.0,57371.925,0,0.23934396983249254,0.24469024195568423,0.22262931648887596,0.23845402970539697,0.2430334197358351,0.24458922612405853,0.24328570235330918,0.22989450666858965,0.2455045254116798,0.24746130552505385,0.22543275793141432,0.2571130793071027,0.23236921317560003,0.25792891001114204,0.2357684949787476,0.2648941194409892,0.2137130344224693,0.24010968440895497,0.24171526290674233,0.24091569597612805,0.22291228053215298,0.24594102390527248,0.24594102390527248,0.22262931648887596,0.23661027686905692,0.3972337039594345,0.48265831046834684,0.5260812085735014,0.4141954451709157,0.5016583794515104,0.5715561607717059,0.41419544517091567,0.9340396346907545,0.9925104487049022,-0.26517029214702753,-0.23030725629893953,-0.4245996369571611,-0.31706105390488576,0.9017159254864284,0.8866245448937992,0.875667283910355,0.3433504696367709,0.3505940488573045,0.8689921606859183,0.0,1.0,0
2024-08-12,58550.0,61773.4,56089.73,58434.57,39.49811574890105,48.123559294253496,52.495742264211295,2003.6249300762356,3750.9100456932956,69902.27939669983,54370.094603300175,71691.74337739976,56324.25362260024,77021.7504098087,46582.11425685797,7876.804227433419,6987.334491587333,6320.116785533541,5931.791496393329,60526.25550391883,61867.76400758875,61427.58472474225,53462.501879015515,62136.187,64007.9985,51324.0334,40.912589407170124,37.56273193702628,-86.29863069930957,-107.41291159794994,29.215911804712828,31.120813746929606,-59.087410592829876,-16.14457364507949,-17.522029338576427,56.18914072940608,59548.0,61422.5,60485.25,49329.5,0.0,0.0,58838.35,61773.4,56089.73,58711.925,0,0.23860566068634093,0.24348365861224552,0.2347155171020136,0.2384264884930281,0.24162446017004643,0.24362293642343938,0.24297158348141273,0.23038718759304094,0.24401806148935434,0.24673084543035184,0.2267203107471853,0.2548221401036364,0.2319037107143856,0.2571544390961835,0.23509293662731903,0.26379544403140276,0.21807517313138178,0.24014152935624083,0.24296403454472232,0.24156273978937243,0.22317464157904032,0.23905184430881432,0.24348365861224552,0.2347155171020136,0.23885646331611624,0.3949811574890105,0.481235592942535,0.524957422642113,0.40912589407170125,0.3756273193702628,0.5618914072940607,0.40912589407170125,0.8706476495415777,0.9866304219257255,-0.17090356041321356,-0.15225389875078316,-0.4915881702288344,-0.4626120110719033,0.8971804492680489,0.8851997536677831,0.8751651178101898,0.34083686665785473,0.3469504223344495,0.868825012260948,0.0,0.0,0
2024-08-19,58434.57,65032.12,57793.59,64218.1,54.55040866385571,55.23701788004346,57.2912558057841,2026.82811678086,3406.0936599108086,69277.62913638656,54541.904863613425,71040.3878270011,56464.1491729989,75874.11126543419,49214.06673456582,7785.622194942932,7005.2770279025235,6363.850748127183,5982.050669608971,61756.87033594589,62295.09782439079,61693.34808429061,53884.29004062275,61909.76699999999,63752.268500000006,52092.0314,66.29119311948746,49.54110901458305,-20.267303325024695,-27.205592713595827,27.872432385379476,29.68377511982398,-33.70880688051253,-3.4057185145520004,-7.376894308169159,60.760768202254596,59548.0,61422.5,60485.25,49329.5,1.0,0.0,58492.285,65032.12,57793.59,61369.595,1,0.23766082542261882,0.24741160135046525,0.23666078792395023,0.2462587026802439,0.24268974882766803,0.24348117045856416,0.24259592971543897,0.2303350991960821,0.24291520911832937,0.24559291501364652,0.22729560420664813,0.2532181100134047,0.23142758153746956,0.25553333579314497,0.2345541953003095,0.2616200153728344,0.22221291834106544,0.23937453957610239,0.2421949102474567,0.24079466769565014,0.22242183290677944,0.23775038175069127,0.24741160135046525,0.23666078792395023,0.24211639066296953,0.5455040866385571,0.5523701788004346,0.5729125580578409,0.6629119311948746,0.4954110901458305,0.607607682022546,0.6629119311948748,0.8743406429444769,0.9789090763933284,-0.04051242104372281,-0.03884557568907453,-0.11303876444248338,-0.20770187654639355,0.8960162436991853,0.88545617444976,0.8758546061875603,0.33628872431697276,0.3423734017163401,0.8696685862284301,1.0,0.0,1
2024-08-26,64218.1,64479.22,57162.76,57293.29,40.481701796096594,46.93786896808222,50.83910315071427,1469.5029996203084,3018.775527852709,69009.18703469564,53530.304965304356,71238.20465899319,55613.461341006805,74373.9490844115,51676.2149155885,7718.599024236799,7027.504383052344,6409.213093454459,6033.374105393241,60269.01022396392,61385.6782199561,61274.29493340579,54017.97631353951,61269.746,63425.833,52708.9192,35.90455921716618,47.70278058127459,-59.13495941674989,-77.30654994589457,26.72200946478393,28.373830572234972,-64.09544078283382,-10.048450783831944,-10.229560339694775,53.30736618222524,59548.0,61422.5,60485.25,49329.5,0.0,0.0,61326.335,64479.22,57162.76,60788.342500000006,0,0.24547748843195444,0.2458484926276026,0.2348936722682616,0.23510000669676878,0.2396919451899754,0.24136212460425494,0.2411967775805925,0.22978936291343252,0.241190018934519,0.24434332247446044,0.2275853559258349,0.2520749027066397,0.22897395693583023,0.2550019806145597,0.23241154899534164,0.25897988491064705,0.22581169398642914,0.23859853169328682,0.2414167259774429,0.24001755628062565,0.22166028192246348,0.24127406440372928,0.2458484926276026,0.2348936722682616,0.24047217192117198,0.4048170179609659,0.4693786896808222,0.5083910315071427,0.3590455921716618,0.4770278058127459,0.5330736618222524,0.3590455921716618,0.7529224375036628,0.9649013288224434,-0.11772154256774545,-0.10999112144154197,-0.32296006491206164,-0.28422567762178197,0.8951517701804201,0.8857729214382972,0.8765647793270801,0.33222266632088915,0.33801041613649774,0.8705227417365101,0.0,0.0,0
2024-09-02,57293.29,59825.0,52535.5,54877.92,36.63671146366346,44.430353661460344,48.825258577202554,823.4267055529926,2579.7057633927657,69174.33170613427,51958.38429386575,71561.09630151086,54312.02169848916,73624.95175236065,52879.52024763934,7657.299163631542,7046.2183556914615,6451.131517575675,6081.6866398011925,58471.98014930929,60202.44945269135,60665.11636831953,54051.69959536149,60566.35800000001,62936.55900000001,53276.4816,25.30571767080608,42.50049000248657,-116.57414438595552,-137.7166333761078,26.328267864910057,27.517203831181114,-74.69428232919392,-11.361129865389158,-15.132950015000763,48.38650894519482,59548.0,61422.5,60485.25,49329.5,0.0,1.0,60755.695,60755.695,52535.5,56132.927500000005,0,0.23437870279388692,0.23829578374527438,0.22657458755815876,0.23049293932287376,0.2362214855717991,0.2388668528568371,0.23956243357542614,0.22912831333325326,0.23941436430872742,0.24290888338345934,0.22783076745194092,0.25156138130803224,0.22558515847969676,0.2546836536458153,0.22956028675607895,0.2573070809205848,0.22715976518989384,0.23787460684557948,0.24069075548787405,0.23929259420563068,0.22094994329056394,0.23969804640384745,0.23969804640384745,0.22657458755815876,0.23253078607941907,0.36636711463663457,0.4443035366146034,0.4882525857720255,0.25305717670806077,0.42500490002486574,0.48386508945194817,0.25305717670806077,0.49973369726743566,0.9378394074060916,-0.22901366448580357,-0.1942384353458813,-0.3615817222411184,-0.4073000482315758,0.8943545196778452,0.8860388258470856,0.8772165823038538,0.3307921619406411,0.3350507548354672,0.8713201758905562,0.0,1.0,0
2024-09-09,54877.92,60628.71,54591.47,59125.26,46.96999424587824,49.53567130333242,52.31304826731455,646.6769400523481,2193.0999987246823,69143.69763397881,52363.89036602121,71486.07732637829,53937.17667362171,73093.98677913428,53899.509220865715,7425.862140255607,6974.1484731420705,6431.422397691119,6079.977153654992,58689.74009953953,60006.59682492928,60518.46338086052,54250.66274848457,60753.79400000001,62711.627,53916.726800000004,47.61552908732141,36.27526865843122,-62.87945873865499,-83.5736590568911,25.79273131727202,26.622867123850718,-52.38447091267859,3.2739397983263157,-7.070676271023937,48.52408225310417,59548.0,60921.25,60234.625,49867.0,0.0,0.0,56085.604999999996,60628.71,54591.47,57305.840000000004,1,0.23051824769240165,0.23953342482760526,0.23004722561917784,0.23725388518008517,0.23658372294391708,0.23859646710639887,0.2393680223526052,0.2294839160746754,0.23972075706360813,0.24260807664938633,0.22892886882589356,0.2515465067364181,0.22630658256679484,0.25461289508672985,0.22896294801341033,0.2566646568203287,0.2289001671656635,0.23790011476852269,0.23997099966009472,0.2389409178238136,0.22194034673119267,0.2324800566665591,0.23953342482760526,0.23004722561917784,0.23442391938681562,0.4696999424587824,0.49535671303332424,0.5231304826731455,0.4761552908732141,0.36275268658431226,0.48524082253104167,0.4761552908732141,0.4062551806965895,0.8980532417906425,-0.12510011294914575,-0.11882688337328386,0.10870014209107905,-0.1993151996879829,0.8912858725527937,0.8850108892934994,0.876910647998536,0.3288130631225374,0.3318643948670812,0.8712920678108447,0.0,0.0,1
2024-09-16,59125.26,64144.41,57471.2,63581.2,55.79374829269027,54.2812232057988,55.64321729020282,856.2878424087976,1925.7375674615055,69639.25623249455,52554.61176750544,71474.1566142885,53932.49738571151,72437.14558607363,55346.423747259694,7318.340405933378,6952.652867917638,6442.936093039162,6102.79380159134,60320.22673302636,60656.524674942135,60810.15258268333,54616.56617011262,61096.933999999994,62703.327000000005,54629.8528,69.32164415061798,47.41429696958182,24.068630299267703,-15.941555886026816,24.57711060278913,25.430605660867744,-30.67835584938202,5.704757123049443,-0.2604035941970785,56.795142528869384,59548.0,60921.25,60234.625,49867.0,0.0,0.0,57001.59,64144.41,57001.59,61080.5175,1,0.23691429828322189,0.24432738372955726,0.23434578176419193,0.24352239806376325,0.23872970246060582,0.23923472235914783,0.2394645800271415,0.22975159257913252,0.2398922530359308,0.24225460395315093,0.2297734722175432,0.2518586822246732,0.2262967167701198,0.2542523685753578,0.22861859091732611,0.25548606108211175,0.23094644362058897,0.23756030255036645,0.23963047511354288,0.23860074575435025,0.22160654822183884,0.23360435744201843,0.24432738372955726,0.23360435744201843,0.23986782063703407,0.5579374829269027,0.542812232057988,0.5564321729020282,0.6932164415061799,0.4741429696958182,0.5679514252886938,0.6932164415061799,0.5159895307630239,0.8575007031660091,0.04810011387502537,-0.02276971497965855,0.18789918267745537,-0.0074399654117723365,0.8898275494416298,0.884702239298961,0.8770894826966366,0.32416978344458663,0.32745226440126524,0.8716665791527282,0.0,0.0,1
2024-09-23,63581.2,66586.26,62560.0,65601.78,59.370257103040515,56.28855334851052,57.07062263587835,1171.940511293098,1774.9781562278242,68826.9747872259,52935.0492127741,71751.80377797353,54085.02822202648,72542.00208630487,55428.35258036178,6848.043205085752,6743.624805923521,6327.856279084916,6022.927116914749,62080.74448868424,61555.66200677083,61266.49805099921,55047.35886932389,60881.012,62918.416000000005,55397.9924,79.00153300756922,65.31290208183621,99.48907850228682,40.03245737447489,22.985768933150883,24.24477997360188,-20.99846699243078,-3.186523221322001,7.017585644371939,56.58145272357313,59548.0,60921.25,60234.625,50142.5,1.0,0.0,61353.229999999996,66586.26,61353.229999999996,64582.31,1,0.2447250490045286,0.24895180849409426,0.24324702547165106,0.24758667127145517,0.24254577534215854,0.2417717830746279,0.24134297213619593,0.23164520569553515,0.24076844728782829,0.24376826701088206,0.232217711267572,0.2519911427104983,0.22812515513316978,0.2558243209537404,0.23005688279557762,0.2568352033324156,0.2322671287618039,0.2387559040327658,0.24082857215524425,0.2397976079393193,0.2232728018551858,0.24147178301648403,0.24895180849409426,0.24147178301648403,0.24615309486803855,0.5937025710304051,0.5628855334851052,0.5707062263587835,0.7900153300756922,0.6531290208183621,0.5658145272357313,0.7900153300756922,0.653448614383883,0.828495228804731,0.19639308742314396,0.05712695844431461,-0.10581978168074259,0.19785814544860708,0.8831864243410706,0.8816501141582991,0.8752874816204136,0.31774606933582616,0.32286194006302704,0.8703494670620806,1.0,0.0,1
2024-09-30,65601.78,65634.62,59861.28,62824.8,52.552903591311505,52.85390210475872,54.53798882643145,1184.3658158458347,1656.8556881514264,66945.20664024811,53782.11735975188,71459.96530076332,54044.106699236705,72087.74143747053,55442.77989586282,6694.514175787786,6674.318748357555,6301.450741985635,6013.3276124180275,62328.76299245616,61786.41436917613,61414.90776042786,55352.356560722954,60363.662,62752.03600000001,56057.3724,65.69799750886271,71.3403915556833,44.56142277773231,3.235448661001747,21.969867172885085,23.19289782394419,-34.30200249113729,-7.608278442255173,-5.030202985832701,57.030413162825255,57848.63,60921.25,59384.94,50142.5,0.0,0.0,64591.49,65634.62,59861.28,63480.619999999995,0,0.24773277772884397,0.24777862346419238,0.23937747757018618,0.2437779497256904,0.24305475628582135,0.2422580114763711,0.24170855780463466,0.23228725146335916,0.2401372179846993,0.24367219077127075,0.233429578355766,0.24959129812314074,0.22969512124272873,0.25559549948024235,0.23013230682948546,0.2564025470376571,0.2324344946361526,0.23627455669738984,0.2409737414209448,0.2386517494411362,0.2234152187712705,0.2463120105713123,0.24777862346419238,0.23937747757018618,0.24472613894710524,0.5255290359131151,0.5285390210475872,0.5453798882643145,0.6569799750886272,0.713403915556833,0.5703041316282526,0.6569799750886272,0.6581694601031082,0.8021347406565735,0.08888762877678671,0.004622036601429686,-0.24830842931441513,-0.14273865828012486,0.880919305514461,0.8806172234691262,0.8748693843400535,0.3134183234049768,0.31860591117400283,0.8701899837026195,0.0,0.0,0
2024-10-07,62824.8,64470.19,58941.85,62867.12,52.64957331533058,52.90106833912394,54.57024867728598,1183.9796491467423,1562.2804803504898,67419.9079054765,54054.92009452348,70730.44998949934,54189.704010500674,71741.71756081462,55428.37177251872,6527.91786496096,6592.463123474873,6264.635944748224,5994.6742427096415,62508.21532830411,61982.90630205319,61553.21368800616,55647.0531661848,60737.41399999999,62460.077000000005,56622.914800000006,65.9007377598927,70.20008942544155,23.65906896301649,-3.5188984658032587,21.18099283891591,22.276151235307452,-34.0992622401073,6.320895118519328,-8.498754844897775,55.76634296200784,59560.88,60505.5,60033.19,50391.1,0.0,1.0,64213.29,64470.19,58941.85,62275.99,1,0.24406153119003088,0.24642427572102538,0.23825387938081838,0.2441230065116899,0.24360044790573526,0.2428306504103103,0.24219653483230535,0.23304675853743487,0.2409814471497723,0.24353015123590294,0.2346174764923516,0.25052511339182654,0.2304299344246997,0.25493577708530385,0.23065413723449302,0.256245206186604,0.23269136581577957,0.23920264906975058,0.24063331190099216,0.23992053895872284,0.22413454481099748,0.24605903065079887,0.24642427572102538,0.23825387938081838,0.2432608712186016,0.5264957331533058,0.5290106833912394,0.5457024867728598,0.659007377598927,0.7020008942544155,0.5576634296200784,0.659007377598927,0.6580235125163648,0.7784877164399382,0.04728285432474644,-0.005026955463455562,0.2076330726451612,-0.23815906062299289,0.8783996491073955,0.8793834001371701,0.8742835369720243,0.30992357437209334,0.31474292842517243,0.8698793528645481,0.0,1.0,1
2024-10-14,62867.12,69416.47,62450.0,69035.9,64.83398174270458,59.29377257759743,59.02085819197698,1662.280861571715,1582.2805565947351,69903.25065937518,53668.737340624815,70973.58549413596,54073.62850586405,72022.39155574326,55339.87777759007,6590.568169966537,6619.177900369526,6298.056614045927,6032.051002605424,64684.110218869406,63265.26879258897,62265.85047962462,56172.10598319716,61785.99399999999,62523.607,57303.006799999996,95.45319536265208,75.68397687713583,124.56696686265153,101.73705256421866,19.844303796006532,21.381215252417494,-4.5468046373479245,17.90910690161075,1.8750009223009285,64.92552231856861,60975.985,60505.5,60740.7425,51724.6,0.0,0.0,62845.96000000001,69416.47,62450.0,65942.3725,1,0.24355570600457055,0.2526363496661571,0.24294845957644923,0.25213066307130017,0.24615870494765485,0.24413191440449206,0.2426791955091765,0.23333347440721058,0.24197412240064953,0.24305588549244428,0.23513519255748752,0.25327945977995725,0.22922581393815994,0.254679153442198,0.22990172520400914,0.25603194787220673,0.23198654586124118,0.24077254665270892,0.24006793790137998,0.24042086286762623,0.2259151425637757,0.24352498974247488,0.2526363496661571,0.24294845957644923,0.24792237407677575,0.6483398174270458,0.5929377257759743,0.5902085819197698,0.9545319536265208,0.7568397687713584,0.6492552231856861,0.9545319536265208,0.8034206760733901,0.7836862268516592,0.2441043747257577,0.14432387478064648,0.5348901430080744,0.05352026543211595,0.8793546561246728,0.8797877521737579,0.8748155157364668,0.3037080711686801,0.3108222002232487,0.8705008132342608,0.0,0.0,1
2024-10-21,69035.9,69555.0,65250.68,68024.08,61.79128582905042,57.90547724972814,58.041567688135615,1937.3599213169582,1653.2964295391798,71305.5628070753,54184.32719292471,70636.22158567539,54244.91041432462,71662.00785556619,55511.95347776715,6263.961288542747,6453.830907485988,6203.1167752818355,5965.599810197524,65797.43347924628,64130.50719393643,62814.25329108894,56636.88927797374,62744.94500000001,62440.566000000006,57920.646400000005,90.60592124173614,83.98661812142699,129.56603151431426,122.21500564323756,18.628370282679978,20.543408328318602,-9.394078758263861,16.410679500165745,-2.3833283824759635,68.11809649524551,61045.25,60505.5,60775.375,53897.05,0.0,0.0,65951.51,69555.0,65250.68,67966.415,0,0.25314985053743755,0.25383958587763955,0.24797118358700665,0.2517916016022791,0.24873598813456893,0.24638576521760375,0.24449012637939652,0.23507954336761583,0.24438930727055336,0.24394533585584818,0.23710944935078687,0.25613112225673473,0.2310830623407985,0.25526112490465713,0.2311837320091909,0.2565913527375847,0.23326625155695818,0.2418844938314856,0.24107576584488738,0.24148094738715392,0.2306043162805993,0.24895045977482483,0.25383958587763955,0.24797118358700665,0.2517136346711009,0.6179128582905042,0.5790547724972814,0.5804156768813562,0.9060592124173614,0.8398661812142698,0.6811809649524551,0.9060592124173614,0.8595380264534284,0.8012870221338619,0.25348354284395,0.1728402134918278,0.4982854246221558,-0.06799004048482393,0.8742727688307527,0.8772584107350644,0.8732968346698564,0.29769759830731496,0.3070069891723269,0.8693932498103132,0.0,0.0,0
2024-10-28,68024.08,73646.96,67474.03,68770.4,63.2744616526253,58.674079790027406,58.57391012188444,2190.3350260026345,1760.7041488318707,72479.70132133854,53920.64867866147,71032.15528554388,54077.786714456124,71592.2802603737,55544.19440629297,6250.956818750927,6433.766556951276,6201.679309792225,5973.574048266849,66788.42231949752,64974.12406776616,63381.50535860428,57112.71322785713,63200.175,62554.971000000005,58557.278399999996,80.12484532905984,88.72798731114936,167.24918911398564,163.23180824542152,18.21756726663864,20.102879638360243,-19.875154670940166,7.088811409867304,3.4416679326677793,62.06368805678421,63091.23,61378.98,62235.105,54127.05,0.0,0.0,68529.98999999999,73646.96,67474.03,69478.8675,1,0.25166879743255205,0.25899266086877837,0.2509226865588798,0.25267231779566673,0.24998483746576242,0.2474597543005407,0.24518939708225357,0.23571580122690583,0.2449276025313419,0.2439904958173579,0.23797980256427778,0.25751578130284053,0.23052346355120062,0.25565344096925513,0.23078547924385373,0.25637818922296246,0.23319806347183572,0.2447699836614759,0.2422595407834935,0.24352263991992662,0.23086748086601894,0.2523501547489609,0.25899266086877837,0.2509226865588798,0.2536157128182593,0.632744616526253,0.5867407979002741,0.5857391012188444,0.8012484532905984,0.8872798731114936,0.620636880567842,0.8012484532905984,0.8976959685947574,0.8254874283945072,0.32255695960864605,0.2290515745122172,0.2319919652367345,0.09801764734166253,0.8740649784727836,0.8769470842286149,0.8732736624425353,0.29558248225154266,0.3049409506921723,0.8695268085265534,0.0,0.0,1
2024-11-04,68770.4,81518.0,66830.44,80355.85,78.43499325532763,68.3385753123809,65.67275800897549,3287.76925302414,2066.117169670325,78491.21823426883,52521.643765731176,74885.9719275534,51890.2050724466,74156.20950706025,54082.521826273085,7456.185844643651,7023.323231454756,6605.768866468785,6308.727354102739,71310.89821299835,67770.80150999049,64998.109610165775,58024.20878754901,65506.431000000004,63388.0885,59412.7554,96.41389206035734,89.04821954371778,203.40768600209597,233.33544655598294,18.93458945880019,20.263018033591525,-3.586107939642652,40.25350961692025,26.16020473046701,67.94172690940015,68054.735,65314.5,66684.6175,58092.0,0.0,0.0,68397.23999999999,81518.0,66830.44,74368.6725,1,0.2476608619705288,0.2633431897030559,0.24504300593165257,0.26201112655395853,0.2509886332941598,0.2463205261427162,0.24250582438604482,0.23221377571891716,0.24321616038450075,0.24022206640730417,0.2343491885537477,0.2598360932086507,0.2232724268135143,0.25549159961896717,0.22219330423181333,0.25458875535310255,0.22589102442602976,0.24670307547555526,0.2429485456681201,0.24484343015457463,0.23231909583003102,0.24716260041420143,0.2633431897030559,0.24504300593165257,0.25485245156154196,0.7843499325532762,0.683385753123809,0.656727580089755,0.9641389206035734,0.8904821954371778,0.6794172690940015,0.9641389206035734,0.9753492296997763,0.8803703030174347,0.38576530744064674,0.3215154443545694,0.8720999930520343,0.6336158694554737,0.8916933389406188,0.8857134152401759,0.8795849988289278,0.29924563866307996,0.30569693211449556,0.874984774606018,0.0,0.0,1
2024-11-11,80355.85,93271.57,80210.39,89852.56,84.5387570868215,73.75640072945929,70.08493960874745,4867.687245670342,2626.4311848703287,86655.61396096961,51352.17603903037,81034.19500953762,48536.05799046238,78603.4820030611,51314.52666360555,8256.899295408844,7454.598714922274,6913.1693966369385,6568.437071252634,77491.4521419989,71785.66668999221,67365.20012348332,59272.379423331404,69003.89499999999,64785.1265,60418.1246,91.60692231724856,89.38188656888856,250.08739667365174,298.6608121964556,20.73344893300449,21.070401018325548,-8.39307768275145,63.73171577931526,45.129942918797376,68.16808797045798,75371.38500000001,71191.285,73281.335,64458.285,0.0,0.0,74563.125,93271.57,74563.125,85922.5925,1,0.2582761560708312,0.27212930599486773,0.25810867486622613,0.2686448074343092,0.2549253596129346,0.24789624292294193,0.24208919806792428,0.23049640419871956,0.24428143228074645,0.23853713721143208,0.23222161117045567,0.26527298311875946,0.2176797417990743,0.25905351285770345,0.2126955377400534,0.2562395875681163,0.21761471897719437,0.2523709185166442,0.24713476704609452,0.24978711046972052,0.23807802579354026,0.2513796144652246,0.27212930599486773,0.2513796144652246,0.26448357467093825,0.845387570868215,0.7375640072945928,0.7008493960874744,0.9160692231724856,0.8938188656888856,0.6816808797045798,0.9160692231724855,0.9969682628260478,0.9414840317830782,0.46225461198742795,0.40252482639354753,0.971838922402333,0.858976379117614,0.9018925511579822,0.8916720534493541,0.8841328120707462,0.3078852499253626,0.3094237390394711,0.8790183426111063,0.0,0.0,1
2024-11-18,89852.56,99593.2,89355.57,97927.53,87.92823876755736,77.31150728945043,73.1644521291005,6694.199664459593,3439.9848807881817,96271.1745900751,49497.06940992491,88168.83418949535,45469.08181050468,84147.60511763961,48057.31221569373,8539.860824636151,7653.386663856397,7071.477044416131,6709.559876204455,84303.47809466594,76538.73274635726,70275.8982069611,60788.26768123998,72884.122,66818.95800000001,61497.6752,96.46036674125595,94.82706037295395,223.5694785931452,285.4998439042991,22.856966660241564,22.117868089567402,-3.539633258744049,65.62722937708857,71.04976515653028,71.6162557012846,79267.525,74352.1,76809.8125,68156.6,0.0,0.0,85104.205,99593.2,85104.205,94182.215,1,0.26666531739147864,0.2762757891485973,0.26614930410320653,0.27469647198936475,0.2607469414046798,0.2518294262999518,0.24400831913429227,0.2308562056413977,0.24734013596731602,0.2394139972670192,0.2319017288771609,0.2731008570105594,0.21255013521585503,0.26490626525420147,0.2051139891456248,0.2605755301315293,0.2099552130672845,0.2550547449207807,0.24916767415086602,0.2521545252840945,0.24121686277605298,0.26162288739587486,0.2762757891485973,0.26162288739587486,0.2710515049844663,0.8792823876755737,0.7731150728945043,0.731644521291005,0.9646036674125595,0.9482706037295395,0.716162557012846,0.9646036674125595,0.9997341518574729,0.9798315293484596,0.4195443887749416,0.38665150110107394,0.9751403474020428,0.9660864815928725,0.9052617080840447,0.8943034182590038,0.8863966057418052,0.31720762778353123,0.3140605828893663,0.881143766556155,0.0,0.0,1
2024-11-25,97927.53,98870.0,90777.61,97192.64,85.92813520080757,76.29850285863816,72.4517440957179,7990.317033431682,4350.051311316882,102769.00911335582,49721.52288664419,93524.91401949721,43817.2859805028,88402.11373317067,46032.49960016268,8475.936421116701,7684.744045009511,7120.091947062983,6762.745650196592,88599.86539644397,80293.98861065594,72839.39742534576,62215.89012511292,76245.266,68671.1,62599.988,94.89868820618094,94.3219924215618,159.62432855145678,215.32850787584957,24.828804549818848,23.112961807247164,-5.101311793819073,52.86380250765951,61.58431116977944,71.97883046196954,79267.525,74352.1,76809.8125,69055.6,0.0,0.0,93890.045,98870.0,90777.61,96191.945,0,0.2739577266476028,0.2748539445722806,0.26688372276083105,0.27325328541032345,0.26462576150189127,0.2555131055193511,0.2465612046682099,0.23223678613429094,0.2507508160178859,0.24118270867337835,0.23279207753186554,0.27847855361905743,0.21225331975410716,0.2696613684332705,0.20121278977360416,0.26441817806645507,0.20549921657153591,0.25432702497607795,0.24844370291436063,0.25142862455469406,0.2416911321546557,0.27002479091171766,0.2748539445722806,0.26688372276083105,0.2722860025981313,0.8592813520080758,0.7629850285863816,0.724517440957179,0.9489868820618094,0.9432199242156181,0.7197883046196953,0.9489868820618093,0.9999527771407148,0.9939635791003897,0.3088273949653367,0.29826322867872235,0.9427400652678545,0.9424529225524693,0.9045104392417096,0.8947122469114326,0.8870816355998608,0.3251490324574044,0.31827495302411746,0.8819332105851447,0.0,0.0,0
2024-12-02,97192.64,104285.37,90804.06,101112.48,87.67304405440424,77.95754654741465,73.87692852705926,9227.42964976671,5325.526979006847,109038.53788904265,50554.13411095734,98920.34347525515,41757.00452474484,92839.80504171146,44248.97362495519,9190.989789528601,8098.784470365974,7423.007092440936,7021.151971342876,92770.73693096265,84079.16886326394,75532.07195626521,63741.24659079477,79796.336,70338.674,63751.55560000001,93.86879619214503,95.07595037986063,135.2766410942279,182.32639697444955,27.018438619035408,24.28227036453777,-6.131203807854976,54.130695843923746,49.21928542967193,72.65957834729664,81613.61,76698.185,79155.89749999999,71401.685,0.0,0.0,97560.08499999999,104285.37,90804.06,98348.6375,1,0.26975171780729607,0.2763360551633041,0.26342550318794483,0.2734440492269585,0.26541596034336257,0.256303402298771,0.24645159207877762,0.23104004628073865,0.2514880772640377,0.2399540298490737,0.23105461370433425,0.28051773234667887,0.21041661115007018,0.2713959708936773,0.1938355296808579,0.26548514855171235,0.19881809324391736,0.2535596824912382,0.24785426748925551,0.2507476591730362,0.24131878697831324,0.27010368536245283,0.2763360551633041,0.26342550318794483,0.27085486645582335,0.8767304405440425,0.7795754654741465,0.7387692852705926,0.9386879619214503,0.9507595037986063,0.7265957834729665,0.9386879619214503,0.9999909259955787,0.9983523078114914,0.26413959049117625,0.25473160962567154,0.9472553117113522,0.8866984196173398,0.9126087708728214,0.8999592731709722,0.8912474229805145,0.33328628155530704,0.32301033739698987,0.8856824998667768,0.0,0.0,1
2024-12-09,101112.48,105358.34,94052.54,104486.9,89.03819521250132,79.30078001085221,75.04393474127636,10360.706034077448,6332.562790020967,114200.16354567728,53724.928454322726,104345.74603558454,39980.46196441547,97303.5018946411,42340.91010535888,9493.105533881657,8327.857008196976,7607.901992800892,7185.946126291226,96676.12462064177,87789.66543357958,78289.67462709709,65339.115351940076,83962.546,72163.104,64990.4136,98.28344745303383,95.68364395045326,119.71426961781302,156.75329048937334,29.118983324056156,25.435532791266425,-1.716552546966166,66.31473558212679,53.661047408538145,76.0210892871194,83904.17,77234.67,80569.42,71938.17,0.0,0.0,99152.56,105358.34,94052.54,101252.565,1,0.27127634297386927,0.275121960701271,0.26453517906230517,0.27434463884441407,0.2670936584458955,0.25814929465937,0.24761040062699494,0.2311804986064308,0.2540362766589289,0.24017292845915086,0.23069853730428608,0.28268492625944963,0.2137284531691102,0.27421815935227195,0.18815547545982256,0.26769588988041126,0.19303878809557798,0.25397221119820534,0.2463684447046695,0.2502425821286508,0.2398890518176054,0.2694500268263127,0.275121960701271,0.26453517906230517,0.27140561029791904,0.8903819521250133,0.7930078001085221,0.7504393474127636,0.9828344745303383,0.9568364395045326,0.7602108928711939,0.9828344745303383,0.9999979975287853,0.9995694663889862,0.23495590839573544,0.2202637323234563,0.9762408108652318,0.910965977295054,0.9158426414899667,0.9027481511844275,0.8937074155662618,0.3405155648180605,0.3274709044251338,0.8880021621446362,0.0,0.0,1
2024-12-16,104486.9,108374.89,92270.71,95184.49,65.65373037449908,67.15202657568514,66.45109501465983,10388.457320542235,7143.741696125222,114487.19472258906,59901.37127741096,107052.78391006854,40878.91308993145,99647.95790224193,41761.666764424735,10437.544743327133,8883.30865046862,8012.486659810373,7528.955121433872,96178.91308042785,89134.17899111056,79898.70466261165,66509.5222008836,87194.28300000001,73965.8485,66010.5794,74.08753667956097,88.74659344157993,88.45654092395638,119.56270261144027,31.25696036973468,26.64913807817901,-25.912463320439038,51.40583821877001,60.976042455893506,69.43679392712201,86812.785,78742.945,82777.865,73446.445,1.0,0.0,102799.69,108374.89,92270.71,100079.2475,0,0.269988415477047,0.27340046559044506,0.2584408557725457,0.26131867547456805,0.26228217169238016,0.25524758198916636,0.24520554360063024,0.22858286517952506,0.2532203086709929,0.23817829888782227,0.22790668761663796,0.278539714165336,0.21923385932033784,0.2722532176219307,0.1860906096770955,0.2655724591767844,0.18789775674248405,0.2528167452809746,0.2438747668042381,0.2484456714850361,0.23753891362513882,0.26847073243699726,0.27340046559044506,0.2584408557725457,0.2659740607273662,0.6565373037449908,0.6715202657568514,0.6645109501465982,0.7408753667956097,0.8874659344157994,0.6943679392712201,0.7408753667956097,0.9999980702695185,0.9998540015787225,0.1750902102413545,0.16916200966332637,0.9370789637531511,0.9404780959723713,0.925326045931899,0.9092041926696796,0.8988881233717747,0.3473733845372956,0.3319594554903048,0.8926644360807238,1.0,0.0,0
2024-12-23,95184.49,99980.75,92517.83,93740.11,62.67207175966864,65.47477222253487,65.2333232329398,10176.591606854621,7750.311678271102,114276.47967352203,65052.92832647797,109087.5604075652,42363.13759243481,101642.30280508916,41498.9758615775,10012.598351423256,8781.852318292289,7986.31681886702,7526.415309071031,95365.97872028523,89971.62099272682,81216.93374236292,67577.38838908424,89664.704,75725.349,67035.1556,70.39474003621869,80.92190805627116,63.25430161420067,91.14416965114401,33.242224769293315,27.802063100745965,-29.605259963781307,35.784584542245426,60.10239094382418,62.976303945529104,87602.66500000001,78742.945,83172.80500000001,73446.445,0.0,0.0,99835.695,99980.75,92517.83,95355.795,0,0.26134994234744663,0.26591386254946975,0.25871936673356866,0.25993370317083553,0.26152648500800396,0.25614133634169894,0.24673296113922216,0.23004523320420361,0.2558260468269723,0.24034504476481322,0.22932063653252066,0.2783985249433718,0.22662614845304924,0.27404502531926156,0.18913927462575894,0.26744756842264594,0.18739194771645087,0.2536815835554399,0.24390556241843822,0.24891298868226594,0.2375695166725683,0.26577884555216424,0.26591386254946975,0.25871936673356866,0.26151658707105857,0.6267207175966863,0.6547477222253487,0.652333232329398,0.703947400362187,0.8092190805627116,0.629763039455291,0.703947400362187,0.9999974403573739,0.9999349682041161,0.1258379967483105,0.1294750930319162,0.8314512547230353,0.9375263407011406,0.9211699283380028,0.9080556499280966,0.8985610164947637,0.3533459524901416,0.33604470200187725,0.8926307009421928,0.0,0.0,0
2024-12-30,93740.11,98988.01,91514.06,98372.94,68.09430726196572,68.21688809330553,67.25434785953439,10264.197881237793,8253.088918864441,112995.01008731808,72404.16991268191,111484.30067271921,43960.23432728079,104085.65875191221,40968.15591475446,9649.934301219933,8688.430724128553,7961.9183989209705,7524.3974125683,96368.29914685682,91499.13353950376,82850.83910023312,68785.0570797084,92699.59,77722.2675,68170.0664,79.76667022703845,74.74964898093937,58.91022740288825,83.8561936788407,34.82760311437874,28.77564294955563,-20.23332977296156,44.6148775551246,68.34716162025322,64.1050379639819,87602.66500000001,78742.945,83172.80500000001,73446.445,0.0,0.0,94462.3,98988.01,91514.06,95653.78,1,0.2599585249445195,0.265011075052566,0.2577357504052342,0.2644319380458111,0.26252078732904616,0.2577206778911716,0.24858195681267808,0.2316646113336942,0.25892568259707793,0.24273982647736672,0.23085542951491572,0.27736600686880847,0.23629825979948063,0.27610458542295246,0.19231326209527544,0.2696860425523853,0.18632595171476835,0.25370627676605595,0.24393003777848749,0.24893757828770086,0.23759383902878956,0.26066916578908195,0.265011075052566,0.2577357504052342,0.2618306642141771,0.6809430726196573,0.6821688809330553,0.6725434785953439,0.7976667022703845,0.7474964898093936,0.641050379639819,0.7976667022703845,0.999997722543102,0.9999667344426759,0.1172782839513643,0.11922478609874988,0.9028013054996125,0.9605347532422277,0.9174810008425665,0.9069862706807343,0.8982550844675234,0.3578718633025042,0.3393690708612109,0.8926038900523992,0.0,0.0,1
2025-01-06,98372.94,102734.03,91200.0,94552.84,59.745493056660166,63.72264949208926,64.03164155961676,9911.12703773471,8584.696542638496,107833.55256283545,82722.11543716455,113163.2442941215,45314.76470587849,105901.2524561218,41023.93154387821,9919.090829617086,8891.687815262228,8132.018951353305,7678.614050546442,95763.14609790455,92054.35289595762,83965.3153764014,69795.55837070022,95277.834,79239.0045,69222.0552,72.03884284680854,74.06675103668856,51.81296050328625,74.04296815058285,36.56603767635029,29.85881242896419,-27.961157153191472,37.490606423693926,47.23705621935249,58.57299946726188,94292.64,78742.945,86517.79250000001,73446.445,0.0,0.0,96056.525,102734.03,91200.0,96714.95249999998,0,0.2625486266139406,0.2665785588022462,0.2555453908426155,0.258880033128719,0.2600569681742587,0.256405721505484,0.24794716669097974,0.23115055530295728,0.2595866995643331,0.24265216881310497,0.23040755106358005,0.27109367943522295,0.2465813268214005,0.27560436662500065,0.19317279079178787,0.2694067190418423,0.18472922309493184,0.25862518818249464,0.24207981020256625,0.2506942965127009,0.23575528342138927,0.26034018420783417,0.2665785588022462,0.2555453908426155,0.26097289817648084,0.5974549305666017,0.6372264949208926,0.6403164155961676,0.7203884284680854,0.7406675103668856,0.5857299946726188,0.7203884284680854,0.9999963533101531,0.999978621516071,0.10325658418590186,0.10538293624845822,0.8481958133509879,0.8739659701922432,0.9202317356448401,0.9092984624236315,0.9003687468343982,0.36261003889282295,0.3429422363659358,0.8946324571043853,0.0,0.0,0
2025-01-13,94552.84,106457.79,89147.0,101337.81,67.90061847775343,67.78253237764785,66.98224224005679,10062.80843342049,8880.318920794896,105479.08151539805,89272.97848460195,115098.37553803045,47784.08546196956,108434.57173265779,41000.2329340089,10975.0478539575,9493.05225702921,8569.103287003147,8049.082356294655,97621.36739860303,93742.25418760169,85619.83867388699,71032.50941498649,97376.03,81441.2305,70391.5414,84.67698017349633,78.82749774911443,61.446341775694826,77.26305123268538,38.420053253463514,31.0342891558531,-15.323019826503673,26.111303657418834,76.8755294031814,59.417907192744785,98760.945,78742.945,88751.945,73446.445,0.0,1.0,96462.89,106457.79,89147.0,97873.86,1,0.2545298577051372,0.26550767498462235,0.24911723137518332,0.26093329769558815,0.2574767194739215,0.25373669058568643,0.24542083563879896,0.2284922034794084,0.25724427734523697,0.24085722912544266,0.22767838613886632,0.2646492854052661,0.24924676016889363,0.27278243900753785,0.1936810006217718,0.26721928629863967,0.1807268134565073,0.2585493719296771,0.23779566747879347,0.24870995154851738,0.23149900477511368,0.25637435409193726,0.26550767498462235,0.24911723137518332,0.25771537789205345,0.6790061847775343,0.6778253237764785,0.6698224224005679,0.8467698017349633,0.7882749774911443,0.5941790719274479,0.8467698017349633,0.9999970210278116,0.9999855856346425,0.12227773141213599,0.10992973178810911,0.701565516956788,0.9755721002384534,0.9303470709828383,0.9158420803312379,0.9056035063678258,0.3674274652648662,0.3466806865235087,0.8993437600955886,0.0,1.0,1
2025-01-20,101337.81,109900.0,99544.15,102608.32,69.26106626116947,68.49356903807185,67.50633477936418,10168.3224792322,9137.919632482357,105540.7837778898,91762.4282221102,116362.48184829512,51293.019151704866,110878.30002371309,41269.60597628689,10886.591017677858,9554.680667241411,8654.18646381252,8137.804188744862,99283.68493240203,95354.26615349228,87237.78927637395,72270.77649675173,98651.606,83827.7505,71482.4418,83.66900100606236,80.12827467545574,89.46794833173652,89.98136574527365,40.34412616665253,32.277793376857346,-16.33099899393763,14.19632339913299,86.9755996582961,54.17935504441847,99523.5,79505.5,89514.5,75775.6,1.0,0.0,97945.325,109900.0,97945.325,103347.56999999999,1,0.25991814350408593,0.2674484559696217,0.2582661625902767,0.26107200243330575,0.25802398590459336,0.2542974606778101,0.24613023240828627,0.22906005074928157,0.25743383781323714,0.2424893713443268,0.22807480191606078,0.26368546746464083,0.2507651624145396,0.2727787625446997,0.19882926152945993,0.2682738425530379,0.18035800283438336,0.2582469839076294,0.2376754827909328,0.24848928655058233,0.23332649766414998,0.25677026364466965,0.2674484559696217,0.25677026364466965,0.26173730211597135,0.6926106626116948,0.6849356903807186,0.6750633477936419,0.8366900100606236,0.8012827467545575,0.5417935504441848,0.8366900100606237,0.9999974119799113,0.9999897757762407,0.1770503155753268,0.12784144189593877,0.4407899114298882,0.9862099230178765,0.9295378980958453,0.9164891090897115,0.9065914011435146,0.3721930359786975,0.3504890308972818,0.9004398542645309,1.0,0.0,1
2025-01-27,102608.32,106457.04,96126.87,97690.9,58.135274107454045,62.72357584651855,63.41556728030302,9742.839039577768,9258.90351390144,105528.52259094443,91727.36340905557,116740.39038347072,54771.67461652928,112338.12163567718,42505.78436432281,10807.102300866736,9610.072762438454,8733.995203630971,8222.125950716212,98752.75662160137,95779.10867103914,88233.32363100501,73267.6440851144,98627.943,85756.0325,72400.4618,71.65260104816485,79.99952740924118,60.33614456246348,67.74259455339596,41.24707206593933,33.039928481822926,-28.347398951835135,-0.24163787241443202,65.2270112638828,46.926140096675894,99523.5,79505.5,89514.5,76066.4,0.0,0.0,101973.065,106457.04,96126.87,100720.7825,0,0.26011727124132394,0.26353095610460603,0.254091220443568,0.2555789440307944,0.2565765257488101,0.2537573963331215,0.24622524322777511,0.22936486842329135,0.2564597819966071,0.2436233591260955,0.22829500481946555,0.2627179952177229,0.24978361448738715,0.27211850159032736,0.20362075107523295,0.2685320800849714,0.1819647451335687,0.25729443266322477,0.23674080478110043,0.24754475634836828,0.23274169389226462,0.259542444937817,0.26353095610460603,0.254091220443568,0.2583995162226516,0.5813527410745405,0.6272357584651855,0.6341556728030302,0.7165260104816485,0.7999952740924118,0.46926140096675895,0.7165260104816487,0.9999954359818729,0.9999912989065405,0.12008994557689613,0.09647414909069135,-0.00805442156697352,0.9530130076593943,0.9288051344886388,0.9170671125540485,0.9075092673470235,0.37435350511873583,0.352753420269894,0.901470570173505,0.0,0.0,0
2025-02-03,97690.9,102481.93,91201.0,96463.8,55.53797907848746,61.335026253237324,62.42440080941157,9200.5652445257,9247.235860026292,105529.73594378676,91580.38205621323,116960.34513322463,57839.97986677538,113587.34115677167,43677.4981765617,10874.791972171486,9729.419707978564,8855.277812981876,8339.77226030405,97989.77108106759,95903.59800357747,89017.17852329025,74177.29725824717,98555.059,87400.1625,73295.1358,68.8034890535218,74.70836370258299,14.579258130547853,48.27625577800378,40.94842934528571,33.20751088134197,-31.196510946478206,-0.7498921729052699,51.717488817449194,50.15257212016352,99523.5,81217.75,90370.625,78771.0,0.0,1.0,100149.61,102481.93,91201.0,96959.40749999999,0,0.2542692504121692,0.25868867148288716,0.24795314226116574,0.253105194867946,0.25455072618440555,0.25256923549857896,0.2457348220123719,0.22919692661144403,0.2550809556615736,0.24405995934586017,0.2281221056268762,0.26140172188090594,0.24833355011369881,0.2709675889721419,0.2071338647971129,0.268238752611283,0.18305398781465762,0.2559828518402657,0.23738452165724389,0.24711543738612032,0.2346144644057829,0.2565616399760104,0.25868867148288716,0.24795314226116574,0.25357697204789875,0.5553797907848746,0.6133502625323732,0.6242440080941157,0.688034890535218,0.7470836370258298,0.5015257212016352,0.6880348905352178,0.9999905950823191,0.9999911624869632,0.029150255361649335,0.06885694572383244,-0.024991200977069142,0.9010253645382214,0.9294294678332534,0.9183012309704889,0.9088881843926014,0.37364409910987084,0.3532445236369913,0.9028911088224699,0.0,1.0,0
2025-02-10,96463.8,98849.44,94069.03,96102.77,54.69915231087481,60.9078062661723,62.124439089221596,8642.056997752414,9126.200087571517,104941.14530817878,91167.03069182123,116936.18258183355,60914.24141816645,114836.37429160444,44317.91637506225,10004.16597614699,9375.919014551522,8661.236488554168,8202.873711830816,97360.77072071173,95939.8110938361,89691.99675916738,75037.11971870807,98054.088,88925.212,73961.1912,53.528422906195146,64.6615043359606,-23.693073989136582,42.48386961329915,40.671118247535915,33.36671416088505,-46.471577093804854,-4.9545911642163185,46.49415000629557,50.91341846712247,99523.5,81217.75,90370.625,79505.5,0.0,0.0,97077.35,98849.44,94069.03,96371.26000000001,0,0.25462962190123156,0.2568833082639161,0.25231504436739843,0.25428409253768014,0.2554829490250208,0.2541277382598395,0.24794096070278893,0.23172433770651932,0.2561375782113445,0.24715460331656086,0.23042334944159407,0.26241769662843206,0.2494364749680266,0.2724941023798935,0.21313178409625885,0.27080188483947154,0.1856724547326411,0.25751098899067054,0.23888668003251795,0.24863179042015243,0.2369532830602537,0.25521410469588435,0.2568833082639161,0.25231504436739843,0.2545411687862078,0.5469915231087481,0.609078062661723,0.621244390892216,0.5352842290619515,0.646615043359606,0.5091341846712247,0.5352842290619515,0.9999801955794557,0.9999896147579734,-0.04735071211075231,0.06061683468145874,-0.16366769675225104,0.8688587903103507,0.9210856836200272,0.9146006524776968,0.9066728223243741,0.3729808280868287,0.35370884843388656,0.9012361725586567,0.0,0.0,0
2025-02-17,96102.77,99493.55,93391.66,96260.91,55.04612443116036,61.035830315477114,62.20796082691166,8118.609488197821,8924.681967696779,102659.0712197246,91803.9067802754,116051.897781245,65142.13721875497,116000.2163618159,45038.24830485074,9446.697979554563,9142.059799226414,8539.362846242064,8122.066645991169,96994.15048047449,95998.19271313863,90317.60754400857,75869.4252199352,97231.489,90597.01749999999,74497.9634,34.278947622030564,52.2036198605825,-48.205449678722665,38.52856456801027,40.25379177321691,33.44045929750527,-65.72105237796943,-7.872747684159441,53.221196088168995,47.542672664132006,99523.5,81217.75,90370.625,79505.5,0.0,0.0,96283.285,99493.55,93391.66,96312.2225,1,0.2551965821601114,0.2583981138467883,0.25256093923858275,0.25534819683628046,0.2560481933005184,0.2550961936243127,0.24948592809418252,0.23361308715592735,0.25627372556294314,0.2497693647980917,0.2319667510789684,0.26129718891086884,0.2509845011275047,0.27270988864912793,0.21994875036717718,0.2726682598120357,0.18787275235669418,0.258425940508089,0.23978626287610427,0.24953977140942146,0.23785110013344357,0.25536963002679325,0.2583981138467883,0.25256093923858275,0.25539734267758646,0.5504612443116036,0.6103583031547711,0.6220796082691166,0.34278947622030564,0.522036198605825,0.4754267266413201,0.3427894762203057,0.9999602016605831,0.9999864135226126,-0.09611329074455593,0.05498529193244838,-0.2565622426422006,0.908803137854186,0.9153526390765341,0.9120750378581233,0.9052558773730391,0.3719743030331098,0.3539232015635101,0.900246302762042,0.0,0.0,1
2025-02-24,96260.91,96497.02,78259.6,94287.51,49.52379457908751,58.462832356390805,60.461018390638365,7458.559052071592,8631.457384571742,102729.02545056949,91554.5565494305,114236.40859741076,70099.66540258923,116586.43108438849,46795.894248944816,10702.515411046768,9791.728384995955,9001.175091659106,8511.11869806843,96091.936986983,95687.15949256797,90695.69349219822,76591.70305444756,97141.791,92168.037,75018.24160000001,50.65647084107657,46.15461378976742,-213.08118294143426,-12.874810800042916,37.606466375567,32.08877565808123,-49.343529158923424,-0.942359411706687,49.979051052442024,55.667327233027436,94079.8,81217.75,87648.775,79505.5,0.0,0.0,96181.84,96497.02,78259.6,91326.26000000001,0,0.25104134436984554,0.2512664467735954,0.23218958317375865,0.2491398622591249,0.25087993734264435,0.25049222142726674,0.24558332923780218,0.23024868022806394,0.2518785893773704,0.2470565393409509,0.2283824799561125,0.2570317934371607,0.24644533320676612,0.26687562314114927,0.2223135501494339,0.26877204403816773,0.18715263260615644,0.2489376026276653,0.23554191625575993,0.24246389744890573,0.23361522546623048,0.25096584726196264,0.2512664467735954,0.23218958317375865,0.2462169258421198,0.4952379457908751,0.584628323563908,0.6046101839063837,0.5065647084107657,0.4615461378976742,0.5566732723302743,0.5065647084107657,0.9999040464367945,0.9999799137028403,-0.4021091610412892,-0.0183905131452571,-0.031401652934935874,0.8912504297838227,0.9278327509580018,0.9189395387708252,0.9105221503970222,0.36534197851235106,0.34991941208887983,0.9049246156276072,0.0,0.0,0
2025-03-03,94287.51,94428.46,79957.36,80717.37,27.439380196730326,44.55389015929138,50.26839160366299,5773.909404940525,8059.947788645499,107140.383654603,84538.65034539698,112873.06624418426,72631.15475581573,116256.40870374092,48603.73462959246,11240.884638040088,10125.969214639103,9261.647706342006,8740.348748142722,90967.08132465533,92965.37958482833,89745.37696913171,76753.49391505746,95839.51699999999,92752.1105,75309.525,7.767822151426626,30.90108020484458,-252.29218666646472,-62.610549877944116,35.1482356491778,30.8046762006284,-92.23217784857337,-13.892388221008067,16.92086291335378,46.02971201452841,94079.8,82245.735,88162.7675,79505.5,0.0,0.0,95274.20999999999,95274.20999999999,79957.36,87347.675,0,0.2467049333536419,0.2468416475146081,0.23172839661017647,0.23258160060303892,0.24342901070870265,0.24541335358546842,0.2421961529695876,0.22804942663095273,0.24820009536302962,0.24520344111953732,0.2263460266344454,0.2584611401831397,0.2367644901010471,0.2632897192702922,0.2231075040507453,0.2660337705176061,0.18811195799388697,0.24650312419063733,0.2342756477573064,0.24057615863983234,0.2312176563621052,0.24765807859020317,0.24765807859020317,0.23172839661017647,0.239731459399724,0.2743938019673033,0.44553890159291376,0.5026839160366299,0.07767822151426626,0.3090108020484458,0.46029712014528407,0.07767822151426629,0.9990934388529363,0.9999569639055794,-0.46571488023163776,-0.08920588219673184,-0.4325908483730388,0.44900491773457135,0.9327401781815727,0.9222957363398672,0.9133745216180784,0.35876281410285804,0.3459613329309517,0.9075819775753093,0.0,0.0,0
2025-03-10,80717.37,85349.45,76589.78,82573.8,32.26057333656698,46.431488791143714,51.44419674866731,4536.318947445354,7355.22202040547,107881.25783068773,80637.94816931228,110833.57065532632,76125.62234467368,115866.94871943186,50602.476613901454,10886.425404034362,10028.37641359345,9237.744006040004,8741.091873214154,88169.32088310356,91076.0014784959,89062.36963873822,76981.7412125062,94259.603,93479.5965,75544.02699999999,17.964516595807545,25.462936529436906,-215.52166637494565,-113.0257070153834,33.33472223513424,29.3218014644184,-82.03548340419245,-16.060453209998602,21.38907281068704,48.702165623649265,93244.89,83685.6,88465.245,79505.5,0.0,1.0,87502.44,87502.44,76589.78,81307.6,1,0.23257392942485938,0.2376222419946797,0.2278501200009721,0.2346278773385772,0.24057518617590393,0.24353043345706582,0.24149248600472423,0.22830841103726668,0.2466700624398836,0.24590989773997177,0.22661702134534684,0.25909058238196164,0.23248510931156297,0.2615905857154791,0.22730468476101526,0.2657138025362514,0.19153086391890223,0.24568002610740686,0.23583806998686468,0.24088007933602876,0.23120999659173389,0.23988466594426003,0.23988466594426003,0.2278501200009721,0.23323154346948322,0.3226057333656698,0.46431488791143716,0.5144419674866731,0.17964516595807545,0.2546293652943691,0.48702165623649263,0.17964516595807553,0.9952879719346243,0.9998898723685248,-0.4061928682538129,-0.16007658649155065,-0.4894588413383841,0.5449124601956374,0.9295363769613463,0.9213273706898933,0.9131161225314148,0.3536157152193819,0.3411866974062544,0.9075904784772538,0.0,1.0,1
2025-03-17,82573.8,87433.69,81143.09,86085.0,40.922237904419745,49.88797854861485,53.62182046296609,3795.096578211873,6643.196931966751,107882.66925021163,78942.96874978834,108019.7405056009,80670.91249439909,115832.14155259024,52095.07711407641,10229.87891774374,9761.392384051063,9097.403815276195,8646.84218578284,87474.54725540237,90168.54666422392,88778.81062552505,77338.73175319223,93412.81899999999,94345.3265,75879.073,28.50542566215414,18.07925480312943,-121.7073730645901,-102.98873537816878,31.3115691747235,28.067270383997727,-71.49457433784586,-8.955669655189624,25.17740190547097,52.58674780854515,93244.89,84420.925,88832.9075,79505.5,0.0,0.0,81645.58499999999,87433.69,81143.09,84308.89499999999,1,0.235608702216186,0.24079925276786324,0.23402786662150338,0.23938559973333784,0.2408417676976537,0.24360591611521915,0.24218953627934292,0.22969853482232822,0.24683633668112623,0.24774587640983392,0.2279863986869104,0.2600950368909734,0.23154704885926886,0.26021259569631133,0.2335006099663158,0.2666942707277431,0.19494398686692777,0.2466716611325329,0.23761337181484907,0.2422450471837827,0.23218722898840333,0.23458594050050174,0.24079925276786324,0.23402786662150338,0.23749292465531138,0.40922237904419745,0.49887978548614853,0.536218204629661,0.2850542566215414,0.1807925480312943,0.5258674780854515,0.2850542566215414,0.9873905190255152,0.9997154469958299,-0.2387185156896558,-0.14607429409605563,-0.2899597531737373,0.6165092070685212,0.9233165770968105,0.9186292770686524,0.9115854272204997,0.3475425344881912,0.3369612812122794,0.9065065110515029,0.0,0.0,1
2025-03-24,86085.0,88773.5,81556.4,82386.4,35.3649656641839,46.485395683266354,51.08768951518007,2876.0728236476134,5889.772110302924,106300.13050523124,76735.22549476876,107728.81398793927,81164.89401206074,115103.44095915862,54496.65170750804,9799.481929494634,9579.657213761702,9007.86553835828,8591.85210171427,85778.49817026826,88753.6109070923,88170.00961357028,77536.67952757684,91517.678,94446.854,76250.361,17.401926495832196,21.290622917931287,-102.78806977980362,-127.57931885857292,29.214813633155337,26.974462029060682,-82.5980735041678,-18.701223166358147,2.526947322441351,50.81807875739794,91523.41,84420.925,87972.16750000001,79505.5,1.0,0.0,84329.4,88773.5,81556.4,84700.325,0,0.23996552121984438,0.2427656095323107,0.2350641236553203,0.23598061659307193,0.23964126135834812,0.24274518016585192,0.242143860197256,0.23050264102177215,0.2455450563469997,0.2484290380903797,0.2289978890818584,0.25931780811523336,0.22956775195772483,0.26055364159934336,0.23462888660259637,0.26670069032977767,0.1993724238789652,0.24555078191168977,0.23819225477761155,0.2419391879813198,0.23276281527605747,0.23809380587314316,0.2427656095323107,0.2350641236553203,0.23849219334946406,0.353649656641839,0.46485395683266356,0.5108768951518007,0.17401926495832196,0.21290622917931287,0.5081807875739794,0.17401926495832198,0.9577010457679194,0.9992231558426294,-0.20272828311043356,-0.1802646073741421,-0.5534729068164813,0.07207330810396172,0.9190186839928585,0.9167501471300963,0.9105964431282901,0.34083323217705164,0.3331292023595233,0.9058685985680672,1.0,0.0,0
2025-03-31,82386.4,88526.9,77142.0,78417.6,30.226243758445307,43.08923579879054,48.504926848066575,1806.6647786340327,5073.150643969146,103746.37532362906,74450.83667637093,108783.78693785694,78966.42506214305,113902.30432597757,57267.100340689096,10025.970225281113,9708.603127064436,9121.057655579314,8699.277020879106,83324.8654468455,86874.33619671187,87241.20869799214,77571.22542845618,89098.606,93875.106,76525.445,5.487264869460505,17.13153900914894,-108.5338238668188,-147.63493801191495,27.922814114454095,25.670483714551388,-94.5127351305395,-23.575788006274735,-12.726359716406513,46.825154377788294,89535.855,84420.925,86978.39,79505.5,0.0,0.0,84235.7,88526.9,77142.0,81618.225,0,0.23485606481432036,0.2413800064964037,0.22892600538103874,0.23040107099553359,0.23588110395917913,0.23966568484315603,0.24004881376378115,0.22942478160614632,0.24196630096441366,0.24673483022437392,0.22820516351509074,0.25592300934886614,0.22574076518541517,0.26030542655150757,0.23102908194347865,0.26457000006844567,0.20259052571461722,0.2424123990107288,0.23706512322899015,0.2397744985602986,0.231642120162146,0.2368660155641072,0.2413800064964037,0.22892600538103874,0.23400913413122595,0.3022624375844531,0.43089235798790537,0.48504926848066576,0.05487264869460505,0.1713153900914894,0.4682515437778829,0.054872648694605036,0.8350048571913603,0.9976939228048698,-0.21372141051088833,-0.20783453704681262,-0.6560571115669124,-0.34839009293055284,0.9213033764065155,0.9180870687851138,0.9118450677749295,0.3364630699418733,0.32835574750579977,0.9071110145616104,0.0,0.0,0
2025-04-07,78417.6,86111.7,74500.0,83753.5,43.17714964077135,48.53338877955598,51.9352327384041,1373.87654076147,4333.29582332761,101441.10122641371,73968.63077358631,108576.29384389542,77756.51515610456,112981.77893326737,59829.50840006598,10252.503050240954,9844.538617988404,9239.6596719803,8811.293289306834,83467.74363123035,86306.91143367333,86909.04596485003,77813.66756851671,87704.86600000001,93166.40449999999,76928.037,26.139830508474578,16.343007291255756,-90.51157372322206,-122.06561931879318,27.08402077388906,24.632118630368193,-73.86016949152543,-14.26683549849576,-14.47399929315076,49.878802978518074,86996.775,86175.0,86585.8875,79505.5,0.0,1.0,80402.0,86111.7,74500.0,80695.7,1,0.2292501394040619,0.23770317388819956,0.22465498866321543,0.23518746402451624,0.2348782769706776,0.23790861513396563,0.2385396580216189,0.22855537785997065,0.23936762210488008,0.2448719913200102,0.22752774231386677,0.2526738006002032,0.22401513419312477,0.2589446943347787,0.22848937924499774,0.2626289248301655,0.20528529076827087,0.23863126745168786,0.23776983729732995,0.23820147994902943,0.2304896046951479,0.23149958293369138,0.23770317388819956,0.22465498866321543,0.23182825324864184,0.43177149640771345,0.48533388779555975,0.519352327384041,0.26139830508474576,0.16343007291255757,0.4987880297851807,0.26139830508474576,0.723960457164222,0.993827624725627,-0.1790713878766546,-0.17263317214908794,-0.4426816779588203,-0.391476717003757,0.9235374687178683,0.9194773699377452,0.9131368555158828,0.33352007588602217,0.3243846199088729,0.9083902990312858,0.0,1.0,1
2025-04-14,83753.5,86468.0,83102.7,85184.4,46.29578641991118,49.91699518954903,52.82017392046098,1133.2865932457935,3693.293977311247,99044.83252985851,74109.0194701415,108235.16848405983,76896.81651594018,112324.06202776801,61927.438638898646,9268.616900206533,9381.735859560662,8959.928259028857,8601.832008948879,84039.96242082023,86102.81844573272,86744.79396819764,78102.71589916311,86576.926,92565.99250000001,77356.781,30.18192090395479,20.60300542729662,-51.042001046950276,-75.62891442909986,26.23717904197653,23.61572886119537,-69.81807909604521,-11.69288375535694,-12.355091908193877,44.530493181163514,86996.775,87575.34,87286.0575,79505.5,0.0,0.0,81085.55,86468.0,81085.55,84627.15,1,0.23736682370766476,0.24026364904751527,0.23665965952977386,0.2389042860081117,0.2376765178691806,0.23987879013469288,0.24055437408891422,0.23105311332289213,0.24037815818725927,0.24648055617955617,0.23018907314670303,0.25268790341489045,0.2263375603535278,0.2608804600401832,0.22965253642219535,0.26432027071281583,0.2104052605277061,0.24081830440457078,0.2414216827438561,0.24112044865529852,0.23265805483209542,0.23443548855040214,0.24026364904751527,0.23443548855040214,0.23830834342435786,0.46295786419911183,0.4991699518954903,0.5282017392046098,0.3018192090395479,0.2060300542729662,0.44530493181163516,0.3018192090395479,0.6384331712169667,0.9855705735539737,-0.10173086338680902,-0.1076228739690724,-0.37115571471163883,-0.3390357328307522,0.9134497330867362,0.914662666893576,0.9100629100940874,0.3304582916519861,0.3203385623220508,0.9059846731399295,0.0,0.0,1
2025-04-21,85184.4,95781.74,85149.0,93741.6,61.166145824110444,57.30853807724511,57.70943014644074,1614.5008897136286,3277.5353597917237,98150.21322426584,74531.40477573415,107384.53835227167,77010.35864772832,112053.33937633692,64074.14929032974,9463.491628748456,9471.093298163472,9039.585960979864,8679.943854758538,87273.84161388015,87491.68781923586,87411.15644741691,78716.00547174495,86340.809,92197.4485,78005.613,54.354802259887016,36.89218455743879,17.15851521996218,-7.010916501635256,24.817387474942823,22.927720019958016,-45.645197740112984,-2.4569218972564455,-7.2897826262396,53.566755143737865,85498.51000000001,88365.22,86931.865,79505.5,0.0,0.0,84468.95,95781.74,84468.95,89964.185,1,0.23808355291385466,0.2487805282185537,0.2380458317988891,0.24680820193777803,0.24028516138831008,0.24051193648340713,0.24042816426639887,0.23094338749032364,0.2393080258540746,0.24528907820356466,0.23012722219999837,0.2510225196015525,0.226036868002854,0.25931308574512413,0.22897246025651502,0.2632568781492925,0.21260701073260665,0.23841763674581182,0.2414161416586734,0.23992812757087378,0.23184268534269797,0.23731841617897226,0.2487805282185537,0.23731841617897226,0.24305036554883802,0.6116614582411044,0.5730853807724511,0.5770943014644074,0.5435480225988701,0.3689218455743879,0.5356675514373787,0.5435480225988701,0.791835629247353,0.975014790747053,0.03430356553428796,-0.010015260120506287,-0.08171478618932665,-0.20531911604308817,0.9155302351556311,0.9156105206965846,0.9109479269978044,0.32510481980739325,0.3175037620321294,0.9068885540770217,0.0,0.0,1
2025-04-28,93741.6,97895.9,92800.0,94273.2,61.93014761410606,57.72594210448267,57.993383337923184,2015.5286047273112,3025.1340087788412,97327.28532587597,74956.790674124,105838.09300389656,77535.43399610344,111277.58719502781,66946.46147163886,8839.549967498675,9158.579491151795,8851.791391409395,8542.096014190902,89606.9610759201,88724.69003392024,88064.68440480577,79326.09153167653,86142.03799999999,91686.7635,78568.02900000001,61.87431626959193,48.803679811144576,65.32252072869404,32.49090431246497,23.791925670288087,22.415721149027917,-38.12568373040806,-2.0649191868225705,-9.775100993521674,51.02348379413075,86197.95,88365.22,87281.58499999999,79505.5,0.0,0.0,89463.0,97895.9,89463.0,94677.675,1,0.24827438734025983,0.2522556205953895,0.24734954702204948,0.24879277232614877,0.2441480901247945,0.2432451162178947,0.24256425168248413,0.23308314101510835,0.24055400341036254,0.24624497536817022,0.23221667103567376,0.25171996701538707,0.22798268860906265,0.25945214784274967,0.23102419892802387,0.2640981560160049,0.21789746756868356,0.24061303705814224,0.24287486041059098,0.24175034340415652,0.23328711194585017,0.24400130648601923,0.2522556205953895,0.24400130648601923,0.24918540016900845,0.6193014761410606,0.5772594210448267,0.5799338333792319,0.6187431626959193,0.48803679811144574,0.5102348379413075,0.6187431626959193,0.8725546759749633,0.9651924797739414,0.1299067925448546,0.04638227362518923,-0.06872214650481315,-0.27224653571789376,0.9087104367214458,0.9122555549534915,0.9088488099728927,0.321051802234801,0.31534076407530776,0.9052878752019856,0.0,0.0,1
2025-05-05,94273.2,104990.0,93389.7,104114.0,73.28224423725138,64.62170902945932,62.84271534524218,3091.77620361578,3038.462447746229,102088.12387535974,72161.25012464024,107229.70178142923,77036.77621857077,111027.596814991,69946.24385167568,9233.942829284579,9332.988098926666,8982.672753723233,8659.71924441433,94442.64071728007,91522.74639138929,89593.19065196713,80298.16637357157,87124.68699999999,92133.239,79276.183,97.12692686126599,71.11868179691497,129.75863216397792,91.91214462156807,23.713557815657957,22.365396883924095,-2.873073138734011,10.421836359874183,9.381265792357551,55.95911013020615,89745.0,92200.0,90972.5,79505.5,0.0,0.0,94007.4,104990.0,93389.7,99191.725,1,0.24753952043546215,0.2574438777707567,0.2466774896111879,0.25667010242615573,0.2477039978551853,0.2448310877447711,0.24288625653415347,0.232948076020116,0.24034175954258,0.24543861922754484,0.23179258632565758,0.25485736312838914,0.22335541515160856,0.25939541672045907,0.22921296294516794,0.26262003402980844,0.22057652606847,0.24304064604739092,0.24550483307927298,0.2442803296434591,0.23205302433727132,0.24728096002853409,0.2574438777707567,0.2466774896111879,0.2522072461742681,0.7328224423725138,0.6462170902945933,0.6284271534524218,0.9712692686126598,0.7111868179691497,0.5595911013020615,0.9712692686126598,0.9681047206393427,0.9657951033221711,0.2538439582454342,0.1305536548084955,0.3340628713516135,0.2617965394573938,0.9130749701957391,0.9141417651485021,0.9103164070301075,0.32073519924630994,0.3151256162266378,0.9066553051735241,0.0,0.0,1
2025-05-12,104114.0,106660.0,100731.8,106450.0,75.32033434265298,66.0379265077481,63.88196540231215,4086.103795866118,3247.9907173702068,107874.39953828973,71521.50046171027,109101.68478557767,76435.78221442233,111439.92269382787,72028.19130617213,8761.693853672496,9089.788949003332,8837.221670212604,8554.660811936854,98445.09381152006,94236.79250204578,91198.6010660655,81323.72847656877,89697.95,92768.7335,80049.87700000001,99.34701492537313,86.11608601874367,150.9728022378451,118.9359679536147,23.825649318620783,22.412503626499095,-0.6529850746268657,31.879916305499062,13.55864634679861,62.34012497517107,90580.0,92200.0,91390.0,79505.5,0.0,0.0,99193.6,106660.0,99193.6,104488.95,1,0.25779750475469215,0.2600320745531338,0.25474962570812054,0.2598496397715846,0.252635028259497,0.2486225951970203,0.24562234971410885,0.23519812678423319,0.24410655649202098,0.24718410668541368,0.23377068145129284,0.2610805904878246,0.2236501939089138,0.2621291791323747,0.22960625565594345,0.26409703456857747,0.2242809615374833,0.24500028774826843,0.2466212202291856,0.24581403823040732,0.23315439678636168,0.25333213292715023,0.2600320745531338,0.25333213292715023,0.2581297422021284,0.7532033434265298,0.660379265077481,0.6388196540231215,0.9934701492537313,0.8611608601874368,0.6234012497517107,0.9934701492537313,0.9914282750339977,0.9740239473549629,0.293092096200814,0.16829216364705343,0.7866812789655198,0.36910790082604167,0.9078258654199132,0.9115016976474898,0.9086840966866602,0.32118773654248595,0.31532702226660453,0.9054348426117842,0.0,0.0,1
2025-05-19,106450.0,111999.0,102065.9,109001.3,77.50665074011745,67.56506863522895,65.00441621784596,5022.092606935563,3602.8110952832785,113105.89036194934,71575.50963805066,110965.18742610593,75635.11557389406,111691.83408602102,74508.09458064566,8929.03758886214,9150.025452645952,8889.406352583432,8607.677703785437,101963.82920768004,96921.24841076472,92894.0962026307,82409.12343827196,92340.7,93300.15149999999,80836.205,92.00592015787089,96.15995398150334,152.4611421198926,133.45332318800834,24.481314593015387,22.74552184298374,-7.994079842129116,32.00470367114024,10.804150003039455,69.06385897912047,93249.5,93249.5,93249.5,80555.0,1.0,0.0,105282.0,111999.0,102065.9,107379.05,1,0.25927789866380385,0.2639880092194601,0.25539305661853656,0.26147108123255436,0.25530078717920496,0.25063305352721615,0.2467421713995887,0.2358389556166168,0.24619547130916297,0.24714142082590645,0.23409568584885349,0.26490159203393404,0.22316592975107272,0.2631271374346735,0.22810484645991935,0.26373300034560615,0.22675799214580938,0.2470917052228086,0.2470917052228086,0.2470917052228086,0.23378079793912138,0.25825756791481436,0.2639880092194601,0.25539305661853656,0.2600821206969899,0.7750665074011746,0.6756506863522895,0.6500441621784596,0.9200592015787089,0.9615995398150333,0.6906385897912046,0.9200592015787089,0.997531664458511,0.9837354352002,0.2958106904686045,0.18837090720236999,0.7882614500765073,0.29924487249036413,0.909717588314076,0.9121621223317472,0.9092728036415345,0.3237945422505555,0.3167393958722482,0.9060526008831535,1.0,0.0,1
2025-05-26,109001.3,110750.0,103083.5,105650.8,68.24404115359883,63.52522768483268,62.33325318437558,5430.908996155951,3968.4306754578133,116001.89474872092,72592.66525127908,112321.66004680857,75388.43895319142,111112.99011686153,77545.63188313844,8748.675076167548,9044.059348885527,8831.172716746127,8571.478561332151,103192.8194717867,98508.4396088075,94109.02037380873,83320.56173481031,94297.28,93855.0495,81619.575,83.07101522707273,91.47465010343892,121.81156053965098,110.7800996194514,25.09014663352466,23.06188914864416,-16.928984772927272,22.72846605099611,11.737310058587354,64.74666168529926,93249.5,93249.5,93249.5,80555.0,0.0,0.0,107725.65,110750.0,103083.5,107121.4,0,0.2618617288546293,0.26333811058278683,0.25669733227735037,0.2589706116614806,0.25679519266091017,0.25251352091529716,0.24831819698127466,0.2372174167640959,0.24850137417308216,0.24807054968481057,0.2353489992380109,0.26764546408605233,0.22480333256754426,0.26464667580842205,0.22818992672089666,0.26364186067783285,0.23072678739628333,0.24747759138214165,0.24747759138214165,0.24747759138214165,0.23416162230401208,0.26077081239862626,0.26333811058278683,0.25669733227735037,0.2602498836104093,0.6824404115359883,0.6352522768483267,0.6233325318437558,0.8307101522707273,0.9147465010343891,0.6474666168529926,0.8307101522707273,0.9985681400288009,0.9899794429604184,0.23891500629761875,0.15694918435786154,0.6396703152751418,0.3233213029583071,0.907677184450989,0.9109973959320918,0.9086156324116667,0.3261557719428921,0.31806292256954,0.9056312183468641,0.0,0.0,0
2025-06-02,105650.8,106799.0,100403.7,105724.9,68.3416609483381,63.57709692333454,62.36916185353061,5695.227147298356,4313.7899698259225,117721.20948530291,75541.0505146971,112990.10035882378,75158.70764117624,111610.02237128574,78739.86962871428,8412.478636715041,8854.86225253656,8715.178777853454,8487.7793858963,104036.84631452448,99820.52331629704,95215.29462392218,84199.16323540598,96631.13,94074.40400000001,82460.203,83.26862049654656,86.11518529383005,86.14380126651594,87.04502917087221,25.116358196428024,23.103447406909186,-16.73137950345344,28.328097841391298,4.32917387893028,64.89632889785193,93249.5,93249.5,93249.5,80555.0,0.0,0.0,107326.05,107326.05,100403.7,104644.6,1,0.2598785909108865,0.26087953482792875,0.2551724374644178,0.2599434909276409,0.25845446831254104,0.25463544053053777,0.2502904348412477,0.23906001966741228,0.2516464770058696,0.24918418721299235,0.23716603112657492,0.26993117650792847,0.22925325433815963,0.2661104776811608,0.2287972020781109,0.26496790158012673,0.23298939468327587,0.24837663885069577,0.24837663885069577,0.24837663885069577,0.23504895118260247,0.26133565730771247,0.26133565730771247,0.2551724374644178,0.2589931222353211,0.683416609483381,0.6357709692333454,0.6236916185353061,0.8326862049654656,0.8611518529383005,0.6489632889785193,0.8326862049654656,0.9989932143374455,0.9936655041715559,0.17060293017183606,0.12371304255062038,0.7371779124590917,0.12306372170230116,0.9037590298445872,0.9088834920127551,0.9072936207310492,0.32625618688233765,0.3182354876196357,0.9046500498168003,0.0,0.0,1
2025-06-09,105724.9,110665.8,102684.7,105588.2,67.89246962108425,63.397983671709554,62.25420113570527,5826.506301073183,4616.333236075375,117086.85859974546,81609.52140025454,113450.01307124921,74996.78292875079,112423.47164743955,78975.46301922711,8350.853117184322,8792.450663069665,8680.222645574719,8468.29171720798,104553.96420968299,100869.19180424302,96203.19037402482,85037.94899088025,99348.19,94223.398,83333.731,82.90407744206512,83.0812377218948,85.33869982467928,101.46484120166888,25.572182365949114,23.361554092910616,-17.095922557934884,34.64859929403602,2.9041309710557486,62.20308351304153,97550.85,93249.5,95400.175,80555.0,0.0,0.0,105687.85,110665.8,102684.7,106165.90000000001,0,0.26015628762149134,0.2643920877835597,0.25745787540397347,0.260036506499093,0.25912559523819595,0.2558110475990769,0.25144979013804203,0.2401699377565807,0.2544101736370969,0.24954023935771524,0.2383305529297714,0.269641630475837,0.23643450849389827,0.26670223855050196,0.22880994746029013,0.2658566825587042,0.23346669816224647,0.25272908580043685,0.24858734288499687,0.25067965535325526,0.23525692381386715,0.26012383734036476,0.2643920877835597,0.25745787540397347,0.2605417314782227,0.6789246962108425,0.6339798367170956,0.6225420113570528,0.8290407744206512,0.830812377218948,0.6220308351304152,0.8290407744206512,0.9991548112402513,0.9957637810163922,0.16903916459916404,0.14394308004478074,0.8193883686556639,0.08278526889644662,0.9030238723423751,0.908176248054712,0.9068917655519975,0.3279864892866495,0.31930062377242724,0.904420216162392,0.0,0.0,0
2025-06-16,105588.2,108974.7,98185.9,100958.3,53.895136583248494,57.49039687179398,58.42448282560367,5493.624654588246,4791.791519777949,115441.54017879158,86695.79982120842,113783.23765394237,74990.29834605765,112613.49302754404,78987.49297245596,8699.131243300848,8935.047044278976,8780.63109102354,8557.542035776905,103355.409473122,100885.39329438064,96656.05795745103,85662.27648143396,101068.67,94386.76800000001,84207.879,70.5573481959519,78.91001537818785,52.24428017680289,69.72920787806417,25.12966402092897,23.185175851037904,-29.4426518040481,20.542186296692083,3.3446308714527238,58.498654912854406,98574.0,93249.5,95911.75,80555.0,0.0,1.0,105656.54999999999,108974.7,98185.9,103426.775,0,0.2590663067231259,0.2619899692681455,0.25236152137351675,0.2549256211351426,0.2570908346867164,0.25485902713129327,0.25091795658837956,0.23988175435437395,0.2550263503263512,0.2487375159179228,0.23832609486374415,0.26734611605158654,0.24097270949376842,0.26599974233658796,0.22786064029283346,0.26503900568814076,0.23253403432002684,0.25272444406657135,0.24762662733616586,0.25020801685373645,0.23430870845931007,0.2591261683904099,0.2619899692681455,0.25236152137351675,0.2571545831457831,0.5389513658324849,0.5749039687179398,0.5842448282560366,0.7055734819595191,0.7891001537818785,0.5849865491285441,0.7055734819595191,0.9986829283384527,0.9966459496778994,0.1041099499156634,0.09928497680243113,0.5945919582199501,0.0952710570826096,0.907109338996577,0.9097848605314294,0.9080417442840505,0.3263071221467804,0.31857398773271933,0.9054685131705933,0.0,1.0,0
2025-06-23,100958.3,108515.1,99619.8,108360.0,66.69999211377606,63.367295500085916,62.3158812372234,5760.6635394836485,4985.565923719089,113654.45495158716,93118.00504841286,115303.86304404138,74659.29295595863,113576.65903955835,78768.81762710834,8727.155351400726,8932.20796968762,8786.091515260516,8570.532726708563,105023.60631541467,102244.41269540234,97770.71910436045,86552.38328608361,103386.23000000001,94981.57800000001,85172.08300000001,90.29574121976586,81.25238895259429,63.45141037950401,84.72495027220597,24.718754129124555,23.017616521258827,-9.70425878023414,27.2063899023765,12.332294601705506,58.71195883260488,102399.5,93249.5,97824.5,80555.0,0.0,0.0,103273.25,108515.1,99619.8,104363.3,1,0.2547857934681208,0.2614575678246624,0.25355621235998405,0.26132501286000026,0.2584302019529676,0.2559531759210608,0.251832338748747,0.24068400155732203,0.25697828571894193,0.24917450787940884,0.23922230036792164,0.2657533615165694,0.24735846979726706,0.26709382224172956,0.22732758728633976,0.2656896914909276,0.23214712174134378,0.25609302969399905,0.2474876977404072,0.25188289984310575,0.23417159635275117,0.2568773208089873,0.2614575678246624,0.25355621235998405,0.2578472203631917,0.6669999211377606,0.6336729550008592,0.623158812372234,0.9029574121976586,0.8125238895259429,0.5871195883260488,0.9029574121976586,0.9990772931676065,0.997408635151694,0.1262259524992853,0.12044804391054797,0.719631218795364,0.33845912372476783,0.907430932655257,0.9097530844488448,0.9081039050288601,0.32472204584265235,0.3178787582804876,0.9056201843524428,0.0,0.0,1
2025-06-30,108360.0,110520.8,105100.0,109205.1,67.88799838410802,63.97960490168309,62.734044827965725,5971.648836316439,5182.782506238559,113430.09695864136,96435.06304135865,116884.96172849895,74388.42727150104,114386.78318354035,78498.20148312631,8254.818872629196,8681.393114709934,8625.839538343347,8449.389160296696,106417.43754360979,103509.99220532918,98859.70776108804,87440.72511800191,104932.58,95636.6945,86000.965,92.54940131736848,84.46749691102875,76.26353600919602,95.47232669959658,24.599174904528848,22.984502652708226,-7.450598682631521,16.495878030671545,13.633665293934815,58.833601996168376,102694.35,93249.5,97971.925,80555.0,0.0,0.0,104659.15,110520.8,104659.15,108296.475,1,0.2626449303775827,0.26447788004364897,0.25981437390254636,0.2633658121320172,0.26096792786344336,0.25840419891035565,0.2541619276264384,0.24291087428955443,0.25966682265038477,0.25111241342328905,0.24139801936186284,0.2668938587787758,0.2518765138955918,0.2696890823448567,0.22827905272832444,0.26767573853645815,0.23312113807036683,0.2576730160947306,0.24879222302500717,0.2533311727867538,0.23545915348901114,0.2594253731213391,0.26447788004364897,0.2594253731213391,0.2625905321136487,0.6788799838410802,0.6397960490168308,0.6273404482796573,0.9254940131736847,0.8446749691102875,0.5883360199616837,0.9254940131736847,0.9993034699306175,0.9980072234857875,0.15135515403571448,0.1355495822167959,0.5004172263889762,0.3709578149445694,0.9018673548603406,0.9069052474114576,0.906263349896658,0.3242560120674268,0.31774078989753624,0.9041967773763726,0.0,0.0,1
2025-07-07,109205.1,119474.9,107434.3,119050.2,78.3739917813146,70.22369858678688,67.18778367487315,6854.2618314268475,5517.078371276217,116461.5633506856,98358.9966493144,120352.75463610236,73199.56336389764,116436.25218454786,77419.61914878545,8795.64474796788,8921.336463659223,8788.447179374614,8587.512654131437,110628.35836240654,106335.48453163296,100782.61178384155,88680.31236827634,107410.28,96776.159,87022.00300000001,99.05569551016235,93.96694601576557,128.8924609514575,126.70475472314469,25.4746124660665,23.45295293925178,-0.9443044898376587,26.282124718371712,23.674500895534848,65.01261244237033,108830.4,96987.45,102908.92499999999,84292.95,0.0,0.0,108782.55,119474.9,107434.3,113791.125,1,0.26186164272355766,0.27022086128425177,0.2603469082451054,0.26988867498592517,0.26306267607801825,0.2593953183299143,0.2544428636017304,0.24271591253219044,0.2603262030981814,0.2507108774381507,0.240996322013524,0.26783971371906623,0.2522019665312002,0.27090401217620136,0.22538101051367682,0.26781947068416584,0.23041210896562644,0.2615430342629218,0.2509112115982336,0.25636835099996774,0.23810041874803897,0.26150227408293414,0.27022086128425177,0.2603469082451054,0.2656810694776953,0.783739917813146,0.7022369858678688,0.6718778367487315,0.9905569551016236,0.9396694601576557,0.6501261244237032,0.9905569551016233,0.999785237111346,0.9987234520932421,0.2522225309530329,0.17905555729361763,0.7044454455981258,0.5891833772866991,0.9082125649121103,0.9096313126662776,0.9081307096707653,0.3276186253649138,0.31967509832397395,0.9058180851456845,0.0,0.0,1
2025-07-14,119050.2,123250.0,115750.0,117290.4,73.37717784118905,67.95604405345097,65.71377052445007,7327.273587351781,5879.11741449133,119200.81613079394,98255.02386920605,123095.58386907166,72757.02313092836,118480.20839889444,76849.39026777222,8610.552641115326,8819.812430540707,8727.092551785347,8545.685244357152,112849.03890827103,108327.28734406331,102354.78209014235,89802.27658912825,108727.92,97926.30350000001,88185.21899999998,85.15566426633919,92.25358703129,160.6120413968455,131.14829078401098,26.62734418439373,24.080820954338048,-14.844335733660808,12.655742743531123,24.39653990226277,62.618119634807115,110717.95,98875.0,104796.475,86180.5,0.13157894736842105,0.13157894736842105,114127.65,123250.0,114127.65,118835.15,0,0.27034416173021364,0.27358263786007303,0.26772367796920754,0.26895536434860945,0.26536209135134053,0.2615661134834027,0.2563206602577249,0.24430853152283874,0.2619083205321791,0.2522455428282347,0.24265064344907755,0.27046213364255933,0.2525538060356835,0.27346540590300783,0.22527528235607114,0.2698964446843886,0.2301861929552186,0.26359099591163765,0.25313262577830054,0.2584984704630969,0.24055639635157808,0.2664098505640949,0.27358263786007303,0.2664098505640949,0.27017547962419297,0.7337717784118906,0.6795604405345097,0.6571377052445007,0.8515566426633918,0.9225358703129,0.6261811963480711,0.8515566426633918,0.9998856913248398,0.9992120454076495,0.31061332383856743,0.1851928880340464,0.39849461870749364,0.6024881325823248,0.9060859911142831,0.9084869257064963,0.9074302131465088,0.33188060135913544,0.322210344865555,0.9053298796040868,0.13157894736842105,0.13157894736842105,0
2025-07-21,117290.4,120321.0,114710.0,119429.9,75.5850448468259,69.25588108379466,66.64782766655213,7785.037514787517,6260.301434550568,122137.05460996974,97914.76539003027,125391.47227071854,74332.38772928144,120689.953590103,76352.29774323035,8182.045120955993,8590.611542644943,8578.70719217652,8432.8127349588,115042.6592721807,110345.94419059725,103980.98379584307,90964.1441738683,110025.91,99861.93,89402.815,89.97375396971206,91.39503791540453,146.95483391549303,116.34601340435466,27.476576026105285,24.57233542967029,-10.026246030287934,12.193424142790036,47.96059385978508,63.05176875665713,110717.95,98875.0,104796.475,86180.5,0.13157894736842105,0.13157894736842105,118170.29999999999,120321.0,114710.0,117937.82500000001,1,0.2701952392160165,0.2725771778453411,0.26812143868599575,0.27188267574334973,0.2683912154985992,0.264513220305414,0.2590056300735634,0.2466991124467194,0.26424341944157975,0.2552726235164443,0.24511584283437576,0.2739778091323065,0.2534582394574937,0.2764397259381792,0.22838773146713565,0.2728633254615368,0.23079895692701938,0.264825923086528,0.25435710849271914,0.25972844837518616,0.2417667818614591,0.27089267224444147,0.2725771778453411,0.26812143868599575,0.27070887841997543,0.755850448468259,0.6925588108379466,0.6664782766655213,0.8997375396971207,0.9139503791540453,0.6305176875665713,0.8997375396971207,0.9999379105135936,0.9995259313716741,0.28572928752379156,0.16469479551330626,0.3854521115046842,0.8787611561951155,0.9009819624499226,0.9058541604209459,0.9057155065113722,0.33490818555138313,0.32415111198867413,0.9040004230474372,0.13157894736842105,0.13157894736842105,1
