DATETIME,OPEN,HIGH,LOW,CLOSE,RSI_7,RSI_14,RSI_21,MACD,MACD_signal,BB_high_10,BB_low_10,BB_high_20,BB_low_20,BB_high_30,BB_low_30,ATR_7,ATR_14,ATR_21,ATR_30,EMA_5,EMA_10,EMA_20,EMA_50,SMA_10,SMA_20,SMA_50,Stoch_K,Stoch_D,CCI_14,CCI_20,ADX_14,ADX_20,WilliamsR_14,ROC_10,ROC_20,UO,Ichimoku_Tenkan,Ichimoku_Kijun,Ichimoku_Senkou_A,Ichimoku_Senkou_B,Fractal_High,Fractal_Low,HA_OPEN,HA_HIGH,HA_LOW,HA_CLOSE,Trend,OPEN_norm,HIGH_norm,LOW_norm,CLOSE_norm,EMA_5_norm,EMA_10_norm,EMA_20_norm,EMA_50_norm,SMA_10_norm,SMA_20_norm,SMA_50_norm,BB_high_10_norm,BB_low_10_norm,BB_high_20_norm,BB_low_20_norm,BB_high_30_norm,BB_low_30_norm,Ichimoku_Tenkan_norm,Ichimoku_Kijun_norm,Ichimoku_Senkou_A_norm,Ichimoku_Senkou_B_norm,HA_OPEN_norm,HA_HIGH_norm,HA_LOW_norm,HA_CLOSE_norm,RSI_7_norm,RSI_14_norm,RSI_21_norm,Stoch_K_norm,Stoch_D_norm,UO_norm,WilliamsR_14_norm,MACD_norm,MACD_signal_norm,CCI_14_norm,CCI_20_norm,ROC_10_norm,ROC_20_norm,ATR_7_norm,ATR_14_norm,ATR_21_norm,ADX_14_norm,ADX_20_norm,ATR_30_norm,Fractal_High_norm,Fractal_Low_norm,Trend_norm
2024-03-04,63179.1,68686.8,62235.0,68360.0,89.89854150374359,87.0638555049132,85.38733825927852,4699.542688700829,3603.1424729766063,69895.75556793786,49026.26443206214,66288.39343163063,44952.79656836937,65349.15085440519,39529.30247892813,3022.643867565925,2463.4847477617304,2188.851268276432,1985.665632143504,63701.08122277132,60575.5988615484,56588.37760558079,50710.77339280226,59461.009999999995,55620.594999999994,48225.348,98.2099820340914,90.49718731185362,126.62577680141031,162.6088238125418,50.79245290773368,40.8299405009371,-1.7900179659086086,34.63557207316329,37.51649554218031,72.65511053821892,59804.4,56493.45,58148.925,53609.15,0.0,0.0,62617.5,68686.8,62235.0,65615.225,1,0.34909647294636137,0.35721018544863925,0.3476370864497721,0.3567466981196019,0.34989429940115774,0.3450192119544938,0.3384337461307826,0.32785936935972504,0.3432215546821117,0.33676770643426945,0.3230280208713803,0.3589063644580065,0.32461053392132855,0.3537575696718702,0.31628832399427753,0.3523723246535531,0.30400998506005006,0.3437788412270069,0.3382715503774887,0.34106310382757093,0.33321357638999227,0.34823092241985487,0.35721018544863925,0.3476370864497721,0.35276669690109136,0.8989854150374359,0.870638555049132,0.8538733825927852,0.9820998203409139,0.9049718731185362,0.7265511053821893,0.9820998203409139,0.9962077950197445,0.9837425614957468,0.24797272815430707,0.22820811738265587,0.8192456252091915,0.7901759270025694,0.8014217961702089,0.7809738037350356,0.7691588906475257,0.3947244441888735,0.37336123630514007,0.7594212950658015,0.0,0.0,1
2024-03-05,68360.0,69387.2,59111.0,63750.1,64.22148831837833,69.68472299565252,71.23103657439843,4682.174460302507,3818.9488704417868,69925.83772164406,51428.422278355916,67294.49534585357,45139.524654146415,66134.58223195751,40156.57110137583,4058.866172199364,3021.535837207321,2573.963112644221,2262.01677773872,63717.420815180885,61152.78088672142,57270.44640504929,51222.11953426099,60677.12999999999,56217.009999999995,48650.187999999995,70.2640685333277,86.36908270636123,81.5736263111523,110.2148261916718,51.13896555234881,41.49542636289648,-29.73593146667229,23.573288052274805,23.017919099683905,65.12062382536199,60154.6,57298.6,58726.6,53959.35,1.0,1.0,65769.55,69387.2,59111.0,65152.075000000004,0,0.3441085153378544,0.34555254281088643,0.33007134775182256,0.33735815178370815,0.3373086346980997,0.333344044097618,0.3270264968596191,0.316312829751852,0.33259115405425776,0.3252411378454802,0.3113845879456606,0.3463015016637306,0.3166978147134313,0.3425882751364212,0.30423979529515927,0.34090663064311466,0.2931329864666245,0.33175747395596245,0.3270737768451304,0.3294430441677747,0.32130400815390664,0.34037150198995586,0.34555254281088643,0.33007134775182256,0.3394597278005088,0.6422148831837834,0.6968472299565253,0.7123103657439843,0.7026406853332771,0.8636908270636122,0.6512062382536199,0.7026406853332771,0.9961191241754556,0.9877828181708597,0.16171500137561085,0.1561614432306217,0.6560096440897965,0.5768005964155412,0.8308905289540031,0.8013851439228358,0.7853590487808519,0.39539125684993537,0.3749396455148791,0.772445405954274,1.0,1.0,0
2024-03-06,63750.1,67764.5,62824.1,66118.5,69.4513982441248,72.6998365783993,73.59277575216262,4804.140954175011,4015.9872871884318,69678.99404763551,54549.4659523645,68614.38633536438,45241.063664635614,67122.8869161059,40729.99308389409,4184.7995761708835,3158.5975631210836,2686.650583470687,2351.2962184807625,64517.780543453926,62055.63890731752,58113.11817599698,51806.29131723115,62114.23,56927.725,49109.996,82.65822046082755,83.71075700941554,87.96715421892885,112.63619391170216,51.46072729377714,42.12763793175789,-17.34177953917245,27.771389922218464,27.385645092304678,63.72556065430549,61938.0,58113.6,60025.8,53959.35,0.0,0.0,66055.05,67764.5,62824.1,65114.3,1,0.3336223111033061,0.3395181348585063,0.33221152806799836,0.3371425958489713,0.33477698710866166,0.3310254557178446,0.3247088241734619,0.3136931325904758,0.3311163845262312,0.32272887112696014,0.30858631592404034,0.34221199702652205,0.31863419775380813,0.3407229657458072,0.30077054832748956,0.33859884594481887,0.2908122021513645,0.3308426392688267,0.3247096210423113,0.3278231401793413,0.3175916856865377,0.337049884287387,0.3395181348585063,0.33221152806799836,0.33566510238697755,0.6945139824412481,0.726998365783993,0.7359277575216262,0.8265822046082755,0.8371075700941555,0.6372556065430549,0.8265822046082755,0.9967006346150389,0.9905922129899497,0.17414128035978663,0.159534349648382,0.7285888883893986,0.6541089792712618,0.8339453022301843,0.8058199945028125,0.7896422701925097,0.39600648381203074,0.37641640429128176,0.7763147244319951,0.0,0.0,1
2024-03-07,66118.5,68160.3,65555.0,66858.7,70.99719624161568,73.58410906154027,74.28551357785175,4903.997996905033,4193.589429131752,69434.29285324182,57262.907146758174,69893.28197937307,45432.85802062691,68070.27727880278,41367.589387863896,3959.156779575043,3119.076308612435,2682.776746162559,2359.76301119807,65298.08702896928,62928.922742350696,58946.03073066393,52396.58185381033,63348.6,57663.06999999999,49591.528000000006,86.58528174356853,79.83585691257458,94.7766167009393,111.96711813959854,51.82984926623137,42.76811436241066,-13.41471825643148,22.64275887370448,28.2001771750927,65.62176835114387,63061.3,58471.45,60766.375,53959.35,0.0,0.0,64934.3,68160.3,64934.3,66673.125,1,0.33679551715938955,0.33973360560403215,0.3359692238765735,0.3378706438545971,0.33559021919003273,0.3320257560616395,0.3257313158013756,0.31443320549161535,0.33266650132642567,0.3236163845006551,0.30917453732587774,0.34152404902124417,0.32294746785147616,0.34216132762913476,0.3008310060850401,0.3396058685803203,0.29194126243103746,0.3322283075991631,0.32495418341252313,0.3286573720321864,0.3172472767623499,0.3350510820975339,0.33973360560403215,0.3350510820975339,0.3376021833873648,0.7099719624161568,0.7358410906154027,0.7428551357785175,0.8658528174356853,0.7983585691257459,0.6562176835114387,0.8658528174356852,0.9971113389533877,0.9925685037447968,0.18731515105651814,0.15860271217710584,0.6379793070528754,0.6672220692028733,0.828403889426661,0.804561273839304,0.7894980315109817,0.39670763579870577,0.3778905569681038,0.7766740155595986,0.0,0.0,1
2024-03-08,66858.7,70320.0,66135.1,68165.0,73.73372790772213,75.11597255080943,75.4775594919015,5030.553822441034,4360.982307793609,69523.77999750305,59390.840002496945,71206.52539817657,45766.80460182342,69130.48589763453,41897.180769032144,3991.4058110643214,3195.206572282975,2754.306424916723,2420.6009108248013,66253.72468597953,63880.936789196014,59824.027803934034,53014.951192876586,64457.31,58486.665,50128.21800000001,89.07200811359026,86.10517010599544,108.33934506177113,113.02812923287696,52.53013844075129,43.58118042219725,-10.927991886409737,19.42450580697608,31.86479433425351,63.972894394100926,64715.5,59016.4,61865.95,54425.75,1.0,0.0,66488.6,70320.0,66135.1,67869.70000000001,1,0.3354130353821292,0.3402883880999985,0.3343630747219176,0.33728103509905816,0.33453595921162427,0.3310197270382128,0.3247056426312418,0.31312053030505255,0.33188529123044846,0.3225336656876764,0.30777268019360915,0.33918775135067064,0.32400726557739523,0.341499770220992,0.29910818708917236,0.33863958757805,0.2907370169233682,0.33227060962504984,0.32339964547447436,0.32793346281898667,0.3156336210509328,0.334877388957107,0.3402883880999985,0.3343630747219176,0.33686180025662993,0.7373372790772212,0.7511597255080943,0.754775594919015,0.8907200811359026,0.8610517010599544,0.6397289439410092,0.8907200811359026,0.9975593210025543,0.9940506600573926,0.2133501884153848,0.16007995813160958,0.5699734558718197,0.7213350725573409,0.8292149288342963,0.8069719939429156,0.7921283940417115,0.3980244830629319,0.37973118063464506,0.7792184133832645,1.0,0.0,1
2024-03-09,68165.0,68606.0,67897.4,68374.4,74.18918013883757,75.36261501237783,75.66741639929842,5089.083271821757,4506.602500599239,70418.61209080092,59674.06790919908,72364.01906963752,46229.26093036248,70107.2443553457,42461.34897798763,3522.4335523408477,3017.5918171199055,2656.891833254022,2363.534213797308,66960.61645731969,64697.93010025128,60638.34896546413,53617.282518646134,65046.340000000004,59296.64,50662.446,89.97010001031032,88.54246328915637,106.7551012739092,102.84588627601124,53.18040695994836,44.353593178994515,-10.029899989689689,9.426878197813517,31.048454333405513,64.10600719295935,64715.5,59310.05,62012.775,54425.75,0.0,0.0,67511.85,68606.0,67511.85,68260.7,1,0.33958593215044514,0.3402092642323524,0.3392057896223964,0.3398823933782191,0.33786352929688357,0.33454515296291065,0.3283006570629473,0.3164851026649792,0.33506334618267053,0.32614802007984467,0.31106239391104595,0.3427312635007317,0.32675826400120334,0.34536908296023383,0.30233172248044426,0.3423025379344109,0.2942605366566123,0.3345713492273379,0.32616976595092456,0.33045876490291864,0.3179189602671494,0.3386555382997966,0.3402092642323524,0.3386555382997966,0.33972152993677196,0.7418918013883757,0.7536261501237783,0.7566741639929842,0.8997010001031032,0.8854246328915637,0.6410600719295936,0.8997010001031032,0.9977423405618709,0.9950979910430732,0.21032388937382449,0.1458745723867336,0.3042797203794305,0.7099577626259438,0.8167191234164634,0.8012545715902037,0.7885288543657334,0.3992319347886554,0.3814489405594318,0.77683363317603,0.0,0.0,1
2024-03-10,68374.4,70029.1,68122.0,68999.6,75.65934403963041,76.12354380555131,76.24400691441576,5126.817931344303,4630.645586748252,70995.34319587884,60660.436804121164,73401.15553593055,46910.59446406945,71131.32204554098,42895.751287792344,3291.6716162921557,2938.2709730399124,2621.1874602419257,2348.319740004065,67640.27763821313,65480.05190020559,61434.658587800885,54220.51065516982,65827.89,60155.875,51208.6,93.19311269203013,90.74507360531022,107.33579290026897,102.10827184193245,54.00633505701399,45.21476532212402,-6.8068873079698635,12.773743505257096,33.165556625603834,62.15212016927814,64715.5,59770.25,62242.875,54425.75,0.0,0.0,68269.7,70029.1,68122.0,68881.275,1,0.34050668072869245,0.3428194300537181,0.34014915564135617,0.34138681196215565,0.33946322660186684,0.33632805000210864,0.33017862892191385,0.3181758065621409,0.33683956050370467,0.32815336021652264,0.31270449405486667,0.3441456037816223,0.3289573641331799,0.3473731449150091,0.3043390282142198,0.34433083171774326,0.2958371566386095,0.33519446312867435,0.3275344905703652,0.33143780289989466,0.31853796346638086,0.3403585280877258,0.3428194300537181,0.34014915564135617,0.3412208320352418,0.7565934403963042,0.7612354380555131,0.7624400691441576,0.9319311269203012,0.9074507360531022,0.6215212016927815,0.9319311269203014,0.9978530008101816,0.9958436884856461,0.21143362594562493,0.14484310214908946,0.4017981729845146,0.73868883489766,0.8099454555658347,0.798591686122972,0.787176415690221,0.40074483614542344,0.3833299342744831,0.7761881092894305,0.0,0.0,1
2024-03-11,68999.6,72919.6,66923.0,72152.4,81.76880962844247,79.55310739509275,78.89241317472077,5349.462260812463,4774.408921561095,72654.54510693114,60948.194893068874,74856.47210546826,47441.80789453175,72515.1801183456,43140.17988165441,3678.089956821849,3156.7230463942046,2781.9213907065964,2469.9290820039296,69144.31842547542,66693.2061001682,62455.39586515318,54923.722002025905,66801.37000000001,61149.14,51819.93600000001,95.83740260867671,93.00020510367239,125.0752118680923,112.14083304453294,55.15249353613264,46.258315865844544,-4.162597391323282,15.596242085565603,37.99273625808277,61.34530465133024,66015.3,61674.8,63845.05,55725.55,0.0,1.0,68687.0,72919.6,66923.0,70248.65,1,0.3365081753691476,0.3418478955290502,0.33355955374071317,0.3408250341387923,0.3367104603217438,0.3332278553603613,0.326904832400988,0.3145744250427413,0.3333841227260895,0.3248723815251543,0.30901481242905643,0.34149569551935305,0.32455602492172786,0.34438460006747457,0.3006066746562168,0.34131001113401066,0.29159399412623604,0.3322428649688106,0.3256952483679223,0.3290226362024016,0.31596182342284573,0.3360698268262851,0.3418478955290502,0.33355955374071317,0.33824074716135233,0.8176880962844247,0.7955310739509275,0.7889241317472078,0.9583740260867671,0.9300020510367238,0.6134530465133023,0.9583740260867671,0.9984040202621571,0.9965674406699593,0.2450600577390415,0.1588446242759068,0.47760332743350736,0.7952322924189477,0.82104207062388,0.8057606491917934,0.7931256514884268,0.40280710886780796,0.38556286356147995,0.7812349505456936,0.0,1.0,1
2024-03-12,72152.4,73391.0,68671.3,71512.0,77.17823074537847,77.12967949693498,77.06015983681952,5411.850128506179,4901.897162950112,73274.29087730718,62219.66912269283,75853.64355917834,48408.316440821676,73642.76066997569,43558.16599669099,3826.8913915615844,3268.364257366047,2874.1965625777107,2544.9214459371315,69933.54561698361,67569.35044559216,63317.92959228145,55574.24270782882,67746.98000000001,62130.98,52458.99,88.71850909003578,92.58300813024755,123.80193917026823,112.33847370124786,56.27189998741848,47.2831736677588,-11.281490909964218,15.238035384226153,37.85392634630807,64.22403141414448,66251.0,61910.5,64080.75,55961.25,0.0,0.0,70576.0,73391.0,68671.3,71431.675,0,0.33793444505221387,0.33957900622859594,0.33316208382760176,0.3370734222754007,0.3349189728227294,0.33160265831457164,0.32534747818963433,0.3128395673721668,0.3318556808775424,0.32352888825748094,0.307330451641299,0.33942519377717695,0.32366592286727147,0.3427705840193041,0.29968085244397297,0.3399100014113733,0.2896780136995522,0.32970446783834084,0.3231874060991418,0.3264990176933396,0.313503245998634,0.3358014745408607,0.33957900622859594,0.33316208382760176,0.33696489954483644,0.7717823074537847,0.7712967949693499,0.7706015983681952,0.8871850909003578,0.9258300813024755,0.6422403141414448,0.8871850909003578,0.9985313146575676,0.9971032478832146,0.242664954177669,0.15911983173133312,0.4683343101242992,0.7937697645487796,0.8250069380059999,0.8092350828282291,0.7963876320486605,0.40478101018187607,0.3877083128695226,0.7842247924728214,0.0,0.0,0
2024-03-13,71512.0,73749.9,71382.2,73133.0,80.42377290371573,78.88322456207331,78.39383180848523,5528.3665475994785,5027.1910398799855,74205.46747527886,63279.27252472116,76798.62310054032,49646.16689945968,74932.14976423336,43813.58356909998,3618.4354784813577,3204.0310961256146,2850.0776786454385,2539.0140644058934,71000.03041132241,68580.92309184813,64252.698202540356,56262.82142516887,68742.37000000001,63222.395000000004,53123.648,95.78588555151006,93.44726575007418,136.80995655074153,120.84774127022234,57.35446434767986,48.28268424042562,-4.214114448489944,15.755051907988562,42.54639438491991,64.1027656463642,66430.45,62089.95,64260.2,56140.7,0.0,0.0,71832.2,73749.9,71382.2,72444.275,1,0.33729783928844553,0.34027517916340055,0.3371224009174301,0.3394632554715238,0.33660406404739274,0.3332591865519815,0.3269803162929741,0.3142397228170753,0.3334859358207966,0.3254257335841077,0.30875337401424263,0.34087056400634663,0.3255121869354113,0.3441936791454482,0.3023022722947479,0.34181299454343195,0.290450149225858,0.3301888014796261,0.32368868283795893,0.32699154729147606,0.314031823841247,0.3377293117178736,0.34027517916340055,0.3371224009174301,0.33854894341796155,0.8042377290371573,0.7888322456207331,0.7839383180848523,0.9578588555151006,0.9344726575007418,0.641027656463642,0.9578588555151006,0.9987425094353323,0.9975483665801292,0.26698994563814327,0.17094469158824374,0.48167913520805744,0.8383548038680959,0.8194073347488209,0.807247707168699,0.7955452334646533,0.4066535865620403,0.3897572786906354,0.7839924897164927,0.0,0.0,1
2024-03-14,73133.0,73949.0,68613.6,71473.1,68.74436677544965,72.73340735048258,73.78176203899565,5424.239336944942,5106.600699292977,74744.20283770114,63363.15716229888,77010.86609599151,51503.82390400847,75816.43193042345,44380.14806957655,3863.7161244125914,3356.271732116642,2968.4263606147033,2632.2269289256965,71157.72027421495,69106.77343878483,64940.35551658413,56859.30293790735,69053.68000000001,64257.344999999994,53751.54800000001,83.3137889203397,89.27272785396185,91.91833260178498,95.99089155777104,56.563801896608545,48.29300526659589,-16.686211079660293,4.553978935049745,40.766847664458865,64.066839874344,68386.55,62189.5,65288.025,56240.25,1.0,0.0,72322.5,73949.0,68613.6,71792.175,0,0.335980921080883,0.33705217385097697,0.32983060190718155,0.3337657189154657,0.3333392276625367,0.33052043089645744,0.3245372086708328,0.31180037182957443,0.3304463943260865,0.32352128505393735,0.30643512096083475,0.33808519802964504,0.32217545726257973,0.3409725087079311,0.30236701089721607,0.3394614154606689,0.2882580635950636,0.3295114076921516,0.3203810610330338,0.3250504022254018,0.31075434677647984,0.33490540613810016,0.33705217385097697,0.32983060190718155,0.3341953642036973,0.6874436677544965,0.7273340735048258,0.7378176203899565,0.833137889203397,0.8927272785396185,0.64066839874344,0.833137889203397,0.9985553591236793,0.9977944032212652,0.18179330725131904,0.13627670465274674,0.15064397376915806,0.8225873719818755,0.8259643510565395,0.8118883938630189,0.7996124068567756,0.4052893930856111,0.3897782189980471,0.7875965342233552,1.0,0.0,0
2024-03-15,71473.1,72525.0,65559.2,69523.8,57.33635534316118,66.20578620149732,68.79137721411873,5125.343780598007,5110.349315553984,74090.40494191684,65171.69505808317,76681.6614647796,53626.518535220406,76448.40947958024,44928.303853753096,4306.870963782222,3614.0951798225965,3158.7774862997176,2776.6793646281735,70613.08018280996,69182.59644991485,65376.87403881422,57355.94988151883,69631.05,65154.090000000004,54342.944,70.17657366221864,83.09208271135613,36.365768601829075,62.742293348806115,54.27904932014592,47.44628821692099,-29.823426337781353,9.05677010702729,34.765036664863956,64.04402875382065,69752.0,62189.5,65970.75,56718.5,0.0,0.0,72303.05,72525.0,65559.2,69770.275,0,0.32861790655626694,0.3300246696280688,0.3203179208175192,0.3259575018763331,0.32745286695892056,0.32548446047138235,0.3200507557103935,0.3075296869529343,0.32610573122776965,0.31972333483881743,0.3023891983657515,0.33208220118593634,0.31974924765765184,0.3353977128996592,0.3011270116652969,0.33510372863971155,0.284378012182915,0.32627263204880813,0.31526110764207055,0.3209183604192098,0.30646395495919154,0.3297294866489556,0.3300246696280688,0.3203179208175192,0.3262978258041299,0.5733635534316118,0.6620578620149732,0.6879137721411872,0.7017657366221864,0.8309208271135613,0.6404402875382066,0.7017657366221864,0.9978487812031105,0.9978053875656601,0.07260356103816493,0.08939258634172204,0.29304340370912096,0.758760322035145,0.8368199085130896,0.8192873463381141,0.8058256888373716,0.40123939817743776,0.3880455724812168,0.7929371097152649,0.0,0.0,0
2024-03-16,69523.8,70081.3,64696.4,65331.2,40.47996726557302,54.81160857340457,59.67592498038705,4498.30545262705,4987.940542968597,74276.86588869641,64827.7741113036,75585.1300708827,56081.419929117284,76633.14714163175,45638.69952503491,4460.875111813334,3740.5812384066967,3264.783320285445,2863.620052473901,68852.45345520665,68482.34254993033,65372.52413035572,57668.704788125935,69552.32,65833.275,54813.458000000006,41.92074403558429,65.13703553938088,-39.4310613996186,19.86337504376794,51.773147642258174,46.42407815712923,-58.07925596441571,-1.190740866777079,26.249963766365518,57.44071558769444,69322.7,62189.5,65756.1,56743.0,0.0,0.0,70498.45000000001,70498.45000000001,64696.4,67408.175,0,0.3229945951057517,0.3237618059470416,0.3160929811693912,0.31702820325996267,0.3220628322660152,0.3215454179455576,0.31708878207629093,0.30510909401825526,0.32303398645737247,0.3177617425408707,0.30027732567405685,0.3293541675175447,0.3162872477556321,0.3310358969853304,0.30245189069747497,0.3323629779552888,0.28295250460846827,0.3227163977933587,0.3123117590664757,0.3176493380688165,0.3035680065553404,0.3243320468221886,0.3243320468221886,0.3160929811693912,0.32002839328981,0.40479967265573025,0.5481160857340457,0.5967592498038705,0.4192074403558429,0.6513703553938087,0.5744071558769445,0.4192074403558429,0.9950435955035272,0.9974168162695457,-0.07869904114179865,0.028368636219885973,-0.03967053203880436,0.6351483347733922,0.8403324385316443,0.8227263592075472,0.8091254927265077,0.3966002493966489,0.3859130077722391,0.796019100341688,0.0,0.0,0
2024-03-17,65331.2,68970.0,64539.8,68432.2,52.52403889059519,60.25944419123207,63.43842685315012,4203.146586523013,4830.98175167948,74161.85258929236,65257.48741070763,74829.25579436804,58229.014205631946,77018.81509584251,46338.39157082414,4456.492952982858,3789.839721377647,3320.2793526528044,2915.8393840581043,68712.36897013776,68473.22572267026,65663.9218322266,58090.80263957198,69709.67,66529.135,55340.185999999994,62.81978703329288,58.30570157703195,-36.92312936827793,22.132685690449954,49.37495994265744,45.412994955703816,-37.18021296670712,2.353470827282014,25.529120425570937,60.4560767225715,69244.4,62189.5,65716.95,56879.5,0.0,0.0,67427.5,68970.0,64539.8,66818.3,1,0.315297632241947,0.3204921564852141,0.3141312455804847,0.31974121329788296,0.3201331236091007,0.31979869761346624,0.31578397334848823,0.3040825012162437,0.3215158497325022,0.3170376971784958,0.2994689795449378,0.32746561681191244,0.31518956539162135,0.3283277732831037,0.3043087966444697,0.3311051750177685,0.2826837539925043,0.3208731461438892,0.3105848832322969,0.3158612668178996,0.30207699894813816,0.31832303690965963,0.3204921564852141,0.3141312455804847,0.31745322707841195,0.5252403889059519,0.6025944419123207,0.6343842685315012,0.6281978703329288,0.5830570157703194,0.6045607672257151,0.6281978703329288,0.9926622563392785,0.9968164389142367,-0.07371231637113153,0.03160759035446056,0.07828849111632621,0.6227002451690382,0.8402341768801185,0.8240342835903928,0.8108105334867955,0.3919494225083552,0.38375794837222055,0.7978255906321621,0.0,0.0,1
2024-03-18,68432.2,69040.0,66533.5,67643.9,49.55036347298789,58.33416145840787,61.89686822673341,3861.1133257688707,4637.008066497358,74192.27367493011,65122.84632506989,74139.7349962654,59975.1350037346,77231.65603866178,47188.93729467157,4177.922531128163,3698.1725984221007,3281.527954907433,2902.1947379228345,68356.2126467585,68322.4392276393,65852.49118153835,58465.43390860837,69657.56,67057.435,55852.74199999999,57.50707642539422,54.0825358314238,-26.79428089249274,23.057629905192876,47.17152465296487,44.46336553997715,-42.49292357460578,-0.7644685689136739,18.51154299650126,55.60308092446221,69244.4,62243.75,65744.075,57657.0,0.0,0.0,66881.7,69040.0,66533.5,67912.4,0,0.3201911348807309,0.3210395688757192,0.31749338117488113,0.3190799065297582,0.3200845553629666,0.32003714843027947,0.31650776361131744,0.30514152184435145,0.32189431687339887,0.318245110071455,0.30079079221363203,0.3279564275438128,0.31544086313754144,0.32788825587076087,0.307571842433936,0.33182311143112797,0.28483767301467633,0.32132328301871554,0.31111627996892066,0.316349953640463,0.3038154055171523,0.31799359917920084,0.3210395688757192,0.31749338117488113,0.31945978628824845,0.4955036347298789,0.5833416145840787,0.6189686822673341,0.5750707642539422,0.540825358314238,0.5560308092446221,0.5750707642539422,0.9884468510622841,0.9958787262646603,-0.053537323277380935,0.032927563256168586,-0.025476771448466894,0.4845407360966357,0.8337808724618316,0.8215864451577097,0.8096369122487201,0.3874768071645588,0.38169068486796276,0.797356704338786,0.0,0.0,0
2024-03-19,67643.9,68174.9,61555.0,61971.5,33.586891073921564,46.75755664811448,52.295435451587004,3096.6381120638544,4328.934075610658,75489.93177645627,62544.608223543706,74183.4910955932,59880.11890440682,77090.00775848445,47983.69224151554,4526.776455252711,3906.8674128205216,3440.498052292793,3026.1182466587397,66227.97509783901,67167.72300443215,65482.87297377279,58602.92669650608,69017.26999999999,67031.80500000001,56226.448,3.3604970146845248,41.22912015779054,-160.88488367193727,-74.50281525054324,44.46956514790106,42.416505184467255,-96.63950298531547,-9.364469743061724,-0.820368701797735,48.17256880668149,67752.0,62243.75,64997.875,57768.2,0.0,0.0,68038.04999999999,68174.9,61555.0,64836.325,0,0.315074072140874,0.315822642804354,0.30606413893716555,0.30670699353759473,0.3130501561499132,0.3143979884227948,0.31196843038576966,0.3013852576742487,0.3169987860564509,0.3142041683343727,0.2974528399767944,0.3256022371293431,0.3075848662032555,0.3239243231140553,0.3034364627095507,0.32761964657322573,0.28247372852490055,0.3152269197127481,0.30712498025662727,0.31125797933154387,0.30002156432256816,0.31563025555124835,0.315822642804354,0.30606413893716555,0.3110202071442969,0.33586891073921565,0.4675755664811448,0.52295435451587,0.03360497014684525,0.4122912015779054,0.48172568806681487,0.03360497014684526,0.9683075486727096,0.993791735435769,-0.3111062767928549,-0.10603252009794077,-0.30239085092964674,-0.023434814292169356,0.841798624924132,0.8270747085468539,0.8143662135891082,0.38170432042966,0.37708396725987703,0.801536637223586,0.0,0.0,0
2024-03-20,61971.5,68133.2,60761.2,67850.5,52.20533387041964,56.41235029390949,59.185289214683465,2931.381028824144,4049.423466253355,75412.88603416945,62391.83396583055,73998.15799158845,60732.09200841154,77181.23095458551,48961.5090454145,4933.236961645181,4154.3768833333415,3627.712430755041,3170.980971770115,66768.81673189267,67291.86427635358,65708.3612619849,58965.57662997644,68902.36,67365.125,56725.078,53.75650222175041,38.20802522060972,-101.9630383092065,-40.199165491774025,42.21191274205597,40.319296417786,-46.24349777824958,-1.6653719731708674,10.895641187824943,54.35058620948448,67355.1,62274.5,64814.8,57858.45,0.0,1.0,64807.7,68133.2,60761.2,64679.1,1,0.3022535891051245,0.31129139700213093,0.3003781854358924,0.31089413853458037,0.30935938443691546,0.3101044558303448,0.30783153157870125,0.29752935101339784,0.3123643230342972,0.31020837253271066,0.2938569714662328,0.3210125429155245,0.3028967694934018,0.3191958627912021,0.3003326455848863,0.32323786256112597,0.27997473683363117,0.31019415894332275,0.302717644963327,0.3065257585119636,0.2957315227931755,0.3065153146063945,0.31129139700213093,0.3003781854358924,0.3063259584838983,0.5220533387041965,0.5641235029390949,0.5918528921468347,0.5375650222175041,0.3820802522060972,0.5435058620948449,0.5375650222175041,0.9606489462266259,0.991000569462308,-0.20114550767998113,-0.05736433244909926,-0.05545544648147252,0.30162296051831045,0.8503953322211956,0.8332158409152747,0.8196633162065827,0.3766116215153801,0.3721329616463339,0.8062111583925307,0.0,1.0,1
2024-03-21,67850.5,68287.7,64528.0,65536.0,46.250052463417695,52.38490553881859,55.85084946068483,2583.8675758149766,3756.3122881656795,74639.4485567055,61841.991443294515,73819.72910145334,61222.360898546685,77063.32167431226,49962.67832568774,4765.588824267297,4126.18567738096,3633.997553100039,3190.604939377778,66357.87782126179,66972.61622610746,65691.94590370063,59223.24029154599,68240.72,67521.04500000001,57184.74399999999,36.20619057007235,31.10772993550243,-79.40641036316423,-33.890633176347166,40.050471337006066,38.35684218537348,-63.79380942992765,-9.170034538005659,4.9960267616826055,52.19973582721518,67355.1,62435.5,64895.3,57896.25,1.0,0.0,64911.0,68287.7,64528.0,66550.55,0,0.3103048117340049,0.31091834412485875,0.3055150421643417,0.3069925851856752,0.30818135680569725,0.3090613723732088,0.3072192357592832,0.29735765944779746,0.31085259627884976,0.30983998042474725,0.2940370356503572,0.31943171133296716,0.30146780920188276,0.3183729086184364,0.30051044107459174,0.32249851555920406,0.2812969341459992,0.3096050261790275,0.3023763022954845,0.3060559680819418,0.2952086167936543,0.3060790245282834,0.31091834412485875,0.3055150421643417,0.3084580066768644,0.46250052463417696,0.5238490553881859,0.5585084946068483,0.3620619057007235,0.3110772993550243,0.5219973582721518,0.3620619057007235,0.9381727528027739,0.9867257400008854,-0.15749098808432008,-0.04837739679056266,-0.2964908368850475,0.14178195647805003,0.846938619687325,0.8325351019625173,0.8198363716817474,0.3714802317854592,0.36726698399353863,0.8068279185050982,1.0,0.0,0
2024-03-22,65536.0,66666.6,62098.0,63815.8,42.087069395538116,49.55328971318595,53.49870792282891,2144.92948498654,3434.0357275298516,73961.5487542849,60980.65124571511,73643.49565545071,61574.58434454931,76753.5785844775,51068.461415522506,4737.447563657684,4157.7867004251775,3678.502431523847,3236.5381080651855,65510.51854750787,66398.64963954248,65513.265341443424,59403.34067226968,67471.1,67609.04000000001,57599.768,23.162316686634657,37.708336492819136,-119.19583515956134,-97.15511162182536,38.79963185503616,36.84262142593387,-76.83768331336535,-10.762109855688552,2.835991420638491,50.11109294132999,67355.1,62435.5,64895.3,57896.25,0.0,0.0,66693.25,66693.25,62098.0,64529.100000000006,0,0.3056300236447589,0.30726062690799516,0.30050165374199983,0.30309692068298316,0.3055929649945679,0.3068765737266732,0.30559696042243994,0.296289784309888,0.30840493291399146,0.3085998278762537,0.2933682477288341,0.317187040174593,0.29877666483997617,0.31677419304316273,0.2996972958014596,0.3207398812296849,0.2820112021557144,0.3082407423686946,0.30101689619225774,0.30469403504423337,0.293854407908764,0.3072987438251531,0.3072987438251531,0.30050165374199983,0.3041550980506086,0.4208706939553812,0.4955328971318595,0.5349870792282891,0.23162316686634657,0.37708336492819133,0.5011109294132999,0.23162316686634654,0.8916569648407706,0.979672545201656,-0.23397604071734948,-0.13790861746842015,-0.34410106038305965,0.08085145787377296,0.8463464842827639,0.8332978652163042,0.8210532813196398,0.36838576623741487,0.3633436018368042,0.8082568476769463,0.0,0.0,0
2024-03-23,63815.8,66064.7,63001.1,63996.3,42.71825014353968,49.85955606607313,53.713478987532945,1790.9873399216813,3105.4260500082173,72106.62840412994,61008.23159587005,73573.87512486345,61725.924875136545,76293.46895640556,52374.677710261116,4498.326483135158,4079.630507537665,3649.2213633560445,3230.7735044630126,65005.77903167192,65961.8587959893,65368.792451782145,59583.456724337535,66557.43,67649.9,58016.132000000005,24.531005929722966,27.966504395476658,-96.27958869071126,-98.44790577689547,37.638138050349816,35.404111704466246,-75.46899407027703,-12.49326569400954,1.2934657188848913,52.15963624156529,66643.1,64218.9,65431.0,57896.25,0.0,0.0,64675.9,66064.7,63001.1,64219.475000000006,1,0.3032665921203491,0.30656580030357305,0.3020440236318236,0.30353544622946993,0.3050258798583108,0.30641728036777494,0.30555646239124484,0.2967460060174229,0.30727434076205107,0.30882762246588796,0.2942191742141488,0.3149255133151069,0.29898889986574584,0.31685435837185705,0.30009992854936307,0.32033403281603284,0.2845559656249947,0.3073970226132448,0.3038660158454597,0.3056471034307703,0.2940232467983655,0.30454127304113887,0.30656580030357305,0.3020440236318236,0.3038668683292735,0.42718250143539677,0.4985955606607313,0.5371347898753295,0.24531005929722965,0.2796650439547666,0.5215963624156529,0.24531005929722965,0.8318127088138982,0.9686709468982967,-0.190213984637514,-0.13971987805718575,-0.3939289421585611,0.036939348190756026,0.8411682994142268,0.8314006791619917,0.820254309223236,0.3654239821080533,0.3594681727177225,0.8080786338120671,0.0,0.0,1
2024-03-24,63996.3,67698.8,63780.6,67248.1,53.394301070855136,55.14311821969652,57.43246993169986,1752.6749773788906,2834.875835482352,70674.18801518247,61595.671984817534,73511.44605881388,61677.16394118614,75766.07289206085,54000.34044127247,4415.4512712587075,4068.0997569992605,3662.0298698629,3253.687720980912,65753.21935444795,66195.72083308216,65547.77412304099,59884.03097044195,66134.93000000001,67594.30500000001,58501.258,49.18864404980366,32.29398888872043,-39.24490876882062,-38.48220342512874,35.80917839846957,33.69631068898923,-50.81135595019634,-5.9113148862998806,-1.6265359859566915,52.642474493950594,65421.25,65342.2,65381.725,58051.5,0.0,0.0,63906.05,67698.8,63780.6,65680.95000000001,1,0.30286277994405275,0.30822214295535383,0.30254152090638015,0.3075849030787371,0.30544175656760214,0.306080951657013,0.30514359559926846,0.29655293150671047,0.3059933807823787,0.30807475978910576,0.2943385028494546,0.31233009292540836,0.29922780007950067,0.3160961513374203,0.29935338466010825,0.31899089190771834,0.2867708964418099,0.30495952886612165,0.30484435507229646,0.30490195855046165,0.29360754313086185,0.3027284890461786,0.30822214295535383,0.30254152090638015,0.3053369739784745,0.5339430107085513,0.5514311821969652,0.5743246993169986,0.49188644049803665,0.32293988888720426,0.526424744939506,0.49188644049803665,0.8237746383881842,0.9553658987849754,-0.07832903094316103,-0.05491926172719588,-0.19453266301199665,-0.04643903026278647,0.839309177278541,0.8311177064044071,0.8206045917226292,0.36057472270785235,0.354663336109838,0.8087851611785588,0.0,0.0,1
2024-03-25,67248.1,71278.3,66374.5,69903.4,60.42160994973158,58.94724839185882,60.17591019242751,1914.5034685219434,2650.8013620902707,70829.69899195986,61516.08100804011,73624.271008196,62179.668991804,75329.39966053137,55657.98033946862,4485.215375364607,4127.792631499314,3721.1617808218093,3308.6914636148817,67136.61290296531,66869.8443179763,65962.59563513233,60276.94740297364,66172.88999999998,67901.97,59048.13399999999,69.3231623166866,47.68093743207108,47.24568063382007,47.77967592127299,33.73811592295308,32.59250221984538,-30.6768376833134,0.5460000747945182,9.652220153380146,54.15197441939798,66019.75,66530.0,66274.875,58051.5,0.0,0.0,65622.20000000001,71278.3,65622.20000000001,68701.07500000001,1,0.3059865155197049,0.31154133318277644,0.3047406350198866,0.30968078082419215,0.3058283801109919,0.305448972316809,0.30414777097459184,0.2955834857850915,0.3044508919522927,0.3069089763852433,0.29363203532676685,0.3109380704945524,0.2975135038519653,0.31463816423840185,0.29853196408663124,0.31683034189317955,0.2880419616591606,0.30423024497176365,0.304963539214014,0.30459756424194,0.2920208494373693,0.30365516466836356,0.31154133318277644,0.30365516466836356,0.3080248972131898,0.6042160994973158,0.5894724839185882,0.6017591019242751,0.693231623166866,0.47680937432071085,0.5415197441939799,0.6932316231668659,0.8555055390435755,0.9433018284372722,0.09421113629770482,0.06815087501977114,0.018197993235876314,0.2689927780237032,0.8408764724486,0.8325740302173777,0.8222059902356931,0.3547837525690939,0.3514302893849003,0.8104610250617068,0.0,0.0,1
2024-03-26,69903.4,71650.0,69333.0,70046.0,60.79201530523717,59.1476191192886,60.32011597626444,2030.8499676394786,2526.8110832001125,71793.51672857536,61495.223271424635,73831.9037679818,62364.786232018196,74637.20901256856,57570.070987431434,4175.4703217410915,3998.450300677934,3654.2969341160087,3275.6350814943858,68106.40860197687,67447.32716925333,66351.49128892925,60660.04750481781,66644.37,68098.345,59595.202000000005,70.40446473255585,62.97209036634871,85.20357302259771,76.99054283318355,31.93789423818581,31.604433605735345,-29.595535267444145,7.21676626175549,5.940092409839909,58.56201245972819,66205.6,66530.0,66367.8,58051.5,0.0,0.0,68575.75,71650.0,68575.75,70233.1,1,0.31063972056536227,0.3129984321095191,0.3098572086973239,0.310834395504224,0.30815345803887567,0.3072258536180854,0.30566424698092454,0.2971365850159239,0.30608400357220117,0.3081421609996716,0.2954570648487408,0.31318979445663203,0.29843440171282704,0.31586892876368644,0.2997679916448524,0.3169079050240775,0.2921829482807313,0.3054544948985981,0.3059202970035155,0.3056876671653128,0.292971063707913,0.3088088121442363,0.3129984321095191,0.3088088121442363,0.3110892475502407,0.6079201530523717,0.591476191192886,0.6032011597626444,0.7040446473255585,0.6297209036634871,0.5856201245972819,0.7040446473255585,0.8749706712911948,0.9334483104142044,0.16877662129863213,0.10954512212054317,0.2360235611585302,0.16810598452715303,0.8337221748158763,0.8293912205827854,0.8203932609408262,0.34946237955107334,0.34844482793014075,0.8094572285004787,0.0,0.0,1
2024-03-27,70046.0,71898.0,68400.0,69548.6,58.561702033698104,58.08271657998242,59.53061486872675,2059.1824103368126,2433.2853486274525,72100.08563453199,61411.934365468034,73969.96859308565,62495.711406914335,74054.15402825965,59155.36597174034,4078.68884720665,3962.7038506295103,3646.8542229676277,3283.0472454445726,68587.1390679846,67829.37677484364,66655.97783284074,61008.61819090339,66756.01000000001,68232.84,60124.496,66.63279697902612,68.78680800942287,88.40976043577372,58.43555829969779,29.897690237225692,30.468659597501322,-33.36720302097388,1.631395746446861,4.023260996699022,50.00063469879942,66329.6,66530.0,66429.8,58089.3,1.0,0.0,69974.7,71898.0,68400.0,69973.15,0,0.3106184779970731,0.31311271385275685,0.30834822502053605,0.30993785462990214,0.308608949449175,0.30754900322799456,0.305885176278453,0.29746579735262757,0.3060281017743981,0.30811475949019346,0.2960810803648136,0.3133811518779423,0.2980911605172664,0.3158313925644368,0.29975249400288295,0.31594030688653113,0.29454086530504514,0.305417423477671,0.30570488862350975,0.30556125934581735,0.29281873337580144,0.31052119773950215,0.31311271385275685,0.30834822502053605,0.310519081899941,0.585617020336981,0.5808271657998242,0.5953061486872675,0.6663279697902612,0.6878680800942287,0.5000063469879943,0.6663279697902612,0.8793260862921948,0.9249413134489136,0.17499951603925465,0.08328599087807899,0.05432631806830088,0.11444667445415482,0.8313776001550496,0.8284934182928774,0.8201894389586455,0.34306814315054623,0.34489921171441457,0.809683185702321,1.0,0.0,0
2024-03-28,69548.6,71615.8,68955.0,70858.8,62.760298386020466,60.119521578997166,60.94443642203655,2162.4311057796003,2379.114500057882,72956.57611449268,61198.42388550732,74217.34124827127,62517.71875172873,73769.4087124324,60358.83795423428,3876.1332976057006,3869.710718441688,3599.899259969169,3262.30567059642,69344.3593786564,68380.18099759934,67056.24661066543,61394.89983047581,67077.5,68367.53,60655.31199999999,85.83620938812291,74.29115703323497,111.53904620953293,68.3068028660356,28.003215093477007,29.389674289679004,-14.163790611877086,4.752682799188115,3.9518814640944813,53.64214925409619,66329.6,66530.0,66429.8,58251.5,0.0,0.0,69797.3,71615.8,68955.0,70244.55,1,0.3105431540844174,0.31334273273402014,0.30972455015994044,0.3123266112303595,0.31026225163964233,0.30892540808948177,0.30706014592767683,0.2986665346700276,0.30709036580199617,0.3089077480174934,0.29751608239717947,0.3151175018145733,0.29836219879828574,0.3167581075160192,0.3003882005727022,0.31617830058540614,0.2970511655722515,0.30602140564343727,0.30630895634398836,0.30616528435043394,0.29368274257621546,0.3108841417709461,0.31334273273402014,0.30972455015994044,0.31149444699922596,0.6276029838602046,0.6011952157899717,0.6094443642203655,0.8583620938812291,0.7429115703323497,0.5364214925409619,0.8583620938812291,0.8940235165114887,0.9195455583561187,0.2194498895080124,0.09727259694298321,0.1571105788185888,0.11243350449017568,0.8262851318716649,0.8261193417338711,0.8188938887686646,0.33674066891336824,0.3414102889190418,0.8090495969985918,0.0,0.0,1
2024-03-29,70858.8,70990.0,69000.5,69899.2,57.7596512379418,57.90042894499048,59.349916150020285,2142.1315810606466,2331.7179162584353,72850.82226098454,62889.71773901543,74331.57389011055,62555.96610988943,73868.06739602298,60754.51927064369,3606.6142550906006,3735.40995283871,3523.2135809230185,3219.8788149098723,69529.3062524376,68656.36627076309,67327.00407631634,61728.40179790814,67870.26999999999,68443.76999999999,61148.085999999996,82.05229509374324,78.17376715363076,89.49226148342346,48.49642787794228,26.244059602853234,28.364638247247804,-17.947704906256757,12.792493323543882,2.2300744138157014,54.787552761352536,66998.0,66530.0,66764.0,58361.6,0.0,0.0,70203.70000000001,70990.0,69000.5,70187.125,0,0.31357840318799945,0.3137553555251611,0.31103785373995296,0.31227456050752334,0.31176739804385184,0.3105602098171636,0.30869337706223804,0.30042475465653323,0.3094605049543388,0.3102639905286583,0.2995272344856397,0.31623194614340217,0.3021970194951692,0.3181597898215584,0.30169089487999107,0.3175603204943406,0.29891392496861957,0.30822592388514425,0.30755719595523784,0.30789211891545476,0.2951017433013546,0.3126901397568241,0.3137553555251611,0.31103785373995296,0.3126675627163008,0.577596512379418,0.5790042894499048,0.5934991615002029,0.8205229509374324,0.7817376715363076,0.5478755276135253,0.8205229509374324,0.8912740454783359,0.91452142660848,0.17709741719345218,0.06916997922334395,0.40232213515154536,0.063630326719692,0.819080196168928,0.8225880523746005,0.8167412592745904,0.3304835501119053,0.33797911697175287,0.8077409525186559,0.0,0.0,0
2024-03-30,69899.2,70400.0,69582.0,69638.7,56.337955785843086,57.282295135795756,58.910580877793,2081.0350123371463,2281.5813354741776,73141.12063419676,62957.05936580322,74382.15643560485,62569.293564395164,73789.09368723696,61397.13297942969,3208.2407900776575,3527.023527635945,3394.3938865933505,3139.81618774621,69565.7708349584,68834.97240335161,67547.16559285764,62038.6095705392,68049.09,68475.725,61598.412000000004,79.71320307449176,82.53390251878596,73.75315529568121,43.93236826347047,24.610558075845443,27.390854006938163,-20.286796925508245,2.635500106852561,0.9262372535492832,56.62086202517413,66998.0,66530.0,66764.0,59124.55,0.0,0.0,70379.0,70400.0,69582.0,69879.975,0,0.3146829507423994,0.31536627171109133,0.3142477165364006,0.3143256545066367,0.3142253972695352,0.31321516399669297,0.31140971634450615,0.30329642616251523,0.3121172735035764,0.3127147846835837,0.3026187620728672,0.3190258802741846,0.30469572179892584,0.3206397154624042,0.304107331341204,0.3198717487748192,0.30230736558154525,0.3106297849907147,0.30996029114390156,0.3102955983437754,0.2987225031578823,0.3153377116737735,0.31536627171109133,0.3142477165364006,0.3146566257292674,0.5633795578584309,0.5728229513579576,0.5891058087779301,0.7971320307449176,0.8253390251878596,0.5662086202517412,0.7971320307449176,0.8825879736604675,0.9088812005783146,0.14644572061759367,0.06267825357660037,0.08762470131563344,0.026457745353435033,0.8073789674155716,0.8168493085935495,0.8130175052878167,0.32430046912994825,0.3346067051291277,0.8052237977528977,0.0,0.0,0
2024-03-31,69638.7,71514.2,69609.4,71378.0,63.36254413630107,60.32766426111408,60.93774690991878,2148.1994099202857,2254.9049503633996,73778.19287523472,63488.3871247653,74256.0244684243,62617.98553157569,73922.7073673053,61860.879299361375,3022.0349629237066,3411.150418519092,3323.46084437462,3098.648981488003,70169.84722330561,69297.34105728767,67912.00696496644,62404.86017561609,68633.29000000001,68437.00499999999,62071.41,95.33079520149414,85.69876445657638,88.05432463482657,71.23070348195209,23.583400594476924,26.68775182426224,-4.669204798505853,8.9141845703125,-1.073283771572386,54.5121239529971,67449.55,67355.1,67402.32500000001,59579.5,1.0,0.0,69768.95,71514.2,69609.4,70535.075,1,0.31558887896940196,0.31813465266620994,0.3155485889350568,0.3179519435689896,0.31631645198636493,0.3151184707579001,0.31318637454587145,0.30511375120497003,0.314196989736615,0.3139229778421542,0.3046033941310317,0.32112384808774663,0.3067543701465677,0.32174347906403694,0.30543858783051353,0.32131165345029394,0.30427982300665835,0.3125329945642205,0.31239902476381565,0.31246603209890067,0.30070466817315206,0.3157677877723851,0.31813465266620994,0.3155485889350568,0.316813692298657,0.6336254413630107,0.6032766426111408,0.6093774690991878,0.9533079520149415,0.8569876445657638,0.545121239529971,0.9533079520149415,0.892102873463634,0.9057374124793085,0.1743103291394904,0.10140837076592525,0.28869267400584486,-0.03065564213005932,0.8014016560350588,0.8135097992786123,0.8109062787874104,0.3202071442594595,0.3320990142996941,0.8039044152283973,1.0,0.0,1
2024-04-01,71378.0,71394.6,68043.8,69706.8,53.68112273163401,56.183122541547405,58.04844364707598,2043.025084266963,2212.5289771441126,73254.70396143681,65190.07603856316,74026.51234751531,62666.97765248469,73804.559274075,62489.08739259167,3069.001396791749,3406.839674339157,3324.7627089282096,3107.0540154384025,70015.4981488704,69371.78813778082,68082.93963496963,62691.21075696448,69222.38999999998,68346.745,62498.975999999995,80.32468931829614,85.12289586476068,49.38126853576187,42.3190092597614,21.93148465756612,25.63884713157551,-19.67531068170387,9.231256209277326,-2.5243315807137225,50.75967366003349,67839.3,67355.1,67597.20000000001,60394.5,0.0,0.0,70508.35,71394.6,68043.8,70130.8,0,0.3176923472678614,0.317714631135044,0.31311273121536404,0.315423122416917,0.31584618149774807,0.3149619671561755,0.3131677254585457,0.3052918451405335,0.31475562787167743,0.3135376057889314,0.3049992597354487,0.3201807005476451,0.3090192730648609,0.3211863531876088,0.30525500895934726,0.3208981867840481,0.3049841858882406,0.3128248998863482,0.3121400727863267,0.3124830725703881,0.3017389362945132,0.3165179282185852,0.317714631135044,0.31311273121536404,0.31600374033212414,0.5368112273163401,0.561831225415474,0.5804844364707598,0.8032468931829614,0.8512289586476068,0.5075967366003349,0.8032468931829613,0.8768599905790749,0.9005306289279008,0.09844267379325423,0.060382181920787946,0.2983510377466196,-0.07199896044375356,0.8029433295562164,0.813383384292804,0.8109454312928799,0.31325108421600156,0.3282370568894002,0.8041752090821201,0.0,0.0,0
2024-04-02,69706.8,69743.9,64490.0,65484.0,37.01053911439566,47.33417558903471,51.5621164084148,1600.479671470006,2090.1191160092912,72663.03531258376,66079.28468741625,73324.528158539,62604.06184146099,73668.03988995843,62779.266776708246,3381.129768678641,3538.772554743503,3416.6263894554377,3178.615548257122,68504.99876591361,68664.91756727522,67835.42157449634,62800.73190375019,69371.16,67964.295,62809.437999999995,42.407154658429725,72.68754639274,-45.87220392717359,-44.5075585410472,21.759833450536412,24.802968258602004,-57.592845341570275,2.324665644732581,-10.45902670477076,47.959532922431514,68194.0,67355.1,67774.55,60752.35,0.0,0.0,70542.4,70542.4,64490.0,67356.175,0,0.3132442818122136,0.31329517067747853,0.30581767513535413,0.30727591416998856,0.3115816450494071,0.31180448633121727,0.3106431823643183,0.30328960358525736,0.3127827145761765,0.3108244938836211,0.3033027978986961,0.3172201885578558,0.30813914815749455,0.31808860943834716,0.30299108023062693,0.31853662085785805,0.303257065192163,0.311146852022704,0.3099645090416333,0.3105574279406466,0.30013580980640775,0.3143842168645132,0.3143842168645132,0.30581767513535413,0.3099660331238395,0.37010539114395663,0.47334175589034705,0.515621164084148,0.42407154658429724,0.7268754639274,0.47959532922431514,0.42407154658429724,0.7883231580500607,0.8839194647879584,-0.09148786620859041,-0.06349668353538715,0.07733413190146435,-0.29024092812468233,0.8126260899118215,0.8171817753991238,0.8136701550929739,0.31249972915923585,0.3250489534092992,0.8064515571691129,0.0,0.0,0
2024-04-03,65484.0,66950.0,64406.0,65971.5,39.539386720894555,48.34564202831311,52.20942877310168,1274.405861769017,1926.9764651612363,72930.14841176893,65556.85158823107,72862.35015820929,62516.079841790706,73647.65398802541,62640.41934530792,3261.5398017245493,3467.717372261824,3375.072751862321,3157.461696648551,67660.49917727575,68175.20528231608,67657.90523406812,62925.07575066195,69243.5,67689.215,63134.66,39.525510204081634,54.085784726935834,-70.7234190794661,-63.364909328339046,21.628339675327368,24.024511706046365,-60.474489795918366,-1.898343596324663,-7.697441415021883,48.60685006696367,68152.0,67355.1,67753.55,60830.9,0.0,1.0,67595.4,67595.4,64406.0,65702.875,1,0.3079128305809373,0.3100260787722003,0.3063298885218145,0.30862053260095335,0.311034420892917,0.3117585940635787,0.3110307579934454,0.3041136083843906,0.3132451138148392,0.31107496145915847,0.304430261776841,0.31821169966899204,0.3080189078027682,0.31812255443574255,0.303492768381073,0.3191502804154833,0.30368191905450237,0.3117260576975889,0.31060224297824013,0.31116572902901124,0.30089327740754246,0.3109424539456575,0.3109424539456575,0.3063298885218145,0.3082311903222949,0.39539386720894554,0.48345642028313107,0.5220942877310167,0.3952551020408163,0.5408578472693584,0.48606850066963675,0.3952551020408163,0.6908624855399687,0.8577191663819017,-0.14051100801354763,-0.09027485972170557,-0.06319379719213315,-0.21644838500937658,0.8090261251318847,0.8151540171255716,0.8124468405205908,0.3119203088651933,0.32198558127650184,0.8057840383194952,0.0,1.0,1
2024-04-04,65971.5,69315.8,65035.7,68480.4,51.28276215126738,53.314928497262045,55.428178135444654,1204.5519554589118,1782.4915632207717,72784.82875328098,65417.57124671902,72755.88225526619,62518.207744733816,73558.25376819097,63045.17289847569,3407.048401478186,3525.744702814551,3418.1692874879254,3194.8829734269325,67933.79945151717,68230.69523098588,67736.23806891877,63142.93160357717,69101.2,67637.045,63467.832,65.12653061224484,49.01973182491873,-19.53116304316351,-0.3959853180830614,20.407132935695405,22.86596416216851,-34.873469387755165,-2.0356663624373064,-1.500781027504263,52.33634975800571,68152.0,67355.1,67753.55,61124.55,0.0,0.0,65727.75,69315.8,65035.7,67200.85,1,0.30749644902819373,0.3122183443239811,0.30613424359065433,0.31105955006457053,0.31029402059716515,0.31071055842273265,0.3100158820876932,0.30332096310885104,0.3119219491166134,0.3098759400001104,0.3038095341601189,0.3168915894560924,0.3066923607529266,0.3168534845294903,0.30237476964155563,0.3179043796106508,0.3031734894430153,0.3106003197418187,0.30947709778349963,0.31004028578882864,0.300231134999692,0.3071434155135601,0.3122183443239811,0.30613424359065433,0.3092582191030866,0.5128276215126738,0.5331492849726205,0.5542817813544465,0.6512653061224484,0.4901973182491873,0.5233634975800571,0.6512653061224484,0.6657298827434915,0.8300595053563041,-0.03904247025561325,-0.000565693251204936,-0.06775159273859922,-0.04285319716697557,0.8133895090160029,0.8168130543951513,0.8137152902156715,0.3063724181242906,0.3172453350319273,0.8069618689640959,0.0,0.0,1
2024-04-05,68480.4,68775.9,65943.0,67814.0,48.37132886932613,51.887078438009375,54.40621694460868,1082.9359097121487,1642.580432519047,72576.04577473,65179.95422527,72769.55102786787,62752.818972132125,73555.79032388316,63160.66967611683,3325.0272012670152,3476.255795470654,3390.299321417072,3182.816874312701,67893.86630101145,68154.93246171571,67743.64396711698,63326.11075637807,68878.0,67761.185,63786.028,54.09637064595534,52.91613715409394,-34.841652751518566,-5.288509521171604,19.273155248894295,21.76534399548455,-45.90362935404466,-3.186477457670674,3.800328173981196,54.58323733423922,68010.9,67355.1,67683.0,61584.75,0.0,0.0,67225.95,68775.9,65943.0,67753.325,0,0.31142109874368007,0.311832596360044,0.3078161662895937,0.31048684290534884,0.3105992724708856,0.3109659016790796,0.3103876963244937,0.3039569574509998,0.3119743827058919,0.3104124245626859,0.3046460895141487,0.31697888219862486,0.30670617800567024,0.3172339791448037,0.3030912437520977,0.3182638320807902,0.30370789736910137,0.3107637954150066,0.3098383779018364,0.3103021571515688,0.30130383526351606,0.3096551170648866,0.311832596360044,0.3078161662895937,0.31040134478816583,0.4837132886932613,0.5188707843800937,0.5440621694460868,0.5409637064595534,0.5291613715409393,0.5458323733423922,0.5409637064595534,0.618120219026825,0.7987152276459756,-0.06957073560269945,-0.00755486986268615,-0.10581827330723532,0.10815609275921721,0.8109533838091953,0.8153998697168043,0.8128968407595233,0.3009297609370921,0.3125239379390109,0.8065836030961234,0.0,0.0,0
2024-04-06,67814.0,69699.9,67457.9,68894.6,53.3785625283247,54.03668876132631,55.793946440039306,1061.5132424209587,1526.3669944994294,72483.9297852411,65141.270214758915,72809.09015141704,62759.519848582975,73596.65989801721,63255.52676864947,3170.3090296574414,3388.09466722275,3335.618401349592,3151.456311835611,68227.4442006743,68289.41746867649,67853.25882739155,63544.48288357893,68812.6,67784.30500000001,64120.884000000005,63.000468130189546,60.74112312946324,-3.783826748808733,32.66289778728273,17.982960860532426,20.910255955860187,-36.999531869810454,-0.9403496260169147,0.6757052966293774,56.75488341456626,67960.1,67355.1,67657.6,62189.5,0.0,0.0,68147.2,69699.9,67457.9,68466.6,1,0.3114328560609907,0.3140556483120318,0.3109297994164171,0.3129440918293815,0.3120137647426608,0.3121005500245991,0.3114881618030222,0.3052279402222579,0.31283021092564756,0.311391003001615,0.306088449404427,0.31780595765243475,0.30759386006662487,0.31823494127928587,0.30404403182428014,0.31926641744513845,0.3047937550609846,0.31163851924154196,0.31078410356075714,0.3112122239310683,0.3031754374780743,0.31190128144686985,0.3140556483120318,0.3109297994164171,0.31234825580823067,0.533785625283247,0.5403668876132631,0.5579394644003931,0.6300046813018955,0.6074112312946324,0.5675488341456626,0.6300046813018955,0.6092171271323624,0.7688781995145642,-0.007567509035986831,0.046627447201345706,-0.03133472599714792,0.019303467437636612,0.8061899724743388,0.8128318104891376,0.8112713118406543,0.2943541779989518,0.3086954835687026,0.8055937209483132,0.0,0.0,1
2024-04-07,68894.6,70366.0,68803.4,69355.0,55.522746352145,54.960006884896615,56.387783099917,1069.359149900265,1434.9654255795965,72101.85822841857,65222.581771581434,72940.23089665057,62799.489103349435,73645.95541500169,63285.564584998305,2940.6363111349506,3257.702190992554,3251.1889536662784,3098.494434774424,68603.29613378287,68483.15974709895,67996.2817962114,63772.34629990917,68662.22,67869.86,64474.122,66.05712760277629,61.05132212630706,26.797892944075507,55.35525592566734,17.073529760555918,20.23298644093363,-33.9428723972237,-2.1222487538597927,2.529570293847643,52.97866102977526,67960.1,67355.1,67657.6,62189.5,0.0,0.0,68354.3,70366.0,68354.3,69354.75,1,0.3145653876472931,0.3165885893273507,0.31443862852534166,0.3152028572652311,0.31415993930406455,0.31399224873095577,0.3133097536063252,0.3071846681345178,0.3142420846277213,0.3131317738180565,0.3082286491339814,0.3189239593299644,0.3093301974475924,0.32003264270322196,0.3057191514910526,0.32095647418763046,0.30645406253410756,0.3132588483104138,0.31240379308034627,0.31283223459190407,0.30478918396104937,0.3138120686649549,0.3165885893273507,0.3138120686649549,0.31520251221571594,0.55522746352145,0.5496000688489662,0.56387783099917,0.6605712760277629,0.6105132212630706,0.5297866102977526,0.6605712760277629,0.6124959384964853,0.7427760025794894,0.053544526671710904,0.07891450885185976,-0.07062385493666537,0.07214786045026607,0.7986721273919222,0.8089084294175015,0.8087083572813158,0.2894448423688384,0.3055555936614874,0.8038994291616705,0.0,0.0,1
2024-04-08,69355.0,72854.5,69050.0,71674.4,64.98711040204525,59.38627665499355,59.281192865785314,1248.343161174358,1397.640972698549,72676.70511237702,65002.77488762299,72905.16687952704,63804.84312047294,73882.1361398533,63269.38386014668,3064.0454095442433,3296.7591773502286,3277.537098729789,3122.027953615276,69626.99742252192,69063.3852476264,68346.57876800079,64082.23075873626,68839.74,68355.00499999999,64864.112,86.03183997159252,71.69647856818612,100.00604981612724,101.82657840040838,17.185356978535612,20.053936382005027,-13.968160028407478,2.5396571062329714,15.657035895532614,54.39496517327178,68630.25,67355.1,67992.675,62189.5,1.0,0.0,69124.8,72854.5,69050.0,70733.475,1,0.31447868800333706,0.31919416740633627,0.3140569770559724,0.31762873534036845,0.3148532733264632,0.31407552164578734,0.31307755106457064,0.3069253843411137,0.3137652201535407,0.31308934048609915,0.3080821084383943,0.31895988025340294,0.3082858583100007,0.3192608327227833,0.30651177709849037,0.3205376723721769,0.30570849321573956,0.31347368268125547,0.3116805455185161,0.31258113322214653,0.3040685783235883,0.3141605646466907,0.31919416740633627,0.3140569770559724,0.31636277456781525,0.6498711040204525,0.5938627665499355,0.5928119286578531,0.8603183997159252,0.7169647856818613,0.5439496517327178,0.8603183997159252,0.6816709374906712,0.731413712343239,0.1973869484638079,0.1444491025662792,0.0844535873945191,0.41971322931905997,0.8027817663772551,0.8100998479637818,0.8095152595402894,0.290061670863042,0.3047087544166215,0.8046558308128475,1.0,0.0,1
2024-04-09,71674.4,71814.0,68200.3,69187.0,51.322977308908506,53.33300356554171,55.16033221364831,1175.9215955210384,1353.297097263047,72603.3809599189,64985.75904008109,72979.64185267678,63864.01814732319,73890.80453936441,63273.20879396892,3142.567493895065,3319.397807539498,3293.544855933132,3138.4170218281,69480.33161501461,69085.86065714888,68426.61888533406,64282.417787805425,68794.56999999999,68421.82999999999,65211.554,56.5899272060129,69.55963159346057,31.64510804278417,47.696775076371544,16.870633862487825,19.68097813573528,-43.4100727939871,-0.6486335902307153,1.969771777658234,56.39882651221213,68630.25,66807.85,67719.05,62189.5,0.0,0.0,70514.7,71814.0,68200.3,70218.925,0,0.31712706812342567,0.31731349328587716,0.3123720656147928,0.3137457077162041,0.31415045945510683,0.3136057705692387,0.31268880897514534,0.3067235552328068,0.3132016410178053,0.3126821170962015,0.3080922599575923,0.318361162143182,0.307761361877964,0.3188567001615833,0.3061010424912158,0.32004663110296355,0.30521535891171064,0.31297294487270894,0.31040087936824706,0.3116951812937438,0.3035700924772122,0.31556479244751784,0.31731349328587716,0.3123720656147928,0.31516240556836483,0.513229773089085,0.5333300356554171,0.5516033221364831,0.565899272060129,0.6955963159346057,0.5639882651221213,0.565899272060129,0.6549667651088146,0.7173664619458214,0.0632058450853279,0.06803299434251796,-0.021617751208989285,0.05621985024037596,0.8053113578531084,0.8107839876280547,0.8100023305660529,0.2883158799302635,0.3029214347154917,0.8051792399826821,0.0,0.0,0
2024-04-10,69187.0,71269.0,67506.1,70655.8,57.48174858765272,56.17379747800662,57.013069178525804,1222.949467496117,1327.227571309661,72355.8338150181,65088.86618498192,73132.48573363267,64223.15426636732,73732.8027916859,63331.43720831409,3231.1864233386264,3351.07653557239,3315.895100888697,3159.233121100496,69872.15441000974,69371.3041740309,68638.92184863558,64532.35434514639,68722.35,68677.81999999999,65578.92800000001,73.97526188080727,72.19900968613756,36.15229100444686,46.27666741459424,16.242892393784352,19.163167081092563,-26.024738119192723,-1.0117963518170825,7.812194824218754,60.01354817604719,68630.25,66807.85,67719.05,62189.5,0.0,0.0,70430.7,71269.0,67506.1,69654.475,1,0.3131134072101292,0.3159506032339398,0.3107625799947578,0.3151233096739707,0.31405599999685696,0.313367836229943,0.31235294639732336,0.30646325953004994,0.31246907712229427,0.31240710881729317,0.307997520489289,0.3174002883462471,0.3072820269731706,0.31842350834357436,0.3060054354093179,0.31920729919949753,0.30467323270707125,0.31234086757387947,0.3097695575373748,0.31106347687209135,0.30294087388737345,0.3148178923183472,0.3159506032339398,0.3107625799947578,0.313757492089305,0.5748174858765271,0.5617379747800662,0.570130691785258,0.7397526188080726,0.7219900968613756,0.6001354817604718,0.7397526188080729,0.6725034379176892,0.7088249860497754,0.07217884330273933,0.06601338306590643,-0.0337137631211715,0.21957122117573505,0.8080914098465968,0.8117335294149302,0.8106784413752587,0.28474000234246283,0.30038575281410995,0.8058401076360058,0.0,0.0,1
2024-04-11,70655.8,71341.7,69580.0,70038.5,54.12405691461435,54.667612598637675,55.992126742466354,1196.614615425351,1301.104980132799,72430.16926848785,65080.87073151212,72874.73280655316,65103.17719344682,73597.30203051167,63368.70463615498,3021.259791433108,3237.549640174362,3241.8858103701878,3112.648683730479,69927.6029400065,69492.61250602527,68772.21500590838,64748.28162572889,68755.51999999999,68988.95499999999,65942.194,66.6686394034444,65.74460949675485,62.6797330214557,62.104711478200315,15.690684081010472,18.685715234998785,-33.331360596555605,0.47585027572632377,9.7510334431285,55.22883670611166,68630.25,66807.85,67719.05,62189.5,0.0,0.0,69921.4,71341.7,69580.0,70404.0,0,0.31654570850578984,0.3174712137696619,0.3150766230385373,0.31570537999465814,0.3155536650770479,0.3149563356860384,0.3139591693121472,0.30819864379853656,0.3139359419677109,0.3142602256013209,0.3099426979874135,0.3189225590172078,0.30868755065743825,0.3195093262955611,0.30872025583916274,0.3204557404953308,0.3061447476614182,0.3137614846169394,0.3111884833003101,0.31248325915007885,0.3043550910022354,0.3155451722210189,0.3174712137696619,0.3150766230385373,0.31620378627493495,0.5412405691461435,0.5466761259863767,0.5599212674246635,0.6666863940344441,0.6574460949675485,0.5522883670611166,0.6666863940344439,0.6627731341331643,0.7000524203491106,0.12470689331614945,0.08848896025712602,0.015860345763793002,0.2716097392485993,0.8013760105859502,0.8082880866643327,0.8084218894577366,0.28148507243119386,0.29798932577462434,0.8043550527702721,0.0,0.0,0
2024-04-12,70038.5,71281.1,64669.0,67120.5,40.936660662625854,48.10191921010109,51.4217500372673,929.5703339975444,1226.7980509057481,72110.42380883414,65727.91619116586,72418.47631014165,65871.85368985837,73115.79574352509,63449.377589808224,3534.236964085522,3478.588951590479,3402.3722003525595,3229.2970609394633,68991.90196000434,69061.31932311159,68614.90881486949,64841.309797268936,68919.17,69145.16500000001,66258.51,32.12996389891697,57.59128839438955,-59.275611635877425,-68.34411959278339,15.928997733703936,18.284401106951343,-67.87003610108303,2.499083745647792,4.881844731648544,50.62147430731255,68761.75,66807.85,67784.8,62189.5,0.0,0.0,70347.15,71281.1,64669.0,68277.275,0,0.3121856696317655,0.3138674188155183,0.3045746468788158,0.30812154134923336,0.3107469132692791,0.3108429848164421,0.3102235481964137,0.304828101727012,0.3106461553079546,0.3109589017843491,0.3068886813849614,0.31497430119584136,0.3061221729103532,0.31538235211461885,0.30633068986893747,0.31629992718699607,0.3027620696063528,0.3104277279550566,0.30767612882337475,0.3090613922128922,0.30085451486427867,0.3126060476402849,0.3138674188155183,0.3045746468788158,0.3097524877054078,0.40936660662625857,0.48101919210101085,0.514217500372673,0.3212996389891697,0.5759128839438955,0.5062147430731255,0.3212996389891697,0.5509285581558008,0.6739063606317471,-0.1179989393939026,-0.09732540186545598,0.0831106356626902,0.13858372482936743,0.8170535609771574,0.8154669448433058,0.8132522042705281,0.28290279937844637,0.2959296536314165,0.8080329381318887,0.0,0.0,0
2024-04-13,67120.5,67937.6,59765.9,63905.1,31.172466783294226,42.10148948737799,46.98445555646123,453.255066964397,1072.089454117478,72786.12255797612,64638.937442023875,72899.07296451688,65056.95703548313,72960.13656059038,63100.50343940963,4196.731683501876,3813.811169334017,3629.4830479548186,3394.043825574815,67296.30130666957,68123.82490072766,68166.35559440573,64804.59568757212,68712.53,68978.015,66521.13,31.624467093501195,43.47435679862085,-181.15826238760013,-227.95084095708245,17.39018231703029,18.63012638189917,-68.3755329064988,-3.132261658443421,-4.9711441661548905,50.552401758694806,66310.2,66310.2,66310.2,62243.75,0.0,1.0,68579.5,68579.5,59765.9,64682.275,0,0.3033796904549815,0.3045317961994389,0.2923648220597631,0.2987125435419436,0.3036286923115044,0.30479252513424115,0.3048519760843844,0.3000402536772198,0.3056123137242873,0.3059798217688147,0.30252606253405656,0.31110790657418275,0.2997970526843078,0.311256064238071,0.30040960940200667,0.31133607037045635,0.2975097868894017,0.3022239123546305,0.3022239123546305,0.3022239123546305,0.2962129576052723,0.3054276525233234,0.3054276525233234,0.2923648220597631,0.2998607332107832,0.3117246678329423,0.4210148948737799,0.4698445555646123,0.31624467093501196,0.43474356798620856,0.5055240175869481,0.31624467093501196,0.29329724279123953,0.6136320220665147,-0.3472528582424083,-0.3146013563291467,-0.10403097621294218,-0.1410852462967621,0.8342299583021537,0.8246646445595516,0.8197120989467661,0.29118169524893434,0.29770654464693347,0.813007194876804,0.0,1.0,0
2024-04-14,63905.1,65824.0,62088.7,65618.9,40.062342112913946,45.97017414593922,49.426796516879755,211.6216803490679,899.9958993637961,72906.70297210799,63946.05702789202,72920.30168596953,64607.27831403048,72871.39895290592,62928.914380427406,4130.812871573037,3808.2032286673016,3634.521950433161,3405.4190313889876,66737.16753777972,67668.38400968626,67923.7407758909,64836.52919002027,68426.38,68763.79000000001,66801.73,44.718304478706614,36.157578490374924,-129.42391929966715,-160.84220784542777,18.746996572976194,18.958565393099605,-55.28169552129339,-4.17856788219695,-6.129172543824764,54.45606860322052,66310.2,66310.2,66310.2,62243.75,0.0,0.0,65512.8,65824.0,62088.7,64359.174999999996,1,0.29839485294718643,0.3012057907212512,0.29565923572497593,0.30090908966515767,0.30251621256855993,0.3038350821028273,0.3041937221687396,0.299769145674747,0.304895926587564,0.30536454916461286,0.30260821483204553,0.3109463803007385,0.29845568232837505,0.3109641985739205,0.29943264178328305,0.3109001069340911,0.2969339616922637,0.3019056386485055,0.3019056386485055,0.3019056386485055,0.2958956947531648,0.30075525746457143,0.3012057907212512,0.29565923572497593,0.29906718510396557,0.40062342112913946,0.4597017414593922,0.49426796516879756,0.44718304478706616,0.36157578490374925,0.5445606860322052,0.44718304478706605,0.14015249217471135,0.5370476217141558,-0.25321756178879257,-0.22581444032587608,-0.1383917958132797,-0.1733507932754716,0.8326471541598582,0.8245175319916743,0.8198507969874982,0.2983001407528603,0.2993658394207045,0.8133416881074345,0.0,0.0,1
2024-04-15,65618.9,66834.9,62222.0,63413.7,33.55598254367439,42.074460516424,46.530657521614074,-156.01725993756554,688.7932675035238,73390.0125484942,62582.68745150582,73147.32032835428,63717.02967164572,72984.127189544,62688.35281045602,4199.682461348317,3865.6815694767797,3681.111381364915,3445.668397009354,65629.34502518649,66894.8050988342,67494.2130829489,64780.731966882224,67986.35,68432.175,67035.05399999999,27.87005485689834,34.737608809702046,-120.67282443270891,-145.3517639441701,19.53187804003579,19.04619048138162,-72.12994514310165,-6.4887781284100665,-9.468492133740689,50.38968948033942,66310.2,66310.2,66310.2,62274.5,0.0,0.0,64762.0,66834.9,62222.0,64522.375,0,0.2997923935806071,0.30153774457955673,0.29474887896328444,0.2965473529200283,0.29980751600253547,0.3016229453456038,0.3024714873538378,0.29857136869570977,0.3031628300663177,0.30378501535437696,0.30182213261517216,0.31045512228095895,0.29529663787310734,0.31013876364593795,0.2970000100049043,0.3099254709635273,0.29545654023536566,0.30078836467890224,0.30078836467890224,0.30078836467890224,0.29482879504086845,0.2985439093269905,0.30153774457955673,0.29474887896328444,0.29819197395735225,0.3355598254367439,0.42074460516423995,0.4653065752161407,0.2787005485689834,0.3473760880970205,0.5038968948033942,0.2787005485689835,-0.10363804351409285,0.4294283044307755,-0.2367663676564104,-0.2047116426889269,-0.21298164620547527,-0.2641163945718944,0.8343002281868479,0.8260151942593948,0.8211241611570397,0.3021978704686054,0.29980391347715174,0.8145163361427846,0.0,0.0,0
2024-04-16,63413.7,64357.6,61512.5,63772.3,35.542020322689254,42.921551425269485,47.06030869979831,-413.6692244363512,468.30076911554875,73383.71984960054,61564.52015039945,73241.64844786181,63045.071552138186,73024.96821583851,62336.851784161496,4006.1706811557,3792.782885942724,3641.301315585634,3425.6494504423754,65010.330016791,66327.07689904615,67139.7451702871,64741.18561523979,67474.12,68143.36,67220.2,30.609843680760367,34.399401005455104,-126.25425740721077,-149.64390074992676,20.439094102568532,19.23171377897697,-69.39015631923964,-7.434980390335386,-8.30541520605735,55.29146555082467,66310.2,66310.2,66310.2,62435.5,0.0,0.0,64516.299999999996,64516.299999999996,61512.5,63264.024999999994,1,0.2971000896436503,0.29850240318637716,0.2942144195665606,0.29763516586276184,0.2994607627628022,0.3013665433079847,0.3025248788845869,0.29906670829073023,0.30299761074703896,0.30393710770590976,0.30263882850516793,0.3110035554501419,0.29429449472424585,0.31081841793717346,0.2965470490726533,0.31053539373864875,0.29547587115250035,0.30134234505514323,0.30134234505514323,0.30134234505514323,0.2956257655427495,0.29873625817220184,0.29873625817220184,0.2942144195665606,0.2968759060791875,0.35542020322689255,0.42921551425269483,0.47060308699798314,0.3060984368076037,0.34399401005455105,0.5529146555082467,0.3060984368076036,-0.26899441465358764,0.3024376603885294,-0.24727525078895457,-0.21057887144676796,-0.2428802702968157,-0.23294157920261654,0.829584070547534,0.8241118923223014,0.8200370990414371,0.30652160826312247,0.3007251362321024,0.8139338226138457,0.0,0.0,1
2024-04-17,63772.3,64479.9,59605.0,61245.0,28.530213466218243,38.63354266861588,43.84625302074087,-812.4270971982332,212.15519585279236,73474.74072802054,59851.49927197945,73416.88974314513,61908.45025685487,73289.94837871045,61645.27828795621,4130.274869562029,3870.076965518244,3700.0441100815565,3473.957802094296,63755.220011194004,65403.06291740139,66578.340868355,64604.08029699509,66663.12,67662.67,67303.542,12.37782557832371,23.61924137199414,-138.05806647118996,-165.325176620872,21.73318373470737,19.670758203666153,-87.62217442167629,-11.69346117799726,-13.567545597723928,50.34903646153714,65709.5,66229.75,65969.625,62435.5,0.0,0.0,63593.0,64479.9,59605.0,62275.55,0,0.29630668499006885,0.2973534392147538,0.28990927191471216,0.2924759648471646,0.2962812825976993,0.29870280850152986,0.3003947565987374,0.29753601453014933,0.3005157060517036,0.30193078421534636,0.3014246629817846,0.309784442598552,0.2902992892803026,0.3097092330843819,0.2934958711387102,0.3095440037110806,0.29309254698541376,0.29914672639767015,0.2998958991970861,0.29952201437059167,0.2942987427725828,0.2960396969566106,0.2973534392147538,0.28990927191471216,0.29405576641627,0.2853021346621824,0.38633542668615883,0.43846253020740866,0.1237782557832371,0.2361924137199414,0.5034903646153714,0.12377825578323709,-0.4942118043339278,0.14050116531732912,-0.26930667703111366,-0.23188325582821873,-0.37117231055578254,-0.369327503390308,0.8326341323445605,0.8261288032973184,0.8216370250737601,0.31238256955749344,0.3028720054378753,0.8153337614642945,0.0,0.0,0
2024-04-18,61245.0,64166.1,60757.0,63445.1,40.45991772741626,43.88886781540621,47.1457909508838,-940.0792528128368,-18.29169388033347,71987.25531570955,59693.12468429045,73277.27557273419,61402.65442726581,73175.329847979,61858.136818687686,4027.249888196025,3837.1500394097975,3686.189628649101,3471.795875357819,63651.84667412934,65047.06965969204,66279.9369761307,64558.63008926979,65840.19,67339.965,67322.76199999999,28.982980489829796,23.99021658297129,-91.49855702699386,-117.2990832438328,22.934838393122003,20.087850407120875,-71.0170195101702,-11.481505251526341,-9.233439009316271,52.865924742103765,65473.35,66229.75,65851.55,64218.9,0.0,0.0,62508.65,64166.1,60757.0,62403.3,1,0.29253487606262174,0.296949641243908,0.29177796406085477,0.29587794860282496,0.29618643264879063,0.2982437113210617,0.3000270260731622,0.2975283042350482,0.29939458441848094,0.3015353097552796,0.30151101281678644,0.30789181373796476,0.2901077089206936,0.3095869284587733,0.2927781864862678,0.30945401024874697,0.29347783151961915,0.29886391977034193,0.29995504930968186,0.299410972737219,0.2970276735384825,0.2944686420102448,0.296949641243908,0.29177796406085477,0.2943088458863677,0.4045991772741626,0.4388886781540621,0.471457909508838,0.28982980489829796,0.23990216582971288,0.5286592474210376,0.289829804898298,-0.5557892028698826,-0.012193858163989088,-0.1809813785355976,-0.1660190954743083,-0.3650645620211516,-0.25785806182703375,0.8301087289698703,0.8252745768927499,0.8212619828603769,0.3175335070915349,0.3048697064550668,0.8152715276285363,0.0,0.0,1
2024-04-19,63445.1,65431.6,59521.7,63774.8,42.14820877905598,44.653790656796566,47.629988822603025,-1003.0776168662996,-215.24887847752672,71116.23869865916,59481.701301340865,73079.43503134405,61014.10496865596,73194.47925294309,61567.27408039024,4296.199904168022,3985.203608023384,3792.0805987134295,3553.0660128458917,63692.831116086236,64815.74790338439,66041.35250221349,64527.891654396466,65298.97000000001,67046.77,67374.576,31.89952598103928,24.420110683064262,-75.3929600051244,-100.21635453907646,23.387699460616734,20.179182306876328,-68.10047401896072,-7.822567823435033,-8.42046161114437,57.18190267888665,65431.7,66188.1,65809.9,65342.2,0.0,1.0,62345.05,65431.6,59521.7,63043.3,1,0.29368543497405286,0.2966073351869058,0.2876509888521505,0.29417633112741587,0.29405451110524067,0.29571058874272627,0.2974873474042344,0.2952886654625621,0.29641489001231314,0.29892169253990836,0.2993849334465897,0.30452581971872705,0.28758755399683833,0.3071210386041478,0.289989519614266,0.3072710506114995,0.2908426047909435,0.29660748014655164,0.2976979864201644,0.2971542197809084,0.29647765712394947,0.2920298956190673,0.2966073351869058,0.2876509888521505,0.2930839115352778,0.4214820877905598,0.44653790656796566,0.47629988822603025,0.3189952598103928,0.2442011068306426,0.5718190267888665,0.31899525981039273,-0.5841362236400995,-0.14252231779616806,-0.14965344226760519,-0.1421960355135003,-0.25499901284191456,-0.23604786906366776,0.8365718904491359,0.8290594580256767,0.8240933790794385,0.3194078884721185,0.30530187325760766,0.8175847582781234,0.0,1.0,1
2024-04-20,63774.8,65407.0,63038.5,64900.0,48.0170987644006,47.294496486365325,49.29454351875971,-951.2446813883362,-362.44803905968865,69316.95784336528,60129.82215663471,72479.88451834206,60965.855481657956,73204.58908293319,61514.76425040014,4020.8142035725905,3869.7247788788563,3724.291046393742,3513.5804790843617,64095.2207440575,64831.066466405406,65932.65226390744,64542.48413853778,64723.39,66722.87000000001,67424.224,40.33886355454219,33.74045667513709,-36.79184338336003,-55.17210877693761,23.808213309004696,20.26594761164401,-59.66113644545781,-8.146252678477921,-9.075625542884362,59.86414277377128,65401.4,66188.1,65794.75,66530.0,0.0,0.0,63609.95,65407.0,63038.5,64280.075,1,0.2952351972069169,0.29763192370684044,0.29413492091856264,0.29689357528754723,0.29571025731213807,0.2967927644760433,0.2983917226506268,0.2963696248088927,0.2966350910046881,0.29952318168069336,0.3005167902821245,0.30314997526342735,0.2896660071913466,0.30740117526518473,0.2909710753591583,0.3083502974548439,0.291818765054341,0.29762379808241646,0.29875888305877774,0.2981929510843307,0.2992482029539108,0.2949899063223813,0.29763192370684044,0.29413492091856264,0.2959833016501661,0.480170987644006,0.4729449648636532,0.4929454351875971,0.4033886355454219,0.33740456675137087,0.5986414277377128,0.4033886355454219,-0.5609121869749288,-0.23703667267426842,-0.07345116603905248,-0.07865449406079301,-0.26505885839553534,-0.25364403869384994,0.8299488374231409,0.8261197049852906,0.8222900261021481,0.321117478015705,0.30571070897463154,0.816467544550995,0.0,0.0,1
2024-04-21,64900.0,65694.2,64200.0,64910.9,48.076630095522,47.32071773989997,49.310931135209216,-898.9249207558751,-469.74341539892595,67170.88008004385,61250.379919956125,72121.25635603149,60844.8936439685,73165.29292069566,61627.067079304325,3659.869317347934,3700.0444375303664,3618.0962346607066,3446.267796448216,64367.11382937167,64845.58165433169,65835.34252448769,64556.93181937944,64210.62999999999,66483.075,67481.32400000001,40.42061682467301,37.553002120084834,-20.765421915033436,-37.572288718371404,24.038706265546697,20.27621876988306,-59.57938317532699,-7.32111624320909,-6.880103519312321,56.59592535686208,63729.65,66188.1,64958.875,66530.0,0.0,0.0,64337.4,65694.2,64200.0,64926.275,1,0.2987295110037887,0.2998848353054913,0.2977000336442531,0.29874545793295815,0.2979467697237646,0.2986498577567419,0.3000887660300149,0.2982262909896706,0.2977157465065136,0.3010193496305054,0.30243676754577253,0.3019981155429376,0.2932417540088704,0.3087734768842822,0.2926130316290593,0.31014561412127256,0.2938223015435123,0.2970022969829965,0.30059663882986054,0.29881561615383034,0.30108643057395124,0.2979029430623824,0.2998848353054913,0.2977000336442531,0.29876794755865566,0.48076630095522,0.4732071773989997,0.4931093113520922,0.4042061682467301,0.37553002120084833,0.5659592535686209,0.4042061682467301,-0.53653936904769,-0.3033111990540095,-0.041506982673715415,-0.053623212377227586,-0.2393054184338835,-0.19408094363772213,0.8205455916593458,0.8216370339212308,0.819397961471633,0.32204228781857336,0.305758995929962,0.8145337253214352,0.0,0.0,1
2024-04-22,64910.9,67198.9,64463.1,66770.3,57.71429411438833,51.73221361236682,52.08470401100877,-699.3612915337872,-515.6669906258983,67002.62287078777,61348.59712921223,72167.83596056231,60926.94403943769,73124.20068752034,61853.092645813,3527.8594148696575,3631.1698348496257,3576.082128248291,3422.5855365666084,65168.17588624779,65195.530444453194,65924.3860935841,64643.730571560634,64175.61,66547.39,67553.148,58.96862263368128,46.576034337632166,19.67916867487256,-4.926711333514866,23.44469849752213,19.916847618239355,-41.03137736631872,-0.5217481991343883,1.9642966220756257,62.030082477169266,63360.299999999996,66188.1,64774.2,66530.0,1.0,0.0,64905.45,67198.9,64463.1,65835.8,1,0.299400364754137,0.3026938155623481,0.29874289252088576,0.30208506899721577,0.29977615822349446,0.29981603109336324,0.30087262076023386,0.29900861965349557,0.2983185019155754,0.3017669958839447,0.3031941767154862,0.3024155002748078,0.2940464522205849,0.30949333050941286,0.29339333533283735,0.3107505868228578,0.2948223233859374,0.2971050572883356,0.3012521813089579,0.2992001160552872,0.3017421392776102,0.2993923888440782,0.3026938155623481,0.29874289252088576,0.3007447958226459,0.5771429411438833,0.5173221361236682,0.5208470401100876,0.5896862263368128,0.46576034337632166,0.6203008247716927,0.5896862263368128,-0.43515700348409636,-0.3308460473041682,0.03933802688039156,-0.007038042836843025,-0.01738985338188288,0.05606391028695307,0.8168729985780493,0.819758549932442,0.8182302699087216,0.3196413362042585,0.3040554940377568,0.8138443683371415,1.0,0.0,1
2024-04-23,66770.3,67145.7,65750.0,66397.8,55.314636852585465,50.81415819607911,51.491998344079306,-564.7531912425984,-525.4842307492383,67537.66665096079,61312.09334903922,72183.48380721059,60953.92619278941,73108.94921035199,61811.65745631467,3223.2652127454203,3471.4934180746523,3472.254407855515,3355.0226853477216,65578.05059083186,65414.12490909807,65969.47313229037,64712.517607970025,64424.880000000005,66568.705,67513.90400000001,58.17343485617602,52.52089143817677,39.636265403237694,1.8455286241905433,22.893119855785027,19.575445024177835,-41.82656514382398,3.9006276494364367,0.6461881266910756,60.91561848030382,63360.299999999996,66188.1,64774.2,66530.0,0.0,0.0,65840.6,67145.7,65750.0,66515.95,0,0.30398254333515057,0.30451644285673257,0.3025168883275191,0.30344993564354256,0.30226775493154234,0.3020296676180153,0.30283397866859263,0.3010041919793284,0.3005807198380643,0.30369465114494354,0.3050373535815364,0.3050708783844417,0.29587942873020856,0.31141840139537325,0.2953240263348941,0.31263611422319426,0.2966489765480364,0.2989976119901888,0.303148849839706,0.30109477033801796,0.3036392826492147,0.3026479072576441,0.30451644285673257,0.3025168883275191,0.3036191761772024,0.5531463685258546,0.5081415819607912,0.514919983440793,0.5817343485617602,0.5252089143817676,0.6091561848030382,0.5817343485617602,-0.3596659172375227,-0.3366618070834266,0.07910689407498146,0.0026364633544718697,0.12929315556825308,0.018460420452044816,0.8078460362260994,0.8152628179183837,0.8152847303114905,0.317359054535144,0.302409837569388,0.8118511827203024,0.0,0.0,0
2024-04-24,66397.8,67084.5,63562.6,64259.1,43.265022570302314,45.78975554914421,48.18628482477579,-623.4636176099812,-545.080108121387,67298.25178933931,61279.548210660694,71986.44864958129,60728.83135041871,72958.64744389754,61585.672556102465,3265.9273252103603,3475.0938882121773,3474.61848367192,3360.585262502798,65138.40039388791,65204.120380171145,65806.58045302461,64694.736525304535,64288.9,66357.64,67524.084,40.07952622673436,52.40719457219723,4.1326554528378185,-33.89790732946578,23.16674915196354,19.641520222535856,-59.92047377326564,-2.0722688127963065,-6.164245535948966,59.380526294954585,63360.299999999996,66188.1,64774.2,66530.0,0.0,0.0,66584.05,67084.5,63562.6,65326.0,0,0.30329224882177064,0.30427183297706384,0.2991430328975456,0.30017839986905337,0.3014703793147329,0.30156627632538074,0.30244111220655556,0.30082057860467853,0.3002224601680356,0.3032346621038849,0.3048939035651458,0.30457480393540176,0.29567203350048826,0.3109989416082845,0.29481640987768576,0.312280982937687,0.29614449810396926,0.2988402882210041,0.30299118706288086,0.3009372735474084,0.30348158074307874,0.30355888602066017,0.30427183297706384,0.2991430328975456,0.30174387706204575,0.43265022570302314,0.4578975554914421,0.4818628482477579,0.4007952622673436,0.5240719457219722,0.5938052629495458,0.4007952622673436,-0.3932530608706449,-0.3481936709491604,0.008265122694909999,-0.04838776411233692,-0.06896597291650756,-0.17432259645774842,0.8091605166238971,0.815366449643828,0.8153527723074951,0.31849776863713924,0.30273045920936537,0.8120167946008898,0.0,0.0,0
2024-04-25,64259.1,65272.3,62745.2,64464.6,44.61745244307148,46.33879901690312,48.51972473744543,-645.9636540219362,-565.2568173014969,67346.61268832299,61441.367311677015,71834.9751523858,60545.364847614226,72762.62458367832,61409.60208298836,3160.380564466024,3407.380039054165,3429.4985558780195,3332.8024204193716,64913.80026259194,65069.662129230936,65678.77279083179,64685.71156352789,64393.990000000005,66190.17000000001,67491.006,42.033607156827706,46.76218941324603,-15.403990163040056,-50.82115762767135,23.68206407938638,19.83929235722409,-57.96639284317229,1.6572128735588707,-4.939098121331881,58.63239132678967,63360.299999999996,66188.1,64774.2,66530.0,0.0,0.0,65328.45,65328.45,62745.2,64185.299999999996,1,0.3009674671427417,0.3024553393505924,0.2987022381274275,0.30127103640628994,0.3019314137521513,0.30215953376407073,0.3030460729446163,0.30159664148223575,0.3011668336010683,0.303784371861194,0.30563817035294444,0.3054340854449218,0.296709339087831,0.31159091316381876,0.29531641149377635,0.31281746533653454,0.2966602870965888,0.29962880178201573,0.3037813943837574,0.30172665156597833,0.30427198356148255,0.30253715110001483,0.30253715110001483,0.2987022381274275,0.3008582228163478,0.44617452443071476,0.46338799016903115,0.4851972473744543,0.42033607156827707,0.46762189413246025,0.5863239132678967,0.4203360715682771,-0.40585806202938246,-0.3599582000693313,-0.03079823708202704,-0.07247436102234486,0.055184308802814906,-0.14018775441711687,0.8058764098662653,0.8133992395538977,0.8140460881165407,0.32060768292267294,0.30368402603213207,0.8111868799532893,0.0,0.0,1
2024-04-26,64464.6,64798.0,63273.0,63746.0,40.66300743263082,44.63635002809986,47.39973649578883,-713.5546950395947,-594.9163928491165,67346.23903400455,61436.48096599545,71530.12773550673,60335.35226449328,72615.64161102725,61169.74505563941,2926.7547695423063,3272.9243219788673,3338.8081484552567,3272.5423397387262,64524.53350839463,64828.996287552574,65494.69919170495,64648.860129664055,64391.36,65932.74,67428.752,50.19427512209031,44.10246950188412,-16.005388618420046,-51.91048645265239,24.160570797707585,20.02717588517791,-49.80572487790969,-0.04124047588059848,-7.47315464492138,55.061227003052544,63360.299999999996,66188.1,64774.2,66735.35,0.0,0.0,64361.85,64798.0,63273.0,64070.4,0,0.30300675040267727,0.30349773980517103,0.30123194037159984,0.3019402175682676,0.3030951908173599,0.3035432649787129,0.30451603342579725,0.3032784033873619,0.30289856806580334,0.30515100373405046,0.30728967234686294,0.3071728977485544,0.29843334987907455,0.31292864237773726,0.29671704348809824,0.31436938363501943,0.29802028974339495,0.3013630427463797,0.3055193138134854,0.3034627699623644,0.30630408266452813,0.3028549459336281,0.30349773980517103,0.30123194037159984,0.30242309498081105,0.4066300743263082,0.44636350028099864,0.4739973649578883,0.5019427512209031,0.44102469501884123,0.5506122700305255,0.5019427512209031,-0.4427958006430277,-0.37704541357944044,-0.03199984801017096,-0.07402219533047065,-0.0013746816634175583,-0.21033201487445188,0.798199111800206,0.8093744642813245,0.8113668643738714,0.32252781182882384,0.3045815690881323,0.8093627961886009,0.0,0.0,0
2024-04-27,63746.0,63900.0,62370.0,63412.9,38.803140565132594,43.83245883500871,46.87311849254515,-784.951041192573,-632.9233225178078,66836.70100412793,62379.59899587207,71104.20062190681,60167.069378093176,72303.37687874275,60985.61645459056,2727.218373893406,3148.429727551805,3252.6744271002444,3214.457595080769,64153.98900559642,64571.52423527029,65296.43260201877,64600.39110497135,64608.15,65635.635,67333.71,50.685145626009565,47.637675968309196,-60.59815583674249,-66.94643111499713,24.903774848875752,20.358873742261604,-49.31485437399044,3.5397175279614688,-8.56765914497873,54.20878033589025,63360.299999999996,66188.1,64774.2,66735.35,0.0,0.0,64105.3,64105.3,62370.0,63357.225,0,0.3036443627264604,0.30387408514322445,0.30156801082236695,0.30314566351519207,0.3042518124225448,0.3048696783154094,0.30593340808610936,0.30491225455926313,0.30492369519704715,0.30642729373046024,0.30886370720725387,0.30815671794989985,0.3015826458347373,0.3140703407461148,0.2981513813572542,0.31567102138056874,0.2994345731366418,0.30306668578625884,0.3072265087038255,0.3051682258440581,0.3080119317750781,0.3041795135779533,0.3041795135779533,0.30156801082236695,0.3030620668118482,0.38803140565132593,0.4383245883500871,0.4687311849254515,0.5068514562600956,0.47637675968309195,0.5420878033589025,0.5068514562600955,-0.48024347717948,-0.39857098886873854,-0.12060637833817152,-0.09534723544169535,0.1174460700676868,-0.24001521840592743,0.7911404064840757,0.8054976676557721,0.8087540229638807,0.3254388705146261,0.30614672852796454,0.8075724957828425,0.0,0.0,0
2024-04-28,63412.9,64336.8,62674.2,63092.8,36.91040889366384,43.030448084856026,46.35347864462704,-857.4780811563905,-677.8342742455244,66883.5292474496,62262.310752550395,70019.93601524294,60393.17398475707,72082.11615972809,60753.11717360525,2575.1300347657775,3042.2990327266766,3176.956597238329,3162.729008578077,63800.259337064286,64302.66528340296,65086.56283039794,64541.26988516855,64572.92,65206.55500000001,67228.078,46.51565674985681,49.13169249931889,-44.3056050844377,-60.188228903824466,25.302090429439726,20.54724849373261,-53.48434325014319,-0.5552832291224943,-11.973033607536292,51.23273558463725,64784.45,66188.1,65486.275,66735.35,0.0,0.0,63579.45,64336.8,62674.2,63379.175,0,0.3046903314563682,0.3060685354991929,0.3035745646821869,0.304208365290575,0.3052704788791704,0.3060179524047264,0.3071731792814022,0.3063709980816731,0.30641773493590707,0.30734883943553887,0.3102627407161358,0.30977205908133393,0.3029469790940519,0.31415233110958,0.300048461549547,0.31693121333242863,0.30061320495007315,0.3067295358829621,0.30877428354588143,0.30775713586463527,0.309560290165602,0.30494018567932724,0.3060685354991929,0.3035745646821869,0.3046396619465641,0.36910408893663843,0.43030448084856027,0.4635347864462704,0.4651565674985681,0.49131692499318885,0.5123273558463725,0.4651565674985681,-0.516571521287022,-0.42345095082479556,-0.08838001278568884,-0.08577191458087596,-0.01850732748589267,-0.32933901650269565,0.7854043565284746,0.8020697414121358,0.8063993689746738,0.32696484200341475,0.3070248128292743,0.8059506676856074,0.0,0.0,0
2024-04-29,63092.8,64193.0,61729.9,63827.9,44.20238662718146,45.49678231366969,47.75021098000891,-845.8889747900757,-711.4452143544347,66881.71128197292,62274.74871802708,69421.09782063539,60456.1021793646,71831.71434410513,60616.13232256152,2559.1257440849517,3000.9276732461994,3142.963425941265,3139.4080416254747,63809.472891376194,64216.344322784236,64966.69017988385,64513.2945955541,64578.229999999996,64938.6,67124.644,56.090762257072974,51.09718821097979,-46.08436225438705,-61.60443688141217,25.999760551536024,20.891445565430466,-43.90923774292703,0.08326172720259184,-7.745819301313829,52.62535725827505,64464.399999999994,66188.1,65326.25,66735.35,0.0,0.0,63252.850000000006,64193.0,61729.9,63210.9,1,0.3049132610563582,0.30656074063102445,0.30283403399485526,0.306017030026006,0.3059895096658745,0.30659540488502807,0.3077032496813693,0.3070353043737336,0.3071312417985799,0.30766199643816344,0.3108226056900622,0.3104762640796134,0.3036704438880654,0.31403865170510686,0.300850861347224,0.317306874416206,0.3011021827563432,0.30696300530666687,0.30948075085006715,0.30822980167236363,0.31026702083652397,0.30515461935535504,0.30656074063102445,0.30283403399485526,0.3050914143072166,0.4420238662718146,0.4549678231366969,0.4775021098000891,0.5609076225707298,0.5109718821097978,0.5262535725827505,0.5609076225707297,-0.5108845385696134,-0.44166451107314264,-0.09190861496138884,-0.08777983367680385,0.0027753837806862424,-0.21776545832784858,0.7847811655050505,0.8007009919047141,0.8053239520511098,0.3295827997503375,0.3086095947062485,0.8052108020021839,0.0,0.0,1
2024-04-30,63827.9,64705.3,59132.0,60655.9,27.943235741490156,37.87680170330526,42.711779649427946,-1080.2064672405177,-785.1974649316514,67424.59747674763,60883.04252325235,68466.48724777004,60410.722752229965,71481.51377771137,60251.52622228864,2989.722066358531,3184.668553728614,3258.6937389916816,3220.5377735712923,62758.28192758413,63568.99080955074,64556.138734180626,64362.02421925786,64153.81999999999,64438.605,66894.71399999999,18.890775886647937,40.49906496452591,-135.23113034226694,-133.40642361448573,27.40630374504139,21.62485208212012,-81.10922411335207,-6.539445300462248,-14.152978240993663,47.53515503935263,63165.45,65993.25,64579.35,66540.5,1.0,0.0,63460.350000000006,64705.3,59132.0,62080.275,0,0.3035866953994018,0.30488681330018924,0.2963256017322333,0.298740220140833,0.30197854208662783,0.3031997954479632,0.3046669775415355,0.3043801635048399,0.30407161410285544,0.3044934137615701,0.30805919860006953,0.3088120893685045,0.29909518611939473,0.3102761413147024,0.29835565112546003,0.3143959199596743,0.29810515159873724,0.3025937650668999,0.3067651732022245,0.3047012183650424,0.30755272997939087,0.3030370015697249,0.30488681330018924,0.2963256017322333,0.3009456126929624,0.2794323574149016,0.37876801703305263,0.42711779649427944,0.18890775886647937,0.40499064964525905,0.47535155039352633,0.1889077588664793,-0.6169945559968839,-0.48036986060482867,-0.2640549174968874,-0.18830628437562555,-0.2145933599053759,-0.3836825700364439,0.8003270130995201,0.8066417452958033,0.8089388524853061,0.3346611083390621,0.3119048951757773,0.8077614093970545,1.0,0.0,0
2024-05-01,60655.9,60820.0,56505.0,58298.5,21.18624855109951,33.39966751932394,39.46245193616454,-1439.5332038641936,-916.0646127181599,68228.99983172942,58756.16016827058,67865.8262796383,59837.3837203617,71537.68976509599,59434.796901570684,3179.0474854501695,3265.40651417657,3308.9940371349344,3257.0198477855824,61271.687951722764,62610.719753268786,63960.17314044914,64124.23895575755,63492.58,63851.605,66630.44399999999,16.771243419145502,30.58426052095547,-243.55542145541312,-258.3419637746586,29.29894595235542,22.664813527968107,-83.2287565808545,-10.18688694810887,-16.762209356282614,49.96196286270545,61825.35,64679.75,63252.55,65227.0,0.0,1.0,62241.9,62241.9,56505.0,59069.85,0,0.2976708909326201,0.29792731747725276,0.29095577194192607,0.2939126909159585,0.2986297586783776,0.3006836165841492,0.3027116442683598,0.30295542997968106,0.3020135682311476,0.3025499952781072,0.3066073668899877,0.3088689281462666,0.29465343231959196,0.3083595988908304,0.2963819453981144,0.31339345352174536,0.29574183045956154,0.2994841075905669,0.30377647972517896,0.3016533224632432,0.3045787810997733,0.3001221031470543,0.3001221031470543,0.29095577194192607,0.29515800103673606,0.2118624855109951,0.3339966751932394,0.3946245193616454,0.167712434191455,0.3058426052095547,0.4996196286270545,0.16771243419145507,-0.7441380249919537,-0.5446265114038155,-0.45192033822858446,-0.3531691852654441,-0.32708711265922125,-0.4453784718587288,0.8064651408194233,0.8091445734301862,0.8104701666899677,0.3411112924859264,0.3163989283672322,0.8088874881158652,0.0,1.0,0
2024-05-02,58298.5,59581.0,56887.3,59030.4,27.533409177068833,35.931721816679854,40.92745751217331,-1646.266878382863,-1062.1050658511006,67587.31380851491,57849.866191485096,67686.33860239087,59207.86139760912,71751.24307557778,58791.003591088884,3109.712130385859,3224.570334592529,3279.69432108089,3238.242519526063,60524.591967815184,61959.75252540173,63490.67093659684,63924.48056533569,62718.590000000004,63447.1,66348.392,23.61533210521889,19.75911713700411,-188.17851657917623,-225.5801722233114,31.05639943057559,23.65277690152369,-76.38466789478112,-11.591830499488546,-12.053098531745142,50.78864927013991,61794.75,64679.75,63237.25,65227.0,0.0,0.0,59477.2,59581.0,56887.3,58449.299999999996,1,0.2944603685368922,0.2965230685697325,0.2921404001189394,0.29564272183458795,0.29801397386773426,0.30023979672255213,0.30256075937037463,0.30320876272285785,0.30139697249165687,0.30249544260519495,0.30675417657446885,0.3085189150263172,0.29372864767326107,0.3086586324357902,0.29592730970001935,0.3142317161253599,0.2952575234896143,0.2999863967955766,0.3043270234632605,0.3021802595806069,0.3051295457629261,0.29635769591017813,0.2965230685697325,0.2921404001189394,0.29470512560768247,0.27533409177068835,0.3593172181667985,0.4092745751217331,0.2361533210521889,0.19759117137004112,0.5078864927013992,0.23615332105218884,-0.7996032776070403,-0.6094651813773697,-0.3595395856503207,-0.31154663601816474,-0.3682476731454362,-0.3313769275356333,0.8042606959792635,0.8078865061529787,0.809581036223282,0.3467496833656001,0.32048895473496325,0.8083094791183436,0.0,0.0,1
2024-05-03,59030.4,63343.7,58780.0,62843.7,51.34914418334102,47.19587135381163,47.83371668038456,-1485.2819580954092,-1146.7404442999623,66581.0980843634,58145.261915636576,67635.57968618792,59152.48031381206,71698.99306453837,58634.73360212829,3317.4246831878786,3320.2224535502055,3340.8374486484668,3282.424435541861,61297.62797854346,62120.47024805596,63429.05465692095,63882.097013753904,62363.17999999999,63394.02999999999,66175.80399999999,59.27397862332733,33.22018471589724,-57.524933251829204,-70.10717669121219,30.481407250176904,23.561526544544925,-40.726021376672676,-5.352737590703315,-1.6609003037316292,56.72394013694111,60888.65,64679.75,62784.2,65227.0,0.0,0.0,58664.45,63343.7,58664.45,60999.45,1,0.2943584947765616,0.30105144528935746,0.29395584177191186,0.30029815881988486,0.2979323270413302,0.29919842121694246,0.3011794731919466,0.30185628469570924,0.2995688337452576,0.3011269577105241,0.3052143235644234,0.3057961354134238,0.2929278344760543,0.3072942031607068,0.2945542183437665,0.31286580096401606,0.2937215024372387,0.29729702486711373,0.30303689855748844,0.30020813874764013,0.3038389012273796,0.2937694847253146,0.30105144528935746,0.2937694847253146,0.2974695394391081,0.5134914418334102,0.4719587135381163,0.47833716680384564,0.5927397862332733,0.3322018471589724,0.5672394013694111,0.5927397862332733,-0.7574424645286807,-0.6437161796098129,-0.11454492170641792,-0.099819580923594,-0.17655498842019854,-0.04741870551491709,0.8107245456287402,0.8108088203038937,0.8114276069028221,0.3449397125541696,0.32011812570698683,0.8096642191978629,0.0,0.0,1
2024-05-04,62843.7,64499.9,62512.8,63860.0,55.859691704869576,49.73245209450721,49.48634891663611,-1261.1555167523038,-1169.6234587904305,66475.72044767544,58170.81955232456,67430.79380827979,59181.37619172021,71442.2839254715,58583.4160745285,3127.378299875324,3224.9994211537623,3276.373760617588,3239.2469543571324,62151.75198569564,62436.74838477305,63470.09707054753,63881.23046419493,62323.27,63306.085,66062.52799999999,68.77752737541967,50.555612701321955,17.397508902788086,20.470250388592326,29.400155064963307,23.20264463892289,-31.22247262458033,-0.6210793490727361,-2.6804777282154904,56.60888255062041,60651.5,64159.5,62405.5,65227.0,0.0,0.0,60937.05,64499.9,60937.05,63429.100000000006,1,0.30155698436897577,0.3040323373076534,0.3010549921663467,0.30308319398823425,0.3005043736809646,0.30093926096866885,0.30250041521427856,0.30311482937486794,0.30076632634594114,0.3022542517649835,0.3063129637189382,0.30690741537624067,0.29422328900395855,0.30826808502096925,0.29585548386129634,0.31378919363622293,0.29489291316221816,0.29818336645066224,0.3035285545268334,0.3008916700324358,0.30509999973420426,0.2986293054908593,0.3040323373076534,0.2986293054908593,0.3024389400582196,0.5585969170486957,0.49732452094507207,0.4948634891663611,0.6877752737541967,0.5055561270132195,0.5660888255062041,0.6877752737541967,-0.6862168719357424,-0.6525625991217309,0.03478098257125541,0.02923488176070622,-0.020699687761585615,-0.07643569757560702,0.8048270034210407,0.8078998079253571,0.8094797697922018,0.34144477092203285,0.31864619097918523,0.8083404826362338,0.0,0.0,1
2024-05-05,63860.0,64630.0,62866.1,63997.8,56.49769819570796,50.08259456324707,49.713156354343624,-1060.1931422897178,-1147.737395490288,66341.27095323606,58211.90904676395,67470.89016873015,59199.68983126984,71238.91643847314,58532.370228193526,2932.5956856074213,3120.6351767856363,3204.3512005881794,3190.0687225452284,62767.1013237971,62720.57595117795,63520.35449240014,63885.80181854023,62276.590000000004,63335.29,66035.86,70.06611245663422,66.03920615179373,28.847976603008753,30.93255652958448,28.334407589498703,22.83106932395778,-29.933887543365778,-0.7241183533287969,0.9210943376589062,58.48387454240516,60605.15,63923.35,62264.25,64679.75,0.0,0.0,63351.85,64630.0,62866.1,63838.475000000006,1,0.3045397174989578,0.30568156903225996,0.3030462961664506,0.3047450246588057,0.3028963133000461,0.3028257496456041,0.3040318751119485,0.3045781915167357,0.3021498526223868,0.30375407494636936,0.3077333025283911,0.3081735121836554,0.295739958617853,0.30978507526529875,0.29733586764828057,0.3149802991785549,0.29626050834080736,0.29956357862072525,0.3046341545263705,0.30213100155622863,0.30575489800786165,0.3037789646118129,0.30568156903225996,0.3030462961664506,0.30450760946950794,0.5649769819570796,0.5008259456324707,0.49713156354343624,0.7006611245663421,0.6603920615179374,0.5848387454240516,0.7006611245663421,-0.6086633964600359,-0.6441052424357319,0.057632018463317974,0.044160626058945635,-0.024132592010896854,0.02631090718974001,0.7983984146074081,0.8046112238637246,0.8072576942318104,0.3378761147508788,0.31709901631193205,0.8068111162412753,0.0,0.0,1
2024-05-06,63997.8,65540.0,62669.0,63149.3,51.18315205911906,47.871431281788524,48.310717460349096,-958.3486250635906,-1109.8596414049484,66210.46128742899,58223.37871257101,67435.4872831028,59172.792716897195,70897.07312912581,58491.19353754085,2923.7963019492186,3102.804092729519,3188.477333893504,3179.4330984603876,62894.5008825314,62798.5257782365,63485.01596931441,63856.91939428375,62216.92,63304.14,65930.202,62.44232052402571,67.0953201186932,35.5633746231081,27.15283979897284,26.907948836152805,22.262057560510694,-37.55767947597428,-0.9360587330969741,-0.9769131739015214,52.34114657149534,61022.5,63923.35,62472.925,64679.75,1.0,0.0,63928.9,65540.0,62669.0,63839.024999999994,0,0.30506314869725276,0.30733291182261124,0.3030652722918664,0.30379202734015454,0.3034071416915011,0.3032617819861352,0.3042968903367761,0.30485321367936724,0.30237635839123256,0.30402519860957644,0.3078991248103133,0.3083038332898301,0.2960752719096948,0.3100538549044518,0.2976096460235988,0.3148395517095611,0.29651048400918845,0.3005330410834991,0.3049522610019169,0.3027670609373594,0.3060731811265957,0.30496053155380626,0.30733291182261124,0.3030652722918664,0.30482651654808024,0.5118315205911906,0.47871431281788523,0.48310717460349095,0.6244232052402571,0.6709532011869319,0.5234114657149533,0.6244232052402572,-0.5641494852130781,-0.6290886238552148,0.0710070477181496,0.03877032788093854,-0.0311918360296471,-0.02790455882071155,0.7980980116881713,0.8040383764855612,0.8067612337180353,0.332891155277134,0.31468236023575435,0.8064772660984995,1.0,0.0,0
2024-05-07,63149.3,64398.7,62230.0,62314.5,46.19533069555853,45.7321358857478,46.94267267527882,-934.2282924782994,-1074.7333716196185,66022.66095183844,58191.49904816157,67407.85672477409,59307.373275225924,70468.99967292367,58449.90032707632,2815.9254016707587,3036.0823718202673,3139.9165084700035,3145.7419951783745,62701.16725502094,62710.521091284405,63373.53825795113,63796.4323592138,62107.08,63357.615000000005,65823.614,54.912803062526585,62.47374534772883,14.017647395863607,-12.877378921097078,25.76013629025919,21.80383718476823,-45.087196937473415,-1.7321396750503468,1.74626500122459,52.603317558912174,61022.5,63893.05,62457.775,64679.75,0.0,0.0,63573.55,64398.7,62230.0,63023.125,0,0.3048065322185457,0.30667359903166747,0.3034101481311088,0.3035393175066455,0.30412827000318643,0.3041424744237987,0.30514420434188827,0.30577793865545244,0.3032219503395609,0.3051202636677946,0.30876124990963916,0.30904943626957726,0.29703373887342266,0.3110322895653785,0.29883663287210305,0.315279550924191,0.29745413356751,0.30154586244923426,0.3059221646006245,0.30375795164040753,0.3070888321569765,0.3054444355570895,0.30667359903166747,0.3034101481311088,0.3046160274401177,0.46195330695558534,0.45732135885747804,0.46942672675278824,0.5491280306252658,0.6247374534772883,0.5260331755891218,0.5491280306252658,-0.5530876336795972,-0.6147297440036955,0.02802795206086289,-0.018394180648563123,-0.05767391470379387,0.04985192648166562,0.7943401286045704,0.8018652587437323,0.8052269917991474,0.32869133283060714,0.31269288193775,0.805412290933057,0.0,0.0,0
2024-05-08,62314.5,63024.5,60850.0,61164.0,39.93760088268785,42.88757827587463,45.094780662612266,-996.4618975185585,-1059.0790767994067,65806.50854378221,58021.89145621778,67404.48327321724,59082.63672678275,69598.27276813486,58619.93389853182,2724.293201432079,2974.5407738331055,3093.944293780956,3113.367262005762,62188.77817001397,62429.3354383236,63163.10604290816,63693.19971767601,61914.2,63243.56,65807.464,51.5661317100166,56.3070850988563,-34.12714692458391,-69.18394358003292,25.227760071205925,21.62042138907953,-48.4338682899834,-3.0570841680825747,-3.595391921519548,51.50037065869213,61022.5,62221.3,61621.9,64679.75,0.0,0.0,62731.9,63024.5,60850.0,61838.25,0,0.3045243411256083,0.3056036599848129,0.3022605671579021,0.3027502721313968,0.3043320029376847,0.3046997018463939,0.3058130120730212,0.30660965224159625,0.30391064303350623,0.30593432988077646,0.3097253611472724,0.3097239748278924,0.29773839041300515,0.31201610154761394,0.2994585891754341,0.31507966208052335,0.29871186510124514,0.3025298897731536,0.3043817926255793,0.3034601280683271,0.3080755813109889,0.3051602692736891,0.3056036599848129,0.3022605671579021,0.30379377815406866,0.3993760088268785,0.4288757827587463,0.45094780662612266,0.5156613171001659,0.563070850988563,0.5150037065869213,0.5156613171001659,-0.5812231803775793,-0.6081956274934578,-0.06814850006307478,-0.09851364680307555,-0.10155153882511479,-0.10236566445277251,0.7910331298165028,0.7998181074178082,0.8037525186178349,0.3266818394548258,0.3118853099563065,0.8043781284426765,0.0,0.0,0
2024-05-09,61164.0,63405.5,60544.5,63035.5,52.22071241778081,48.49927839112847,48.5538119044826,-884.5712815527368,-1024.1775177500729,65598.33299368533,58071.58700631469,67361.11440011127,59052.075599888725,69069.17459831436,58738.93206835231,2743.822744084639,2966.4307185593125,3082.8517083628153,3104.955019938903,62471.01878000931,62539.547176810214,63150.95308644072,63667.407571884796,61834.96000000001,63206.594999999994,65711.164,72.28002213613725,59.58631896956013,1.347216260748101,-37.24546911337116,24.528070667170073,21.348310241321446,-27.719977863862756,-1.2414633726003856,-1.1592353092444083,52.98909379585844,61022.5,61851.95,61437.225,64679.75,0.0,0.0,61739.25,63405.5,60544.5,62037.375,1,0.30300774710827033,0.30643599247008074,0.30203915338806775,0.3058781358229849,0.3050210146865006,0.30512546241466254,0.30605254109059066,0.30682900323274453,0.30404632291319184,0.30613648615163835,0.30984387766302013,0.3096797829594914,0.298076458686692,0.31221320801930874,0.2996664706018641,0.31460824372033336,0.29916140305398264,0.3027873358720975,0.3040724821372462,0.3034319734916183,0.3083337350872316,0.3038988318066975,0.30643599247008074,0.30203915338806775,0.30435753396787124,0.5222071241778081,0.4849927839112847,0.485538119044826,0.7228002213613725,0.5958631896956014,0.5298909379585843,0.7228002213613725,-0.5296900171489697,-0.5933269625675232,0.002694426001018422,-0.05315765810988682,-0.0413585065870324,-0.0331089028851876,0.7917471777754678,0.7995451779474742,0.8033934649338687,0.3239778657194066,0.3106750713786272,0.804107652193568,0.0,0.0,1
2024-05-10,63035.5,63447.8,60111.0,60789.1,40.594943012525924,43.033494736069954,44.98217072638423,-966.0271091401737,-1012.5474360280931,65595.7755453476,58100.78445465242,67206.56646935319,58795.53353064682,68207.80656543735,58942.520101229326,2828.533780643977,2992.8856672336474,3094.9444841550626,3112.68318594094,61910.37918667288,62221.28405375381,62926.014697255894,63554.53276514421,61848.280000000006,63001.05,65616.22600000001,47.416712783619246,57.087622209924355,-33.389210228810434,-67.39638734098588,24.053012061907648,21.171353129572964,-52.583287216380754,0.21959941242318898,-6.33420647149461,43.40371587779047,61213.65,61851.95,61532.8,64679.75,1.0,1.0,62099.75,63447.8,60111.0,61845.85,0,0.3056412310138925,0.3062625940911038,0.30111938499326135,0.302186215189767,0.3039256897719761,0.3044026958183999,0.30547557867850966,0.30642282021325346,0.30383014081335513,0.3055891374079263,0.30946847990245085,0.30943872023066255,0.2978882109815836,0.3117560467909294,0.2990167797687967,0.31316985449487056,0.2992539249515661,0.30284839687555193,0.30383579020054824,0.30334331221507227,0.3080965468811205,0.30421650288091784,0.3062625940911038,0.30111938499326135,0.303826400035307,0.40594943012525925,0.43033494736069955,0.44982170726384235,0.47416712783619247,0.5708762220992436,0.43403715877790466,0.47416712783619247,-0.5676292018935832,-0.5882799365735489,-0.06667933424952277,-0.09598414721999332,0.007319849676901825,-0.1790270371032432,0.7947867235243942,0.8004327376953709,0.8037848303074384,0.3220994062294706,0.3098801056027003,0.8043561608599381,1.0,1.0,0
2024-05-11,60789.1,61500.0,60461.0,60810.2,40.739515702932565,43.098361462512244,45.02205646553275,-1017.1537306500977,-1013.468694952494,65129.63913634115,59069.26086365884,67008.93212582872,58583.09787417128,67333.54167361328,59201.5649930534,2572.8860976948376,2853.3224052883866,2997.0423658619643,3043.560413076242,61543.65279111526,61964.723316707656,62724.50853561248,63446.911872393466,62099.45,62796.015,65556.114,47.650249031543964,55.78232798376681,-51.02869349643007,-79.07475263391716,23.611886214163967,21.003243873411908,-52.349750968456036,4.3083441254920745,-6.317428968016165,40.834986793705475,62160.0,61851.95,62005.975,64679.75,0.0,0.0,61912.3,61912.3,60461.0,60890.075,1,0.30432369594415054,0.3054312332469677,0.30380837022248336,0.3043567456608792,0.3054988434556814,0.30614866851484546,0.307310642758772,0.30840306448705945,0.3063556994664799,0.3074193088955618,0.3115259769931691,0.31090235005096356,0.30159244107884897,0.3136216835808891,0.30080665227035197,0.3140839937183046,0.30180522069260274,0.3064486056380371,0.30597504256991864,0.3062121044311903,0.31024024212779466,0.306067995003091,0.306067995003091,0.30380837022248336,0.30448175800640215,0.40739515702932566,0.43098361462512247,0.4502205646553275,0.4765024903154396,0.5578232798376681,0.40834986793705474,0.4765024903154396,-0.5902844285142975,-0.588681415348759,-0.10170452365862503,-0.11248586712770241,0.14263225511740987,-0.17856300379976095,0.7853172136087158,0.7956589757770252,0.8005714809937601,0.320322950568228,0.30911898912802616,0.8021111806200821,0.0,0.0,1
2024-05-12,60810.2,61854.2,60566.6,61449.7,45.43501489682339,45.13738249170534,46.26183585298001,-994.6044599738307,-1009.6958479567614,64654.20696421498,60028.553035785,66360.01207942136,58699.95792057864,66932.17289119554,59224.880442137786,2389.2737980241463,2741.4850906249303,2915.6403484399657,2985.0283993070343,61512.33519407684,61871.0827136699,62603.098198887485,63368.58983818196,62341.37999999999,62529.985,65505.182,54.72827891532924,49.931746910164144,-27.122894332824377,-55.9137176468813,22.977731080083895,20.741571496603726,-45.27172108467076,4.0983967582804715,-7.96851294662448,40.75295890688248,62825.5,61851.95,62338.725,64679.75,0.0,0.0,60799.649999999994,61854.2,60566.6,61170.175,1,0.30620691367693065,0.3078301535919277,0.3058243360409433,0.30720434878152136,0.30730150876401463,0.3078561880104793,0.30897854217843573,0.3101389031078502,0.30857871102514867,0.30886700677742496,0.31330815603712747,0.312057895866002,0.3049741020687643,0.3145485369032704,0.302843130694463,0.3153702442431406,0.30369050323847985,0.3093170570795148,0.3078266834102255,0.30857464673626633,0.31209565237503395,0.3061903750223905,0.3078301535919277,0.3058243360409433,0.3067695939972715,0.4543501489682339,0.45137382491705336,0.46261835852980016,0.5472827891532924,0.49931746910164143,0.40752958906882486,0.5472827891532924,-0.5804026187008563,-0.5870353931494896,-0.054192643232241815,-0.07970729291570922,0.1357696435147907,-0.22381793659876234,0.7779163198206818,0.791661975571708,0.7978187667250827,0.3177125527945395,0.30792261650328934,0.8001699488873412,0.0,0.0,1
2024-05-13,61449.7,63437.3,60707.8,62909.4,54.94228055341184,49.57876477457407,49.017278005015775,-849.1598238602382,-977.5886431374569,64666.81274755534,60029.08725244465,65759.12352852582,58952.00647147417,66887.06808621684,59203.60524711649,2437.877541163554,2740.62901272315,2906.7765223237766,2976.5107859967998,61978.0234627179,62059.86767482082,62632.26979899344,63350.582393547375,62347.95,62355.56499999999,65418.407999999996,70.88433868289985,57.75428887659101,33.54205308445882,-0.8022123163283975,21.456589514869233,20.057054361505664,-29.11566131710015,0.10454508566491846,-5.253788529138015,47.578376325082196,62825.5,61851.95,62338.725,64679.75,0.0,0.0,61129.95,63437.3,60707.8,62126.049999999996,1,0.30747688127681216,0.3105153291296896,0.30631864964258765,0.30971728844537516,0.30829358147306984,0.3084195044644724,0.30929578000510294,0.3103846721638283,0.30886148197214014,0.308873138488084,0.3134546797791874,0.3123496921123648,0.3052471842874155,0.31395160219645285,0.3035229035106914,0.31557927299480326,0.303928353339023,0.30958986595992555,0.3080992979271543,0.30884735915915545,0.312368815973756,0.3069793413817864,0.3105153291296896,0.30631864964258765,0.30852121473085026,0.5494228055341184,0.4957876477457407,0.49017278005015774,0.7088433868289985,0.5775428887659101,0.47578376325082194,0.7088433868289985,-0.5124941745969911,-0.5728305916349201,0.06698365462888584,-0.0011460170930452972,0.0034848220821855286,-0.14899087619565943,0.7799293188330396,0.791630755290999,0.7975143986430676,0.3111584090713099,0.3047235628048891,0.7998842923723919,0.0,0.0,1
2024-05-14,62909.4,63095.9,61000.1,61546.0,46.17516864916243,45.84554834614387,46.67035646473449,-834.2916921603028,-948.9292529420261,64239.2068356661,59993.89316433391,65523.99709624926,58915.82290375073,66664.81116829917,59154.33549836749,2389.009320997332,2694.5697975286394,2868.1585926893113,2947.153759796907,61834.015641811944,61966.437188489755,62528.81553242263,63279.814456545515,62116.55,62219.909999999996,65251.26,55.794133923630326,60.46891717395314,5.999049750094785,-17.737241470391734,20.044100918598474,19.406763083162506,-44.205866076369674,-3.6235515189476977,-4.222125737833238,49.7463632489688,62825.5,61851.95,62338.725,64679.75,0.0,0.0,62179.55,63095.9,61000.1,62137.85,0,0.31066390714034336,0.31094669816268994,0.30772187061310385,0.3085719197490281,0.30901750880540574,0.3092217138054176,0.31008433168701893,0.31122478774386814,0.3094526970376646,0.3096114306820577,0.3141581428506037,0.312663038218014,0.30613586477639854,0.3145572623752266,0.30440820080393344,0.31620965850331123,0.30479300928459435,0.31053642781726126,0.30904518949763615,0.30979358837134996,0.3133166011067541,0.3095494783691279,0.31094669816268994,0.30772187061310385,0.30948542882670205,0.4617516864916243,0.4584554834614387,0.4667035646473449,0.5579413392363033,0.6046891717395314,0.497463632489688,0.5579413392363033,-0.5051484244108518,-0.5598533092676931,0.011997523806967607,-0.025333494738021378,-0.12020107937738322,-0.12005039886871688,0.7779052544916836,0.7899364888649832,0.7961774092490994,0.30466202794566855,0.30158663695927734,0.7988934409275033,0.0,0.0,0
2024-05-15,61546.0,66430.0,61310.0,66185.4,67.04904751169211,57.55712726253173,54.46080644434893,-443.04068650183035,-847.751539653987,65420.89321806427,59249.72678193572,65914.92153798709,58696.978462012914,66934.46725610642,59069.45941056026,2779.150846569142,2867.8148119908797,2975.389135894582,3019.581967803677,63284.4770945413,62733.52133603707,62877.06167219191,63393.75898766138,62335.31,62305.95,65174.047999999995,97.4367841386609,74.70508558173036,140.46953816672877,126.03432540948779,20.071524986285773,18.883924214881173,-2.5632158613390956,3.4182425020859957,2.669372027438308,62.12975885305936,63270.5,61851.95,62561.225,64679.75,0.0,0.0,62227.7,66430.0,61310.0,63867.85,1,0.306256308138248,0.31354826494515337,0.30589011866067,0.3131954453237975,0.30891327174289784,0.30807884679329484,0.30829691085550115,0.309077955375645,0.3074713894681703,0.3074264554227949,0.31172327577069275,0.3120845991552797,0.3026350267418817,0.3128038428695969,0.3017433896777389,0.3142720186291472,0.30234511054814944,0.3088921892207223,0.3067290482364876,0.3078164675882206,0.31099579117847986,0.3073065989120726,0.31354826494515337,0.30589011866067,0.30978926859745387,0.6704904751169211,0.5755712726253173,0.5446080644434893,0.9743678413866089,0.7470508558173036,0.6212975885305936,0.9743678413866089,-0.28706108009355785,-0.51180157623999,0.273773994197175,0.1781283489238026,0.11345087693762974,0.07612023803077837,0.7930260466568395,0.7961654265968772,0.799846614543399,0.3047922602334435,0.2989911576863323,0.8013204796374529,0.0,0.0,1
2024-05-16,66185.4,66770.0,64580.4,65226.0,61.31245655834737,54.91243835004266,52.78646645900577,-207.9894349289243,-719.7991187089746,66067.99348400257,59017.96651599744,66160.60618140566,58599.293818594335,67054.86556841561,59045.97443158439,2694.929297059264,2819.370896848674,2937.9706056138875,2991.915902210221,63931.65139636087,63186.69927493942,63100.77008436411,63465.61157638054,62542.98,62379.95,65087.596,80.6758448060075,77.96892095609957,161.65044703367298,159.25633607367843,20.22954933366835,18.459118383259366,-19.32415519399249,3.2885558509753823,2.321714303642582,56.406165804852996,63440.5,61851.95,62646.225,64679.75,0.0,0.0,63865.7,66770.0,63865.7,65690.45,0,0.3140759051835358,0.31491742912509707,0.31172844189284354,0.3126793274696929,0.3107637229443013,0.30964434250114314,0.3095144137835638,0.3100649106916341,0.3086668810472647,0.30841780287584075,0.31247623625982734,0.31390604276915046,0.3031379814018155,0.31404005779266064,0.302460520885222,0.3153249373387947,0.30318313806273983,0.3100271176486986,0.3076068365103908,0.3088242991018218,0.3118753615805744,0.31066512701305654,0.31491742912509707,0.31066512701305654,0.3133578531466389,0.6131245655834737,0.5491243835004266,0.5278646645900578,0.806758448060075,0.7796892095609956,0.5640616580485299,0.8067584480600751,-0.1377777587242956,-0.4461363510897077,0.3124885506605141,0.2236633367491201,0.10918156167255152,0.06623756800537359,0.7899498246561928,0.7944623678988878,0.7985814664876519,0.3055394047683368,0.2968315771685318,0.8004003409298974,0.0,0.0,0
2024-05-17,65226.0,67443.8,65070.1,66973.0,67.26280869595764,58.63928400624598,55.4076784944758,117.89960188663099,-552.2593745898535,67411.87494735175,58605.78505264825,66820.86979646274,58295.040203537275,67425.45512742158,59057.25153924511,2649.0393974793697,2787.5372613594836,2911.1005767751312,2971.3087054698804,64945.43426424058,63875.1175885868,63469.55388585324,63603.156220444056,63008.83,62557.955,65009.88,93.57953305694956,90.56405400053931,167.77427953478065,176.31652387867385,20.639495510982943,18.198447044719774,-6.420466943050441,7.475788139197137,5.614157371765049,61.55918958352428,63777.4,61974.4,62875.9,64679.75,0.0,0.0,65705.7,67443.8,65070.1,66178.225,1,0.3133402604941179,0.3165405355098708,0.3131113974058405,0.31586968381449076,0.31292800895996603,0.31133953462079605,0.3107309770339933,0.3109318597172338,0.31003512707003245,0.3093494319663702,0.31302285328878837,0.31649518687295114,0.3031287449475442,0.3156519450310393,0.30262282374381855,0.316514479649166,0.30385924307541984,0.3111932454523861,0.30845491728613766,0.3098334541278621,0.3125360506909632,0.31404119836632005,0.3165405355098708,0.3131113974058405,0.3147268817522521,0.6726280869595764,0.5863928400624598,0.554076784944758,0.9357953305694956,0.9056405400053932,0.6155918958352428,0.9357953305694956,0.07843827266646275,-0.3523925484433517,0.3234975575262541,0.2466857777542233,0.24415986229150863,0.1590427944004481,0.7882329785843103,0.7933272458250455,0.7976629947447852,0.3074520140905375,0.2954829392675011,0.7997094271732055,0.0,0.0,1
2024-05-18,66973.0,67346.5,66469.0,66875.8,66.59791487756235,58.350292062827684,55.228551121221855,364.1283389713426,-368.98183187761424,68344.65501716547,58815.36498283455,67405.5250031664,58088.6849968336,67738.6416692069,58972.778330793095,2395.9623406966025,2651.106028405235,2814.2624540715533,2901.5150819542177,65588.88950949372,64420.69620884374,63793.958277676735,63731.49519219135,63580.01000000001,62747.105,64949.412000000004,92.25398210778965,88.83645332358223,147.18099082215306,165.09076143523234,21.020159818489354,17.95080927310716,-7.7460178922103395,9.338499771107193,5.995929804985671,61.693466717995996,63777.4,61974.4,62875.9,64679.75,0.0,0.0,66099.5,67346.5,66099.5,66916.075,0,0.31814679490377695,0.3186799010133252,0.3174228879889263,0.318007591549862,0.316146061387897,0.31442571736197594,0.3134904042325628,0.3133967061894248,0.31316910481264015,0.31190835385923804,0.3152080007265921,0.3200908022088933,0.3057324433771805,0.31876388946406564,0.30454801542006305,0.3192365732687143,0.3059871758611416,0.3134655744613372,0.31072434040758085,0.31210435009555354,0.31480977582591446,0.3168888173201447,0.3186799010133252,0.3168888173201447,0.3180652942304437,0.6659791487756235,0.5835029206282768,0.5522855112122186,0.9225398210778966,0.8883645332358223,0.6169346671799599,0.9225398210778966,0.23809365153101678,-0.2411435281258919,0.2861446201773421,0.23156635877841106,0.301604136127271,0.16965583760120365,0.778195752329578,0.7883109331051512,0.7942810770356198,0.30919583891469127,0.2941846636321436,0.7973332909752937,0.0,0.0,0
2024-05-19,66875.8,67737.7,65822.0,66235.6,61.896389261545174,56.37944922319135,54.020761185160275,501.8228955024315,-194.8208864016051,68899.46830780353,58900.57169219648,67750.44019835355,57984.53980164647,67939.46898344863,58936.0043498847,2327.353434882802,2598.5770263762897,2771.4737657824317,2868.6545792224106,65804.45967299581,64750.67871632669,64026.49558456466,63829.69538073287,63900.020000000004,62867.490000000005,64881.35,80.3047189479068,88.71274470421532,111.5113882238469,132.6780212652446,20.92235140083332,17.52972867665448,-19.695281052093197,5.076663150129698,3.772174863970151,57.92330035973101,64099.35,62121.35,63110.35,64679.75,0.0,0.0,66924.4,67737.7,65822.0,66667.775,0,0.3190994781171479,0.3203277016524157,0.3175770025520511,0.3181773168083982,0.3175514640461573,0.31600508055274634,0.314928333856271,0.31463370822552006,0.3147390895000604,0.31318057878894867,0.31619813952209797,0.321959727440829,0.30695621515400134,0.32034574400731153,0.3054621181914827,0.32061306015745134,0.3070135616695726,0.31503718296081873,0.31203903502378433,0.31354934468530804,0.31590013136301787,0.3191691368092921,0.3203277016524157,0.3175770025520511,0.31880076497221055,0.6189638926154517,0.5637944922319135,0.5402076118516027,0.8030471894790681,0.8871274470421533,0.5792330035973101,0.8030471894790681,0.32260195274196574,-0.12915516822132148,0.21939723681813847,0.18730241125606917,0.1676251070289507,0.10736105290905106,0.7752916616435707,0.786310402861243,0.7927495256883066,0.30875067282624186,0.29193763978076864,0.7961946945838708,0.0,0.0,0
2024-05-20,66235.6,71638.3,66034.0,71436.9,77.17179937242659,66.32975016212133,61.24989372744172,1018.9029851435625,47.92388790742842,71234.58088484751,58695.01911515249,69438.92215911433,57374.15784088567,68977.48746069275,58333.779205973915,2795.488658470974,2813.2715244922692,2906.3702531261256,2959.842759914997,67681.93978199721,65966.3553133582,64732.24838603469,64128.01713050805,64964.8,63406.54,64882.528,98.25284325037079,90.27051476868907,164.84178291244422,196.06810236303403,22.241324553323818,17.909409644413746,-1.7471567496292166,17.515969145784354,17.774033523531912,64.9780604978442,66102.45,64071.65,65087.05,64679.75,0.0,0.0,66555.70000000001,71638.3,66034.0,68836.20000000001,1,0.31517988591098,0.3226979465645488,0.31488811199773714,0.3224276015497375,0.3172485644874733,0.3147900193758713,0.31298332057506845,0.3120866956706917,0.3133262750692561,0.3110054499266658,0.31320507919414997,0.32215528490390327,0.30364159437577504,0.3197053094842108,0.3014759656943712,0.31906591811088825,0.3030539646020896,0.31498727456715325,0.3120026404874345,0.31350609216475783,0.3129057358038561,0.31564142191264416,0.3226979465645488,0.31488811199773714,0.31886932144962643,0.7717179937242659,0.6632975016212133,0.6124989372744172,0.9825284325037079,0.9027051476868907,0.6497806049784419,0.9825284325037079,0.5910437399935543,0.03193839225186032,0.3182364180591855,0.27299512144488675,0.5254693769564917,0.46825234931369064,0.7936119858637818,0.794245872359947,0.7975004258504967,0.31459319249088,0.29396596629558414,0.7993229222981644,0.0,0.0,1
2024-05-21,71436.9,72061.7,69155.0,70167.8,69.26711429683743,62.5788030001252,58.87823375925927,1311.1725370260174,300.5736177311462,72203.87407829239,59597.24592170761,70237.41989063383,57762.59010936615,69631.17871383572,58030.547952830944,2811.37599297512,2819.9449870285357,2906.3859553582147,2958.071334584497,68510.55985466481,66730.25434729307,65249.9199683171,64364.87136068421,65900.56,64000.00499999999,64891.748,84.15239274686843,87.56998498171534,146.1659504529947,188.0211465528969,23.586934211333745,18.342416067278887,-15.84760725313157,15.388207899332688,20.35952897587417,64.99256010486793,66384.75,64283.35,65334.05,64679.75,1.0,0.0,68836.25,72061.7,68836.25,70705.34999999999,0,0.3224850870151762,0.32332142167756184,0.3193697842560687,0.32076447413535686,0.31847211489921856,0.3159495330119973,0.313802425270028,0.3124963600604106,0.31475181018398646,0.31195292173789596,0.31327592437452584,0.3235107578016172,0.30515137615800486,0.3208596343972209,0.3021746546559652,0.32002793600946783,0.302614979789429,0.31545251480284303,0.3123751966732909,0.3139256926296077,0.3129629833978219,0.318926790306474,0.32332142167756184,0.318926790306474,0.321496887778348,0.6926711429683743,0.6257880300012519,0.5887823375925927,0.8415239274686843,0.8756998498171533,0.6499256010486794,0.8415239274686843,0.703458840743339,0.1977428066665565,0.2842796791232782,0.2623231778487016,0.4722329418214257,0.523900527701881,0.7941784954153998,0.7944827209581266,0.7975009659327126,0.3202215172218437,0.2962300408141836,0.7992630759775896,1.0,0.0,0
2024-05-22,70167.8,70713.0,68812.4,69210.1,63.5373655014809,59.82923562521198,57.125562302704516,1448.8187952014268,530.2226532252023,72488.65438309028,60864.54561690973,70702.43046613841,58315.5495338616,69939.0732989866,57885.30670101339,2681.265136835818,2754.2774879550693,2858.491386055443,2922.8222900983474,68743.73990310988,67181.13537505796,65627.07997133452,64554.88032693189,66676.6,64508.990000000005,64966.27,76.13863623051377,86.18129074258432,105.58264518164526,139.47423842951085,24.597134390670266,18.6513474887236,-23.86136376948624,12.628865559962065,17.24484333495962,58.133511329057896,66530.9,64283.35,65407.125,64679.75,0.0,0.0,70802.35,70802.35,68812.4,69725.825,0,0.32191503852929115,0.3226581936036846,0.3200432185124919,0.3205960872718423,0.3199474594501006,0.3177429562678792,0.3155012293019344,0.3139247524519134,0.31702065796880075,0.3138567211811266,0.31453256907324195,0.3250409786762511,0.30830054883708513,0.3226438387799453,0.3042224296441088,0.321601612092282,0.3035173793358414,0.3168110977265486,0.313521540567793,0.3151798450202049,0.3141096346765351,0.3227794604439419,0.3227794604439419,0.3200432185124919,0.32130850831102353,0.635373655014809,0.5982923562521197,0.5712556230270451,0.7613863623051377,0.8618129074258433,0.581335113290579,0.7613863623051376,0.7468878394838661,0.3394597316032525,0.2080816052846939,0.19665338552509087,0.3977407117001155,0.4563645252658479,0.7894416916836124,0.7921273438095724,0.7958399050955465,0.3242480407355564,0.2978145910453898,0.798064704272256,0.0,0.0,0
2024-05-23,69210.1,70159.4,66311.1,68000.3,56.633210237352905,56.454758823935975,54.95570143457412,1443.6422875587887,712.9065800919196,72455.17194603595,61916.20805396407,71089.47850085238,58444.16149914764,70106.98222744232,57824.231105891005,2847.9844030021277,2832.4219531011354,2905.6251295766115,2953.6715470950685,68495.92660207326,67330.07439777469,65853.10092644552,64689.99482391495,67185.69,64766.82000000001,65006.846,66.01537985222626,75.43546960986947,63.692721873889376,89.28590697303036,23.987375782744184,18.256086778375504,-33.98462014777373,8.092431337765106,8.205436662704466,57.1836380026997,66685.85,64283.35,65484.600000000006,64679.75,0.0,1.0,69688.95000000001,70159.4,66311.1,68420.225,0,0.31958891521149413,0.32089581793790833,0.3154887441135451,0.31789823900181996,0.3185943291411227,0.316949157347098,0.3148253188485641,0.3131204738020991,0.31674351533954626,0.3132339827035916,0.3135877923516654,0.32398755671190954,0.3089334422495379,0.3221599043293908,0.3034325553399377,0.3208240981063323,0.30241772909787085,0.3160283255777074,0.3125175022985597,0.3142883204970322,0.3131053273732512,0.32025028344974205,0.32089581793790833,0.3154887441135451,0.318488321919659,0.566332102373529,0.5645475882393598,0.5495570143457411,0.6601537985222626,0.7543546960986948,0.571836380026997,0.6601537985222626,0.7453580109760537,0.4424483740159563,0.12670085689244626,0.12686404295103662,0.26339006469804216,0.23023825833348166,0.7954717859931195,0.7949240430886272,0.7974747937849533,0.3218370728638341,0.2957827207033532,0.7991142772087132,0.0,1.0,0
2024-05-24,68000.3,69279.9,66628.2,68580.0,59.11670768499542,57.68629851693165,55.80039427722835,1469.3787298608804,864.2010100457119,71609.78248549225,64168.39751450774,71521.7793002565,58483.86069974351,70470.53651506019,57748.736818273166,2819.9437740018234,2819.5132421653398,2893.53345673963,2943.605828858566,68523.95106804885,67557.33359817929,66112.80560011737,64842.544046506526,67889.09,65002.82000000001,65008.837999999996,69.98715594748595,70.71372401007532,56.00109130077371,79.21612198833725,23.421171361098537,17.880589103544814,-30.012844052514055,11.42884996587918,7.391168180394613,58.3257804358256,68321.05,64283.35,66302.2,64679.75,0.0,0.0,68605.20000000001,69279.9,66628.2,68122.1,1,0.31822542037833607,0.32001302561619,0.316272409435538,0.3190392244415941,0.3189608294782226,0.31759907326870634,0.31552884252727126,0.31367225927055287,0.31806853973440974,0.3139084236948335,0.3139172802806448,0.3231880188155361,0.31267276131131144,0.32306990860239637,0.30382217704782544,0.32164812897977074,0.3026182237070578,0.3186765191591309,0.3128438993255656,0.3158027275336433,0.31343181215557014,0.3190744513591649,0.32001302561619,0.316272409435538,0.31839695810517693,0.5911670768499542,0.5768629851693166,0.5580039427722835,0.6998715594748595,0.7071372401007533,0.583257804358256,0.6998715594748595,0.7528865537970951,0.5198498700005559,0.11153618403506478,0.11268526344960395,0.3635423280976127,0.20809207479792194,0.7944826779573952,0.794467414813988,0.7970579222180753,0.31954504348171175,0.29381343627488293,0.7987730242937114,0.0,0.0,1
2024-05-25,68580.0,69636.3,68524.4,69306.2,62.27421565246318,59.241420225479246,56.86438352287614,1530.7280367373314,997.5064153840358,71820.04182978321,64582.29817021679,72029.66308228088,58506.81691771913,70899.79650724411,57642.25015942255,2575.9375205729925,2697.540867724959,2808.6937683234573,2882.5489678966137,68784.70071203256,67875.30930760123,66416.9384001062,65017.58937801607,68201.17,65268.240000000005,65038.682,76.0289166688415,70.67715082285123,74.08083356978172,91.7934991564497,23.047341751816166,17.600469754343234,-23.971083331158496,4.715239312597648,8.294660128941924,59.31275433734355,68565.9,64283.35,66424.625,64679.75,0.0,0.0,68290.15,69636.3,68290.15,69011.72499999999,1,0.3210498560802787,0.322517155282214,0.32097202280780246,0.32206092412740805,0.3213358913483104,0.32005886403750494,0.3179762547869242,0.31593631110454684,0.32051833617820524,0.31630477739951096,0.31596737046178947,0.32548398132250655,0.31529317180726457,0.32576419609493595,0.30585616650957914,0.3242444520772277,0.30443782229682964,0.32103012351910504,0.31484907018828057,0.31798734602861145,0.3154375158884569,0.32064343424111896,0.322517155282214,0.32064343424111896,0.3216521661710373,0.6227421565246317,0.5924142022547925,0.5686438352287614,0.7602891666884151,0.7067715082285123,0.5931275433734355,0.7602891666884151,0.7700641509721319,0.5816840993794757,0.14708696052622003,0.13038704649288996,0.15589303264849166,0.23265094447968074,0.7854356965334388,0.7900466486552119,0.7940830777144801,0.3180024460372858,0.29231868360100893,0.796677709501518,0.0,0.0,1
2024-05-26,69306.2,69598.7,68121.0,68528.6,56.79457310092891,56.83280648572691,55.365904899604004,1499.3187696264358,1097.868886232516,71558.33868715896,65504.52131284105,72367.68679368781,58706.72320631219,71228.91003216767,57631.97663449901,2419.046446205422,2610.409377173176,2745.3131126890066,2835.720668966727,68699.3338080217,67994.08943349191,66618.04902866752,65155.276069074265,68531.43000000001,65537.205,65031.362,68.88205814742076,71.63271025458273,54.397141939446904,74.47936500930476,22.447269909691403,17.221844357059513,-31.11794185257923,5.063318308649934,8.518384210117931,59.599890401011855,68941.85,64283.35,66612.6,64679.75,0.0,0.0,68943.1,69598.7,68121.0,68888.625,0,0.32363391902132266,0.3240385500921824,0.3219774014040095,0.322550192483359,0.32278914928647817,0.32179838496329405,0.3198365237934509,0.3177079186402806,0.3225541579718022,0.3182680813620201,0.31752550165930093,0.3267079982190809,0.31822026784362506,0.32779004328362565,0.30774309719895143,0.32626419907797316,0.30598131844813203,0.3231275931928983,0.3164172107152768,0.31982867793791925,0.31700606576167395,0.32312933466882754,0.3240385500921824,0.3219774014040095,0.32305341299545015,0.567945731009289,0.5683280648572692,0.55365904899604,0.6888205814742077,0.7163271025458273,0.5959989040101186,0.6888205814742077,0.7614033571234962,0.6242340585496656,0.10836706957191482,0.10599939627653454,0.1671927456264409,0.2386880182799511,0.7791542011613424,0.7867645345828016,0.7918014604841763,0.3154754066353188,0.29026211137701435,0.7950403969956669,0.0,0.0,0
2024-05-27,68528.6,70737.9,68277.0,69450.0,61.48019065192504,58.96195054817052,56.782832850652326,1531.1261099854019,1184.5203309830931,71657.11223628958,65901.14776371043,72759.1934249709,59028.76657502912,71651.54979677951,57611.810203220506,2425.025525318932,2599.73013594652,2731.769631132387,2823.2266466678357,68949.55587201448,68258.80044558429,66887.7586449849,65323.69661538508,68779.13,65893.98000000001,65033.262,76.38949157445579,73.76682213023935,69.18392705103331,82.73950689951533,22.399215655405282,17.11509123058083,-23.6105084255442,3.6985053678347994,11.450785932648099,50.53092387468646,68941.85,64474.5,66708.175,64679.75,1.0,0.0,68917.4,70737.9,68277.0,69248.375,1,0.32297425130127655,0.3260236283844988,0.3226210092723901,0.3242573319611566,0.32356248988346187,0.3225954089544369,0.32064774817521674,0.318378557876806,0.32332475556874907,0.3192119196721398,0.3179514582139319,0.32726547511474025,0.3192223499417304,0.3287343285612166,0.3086863893227049,0.327258006503138,0.30636885852583345,0.3235517528248675,0.3171246024887362,0.320389804098696,0.3174291263578268,0.3235176775237812,0.3260236283844988,0.3226210092723901,0.3239779660378793,0.6148019065192504,0.5896195054817052,0.5678283285065233,0.7638949157445579,0.7376682213023935,0.5053092387468646,0.763894915744558,0.7701721397615356,0.658227843599672,0.13749151661183917,0.11765189744878818,0.12266269809514058,0.3159713888426491,0.7794009611014568,0.7863547506104483,0.7913070890802845,0.3152702502802107,0.28967453605243026,0.7945989852711325,1.0,0.0,1
2024-05-28,69450.0,69613.7,67250.0,68443.6,54.01543456806659,55.72871485104084,54.788125472782596,1458.31503921267,1239.2792726290086,71539.83549732098,66331.98450267903,72847.86135568056,59668.058644319426,71935.55755754886,57684.52244245113,2416.264735987656,2582.8708405217685,2714.2425058403687,2807.9090917789076,68780.90391467632,68292.40036456897,67035.93401212919,65446.04576772292,68935.91,66257.95999999999,64968.64600000001,66.34857743426628,70.54004238538094,20.45558421746019,54.281919258082375,21.7022418390743,16.722195907472866,-33.65142256573372,2.344345787265353,11.901772284350281,52.72987113253571,69047.85,65420.85,67234.35,64679.75,0.0,0.0,68989.3,69613.7,67250.0,68689.32500000001,0,0.3247801678482757,0.3250064612060535,0.321688206187069,0.32337758882430745,0.3238498707915919,0.3231651578292799,0.321382182636152,0.31907952681287133,0.3240661594949836,0.32026205628347054,0.31837762291220495,0.3276313226480073,0.32036917845886903,0.3293753604629988,0.310234185565773,0.32816216948495,0.30700781476866634,0.3242220652770061,0.3190426052610063,0.32166586502892763,0.31795046419765355,0.324140549379378,0.3250064612060535,0.321688206187069,0.32372186540037706,0.5401543456806659,0.5572871485104084,0.547881254727826,0.6634857743426628,0.7054004238538094,0.5272987113253571,0.6634857743426628,0.7496738591484893,0.6784228488085696,0.04088835904134271,0.07739053640754456,0.07798618019860214,0.3275226004023988,0.7790391905523648,0.7857043879335034,0.7906636549130692,0.31224636790415516,0.2874817860042786,0.7940551463383289,0.0,0.0,0
2024-05-29,68443.6,68989.0,67124.7,67676.0,48.74855606832107,53.32678697891893,53.288948420639976,1323.4173052544065,1256.1068791540883,71181.31088142858,66978.58911857141,72934.888046059,60045.08195394101,72126.75475926032,57749.86524073968,2337.412630846563,2531.544351913071,2673.7690531813037,2776.455455386277,68412.60260978423,68180.32757101097,67096.89267764069,65533.49495330242,69079.95,66489.985,64938.42600000001,41.377835402938004,61.371968137220016,-18.219906182097542,38.36404312394971,20.976540775746066,16.313637275591287,-58.622164597062,2.1746613603560534,7.361724742407056,51.3701004430822,69186.4,66086.35,67636.375,64679.75,0.0,0.0,68946.8,68989.0,67124.7,68058.325,0,0.32445993583684873,0.3252228140356771,0.32259070810932144,0.3233762993480877,0.3244164029618255,0.32408959038155327,0.322550919275146,0.32028803446391896,0.32534946608095877,0.3216785426058887,0.3194130872335512,0.328231910697048,0.32238146435973125,0.3305752899191029,0.3119122868927347,0.32950216514834385,0.30819032251273765,0.3254974991312821,0.3210941100388064,0.3233200399215172,0.31903034811131903,0.3251639940756275,0.3252228140356771,0.32259070810932144,0.32391750313161627,0.4874855606832107,0.5332678697891893,0.5328894842063998,0.41377835402938,0.6137196813722001,0.513701004430822,0.41377835402937996,0.7075588001662806,0.6844319117347225,-0.036423691937569024,0.054750968861647015,0.07236201159147926,0.20728712067432248,0.7757227615273452,0.7836979749064479,0.7891618320343678,0.3089975556050553,0.285149447279888,0.7929290483720474,0.0,0.0,0
2024-05-30,67676.0,69560.0,67137.0,68371.8,53.53944464160829,55.211235000646305,54.47460512937288,1258.1519318654027,1256.5158896963512,70194.15435608936,67352.72564391064,72799.5524852746,60938.68751472538,72304.35889318628,58086.65444014706,2349.6393978684823,2523.79118391928,2661.82766969648,2764.6736068734012,68399.00173985615,68215.14073991806,67218.31242262729,65644.80103356506,68773.44,66869.12,64892.746,47.22381143085997,51.65007475602141,-6.065626835144585,44.53905065127244,20.591425501820275,16.06300699820665,-52.77618856914004,-4.2906397114096375,12.473782306367431,52.58603395412572,68524.5,66086.35,67305.425,64283.35,0.0,0.0,68059.8,69560.0,67137.0,68186.2,1,0.323784826295222,0.32642427545086494,0.3230167008350785,0.32476776120499834,0.3248059927042448,0.32454729481681477,0.3231329572308789,0.320858874969474,0.3253307781638025,0.3226327406356372,0.31975344415032514,0.3272972698056839,0.3233248385911695,0.3308060387875721,0.31373147425702863,0.330148554005535,0.309151106064979,0.32498218895940334,0.3215022508790297,0.32325735661677313,0.31884865494096154,0.3243282029906117,0.32642427545086494,0.3230167008350785,0.3245065133047451,0.5353944464160829,0.5521123500064631,0.5447460512937288,0.4722381143085997,0.5165007475602141,0.5258603395412572,0.47223811430859963,0.6851559382187773,0.684576825195544,-0.012130658597306703,0.06354149074939852,-0.14205406530974127,0.34203363182359314,0.7762442654329366,0.7833913638851764,0.7887143870875986,0.30722962683693394,0.283691278668433,0.7925039503408503,0.0,0.0,1
2024-05-31,68371.8,69077.0,66660.0,67555.8,47.46835469203045,52.53246949132564,52.82354866635285,1127.5861614681344,1230.729944050708,69761.59602035547,67262.88397964454,72447.31612602227,61965.48387397772,72179.05196468731,58829.114701979364,2359.2623410301276,2516.16324221076,2650.169209234743,2753.0844866442876,68117.93449323744,68095.2606053875,67250.45409666278,65719.74216950369,68512.24,67206.4,64843.09199999999,27.786592304117246,38.7960797126384,-60.16932306262982,21.718823870914246,19.90778877313266,15.681541589901837,-72.21340769588275,-3.722505194690442,11.092875866219822,47.50620224001714,68524.5,66086.35,67305.425,64283.35,0.0,1.0,68023.9,69077.0,66660.0,67916.15,0,0.3251715353728978,0.32615814776619406,0.32273534723865344,0.32401762558154223,0.3248139676247482,0.32478196933264203,0.3235823877334953,0.32137150607874676,0.3253687961909729,0.32351943668092253,0.3200829505973998,0.32710671164872285,0.3236001422353877,0.33074346436108637,0.3157326237369187,0.33038609419724463,0.3107650939940888,0.3253859980288175,0.32190548417879916,0.3236608828103805,0.3192514355267533,0.3246811955351315,0.32615814776619406,0.32273534723865344,0.32452884077920435,0.4746835469203045,0.5253246949132564,0.5282354866635285,0.27786592304117247,0.38796079712638404,0.47506202240017137,0.27786592304117247,0.6361764043955436,0.6753346507915796,-0.1197611010777879,0.031016938878232477,-0.12345057801819473,0.3067368135189937,0.7766528053295123,0.7830887848896692,0.7882756032707279,0.3040121758118021,0.28143028141169457,0.7920840356611906,0.0,1.0,0
2024-06-01,67555.8,67942.0,67456.9,67792.8,49.41212187663141,53.2420562641157,53.255609424262964,1031.3470403709362,1190.8533633147536,69592.30172840485,67148.71827159516,72051.87772236645,62995.23227763356,72067.0949282369,59525.23173842979,2091.52486374011,2371.087296338563,2547.0706754616604,2677.485003756145,68009.55632882495,68040.26776804432,67302.1060874568,65801.03855501335,68370.51000000001,67523.55500000001,64856.538,31.5848518358255,35.53175185693423,-71.79413809421305,12.521129010807227,19.272983239351298,15.319149452012265,-68.4151481641745,-2.0478224998952506,10.322426309648389,46.85485517496817,68683.04999999999,66086.35,67384.7,64283.35,0.0,0.0,67963.8,67963.8,67456.9,67686.875,1,0.3266944421526987,0.32724281754891116,0.3265535264897681,0.3270313209172172,0.32733843427054954,0.3273818718921617,0.32633257212128364,0.3241642248933502,0.32784777121480696,0.3266485203304307,0.3227753592904775,0.3295528231817377,0.32611314219264176,0.33289951677351,0.3199805654680045,0.3329198777884835,0.31455207538323626,0.32828670630075546,0.3245800030233579,0.32645052824041154,0.32192299738049435,0.3272736824524112,0.3272736824524112,0.3265535264897681,0.32688089625435407,0.4941212187663141,0.532420562641157,0.5325560942426296,0.315848518358255,0.3553175185693423,0.46854855174968174,0.31584851835825506,0.5964152384410162,0.660613970306043,-0.14260953225219655,0.017885419680384092,-0.06815492622383178,0.2866628015001142,0.7646126684606112,0.7771525562281286,0.7843091753929688,0.3009289124738381,0.27923392312668144,0.7893006616558337,0.0,0.0,1
2024-06-02,67792.8,68498.6,67279.7,67776.3,49.26406252158796,53.18244923331326,53.21997915118934,942.8765376267402,1141.257998177151,69603.96828006131,67092.25171993872,71769.840201402,63763.959798598,72171.61927914996,59749.54738751669,1966.8641689200956,2288.788203742952,2483.824452820629,2628.8655036309406,67931.80421921663,67992.27362839988,67347.26741246092,65878.49978815009,68348.11000000002,67766.9,64933.962,28.90488909534323,29.425444411761987,-76.5176766296937,8.237621353571988,19.0059466513012,15.122458504515132,-71.09511090465678,-0.32941031142509664,7.736363723068415,48.03221990148484,68698.95,66086.35,67392.65,64283.35,0.0,0.0,67674.3,68498.6,67279.7,67836.85,0,0.32879485787669543,0.32979211705368566,0.3280635795443021,0.32877142484201377,0.328992051750718,0.32907771351319487,0.3281601839885036,0.32603888763125344,0.3295803150083849,0.32875807265755486,0.32465055571217055,0.33133423183898036,0.32779508592746104,0.33428861595667303,0.3229036612283735,0.33482719803293837,0.3166666882581309,0.3300733984925759,0.3263418266513507,0.3282250173476936,0.32368291582600495,0.3286264440620751,0.32979211705368566,0.3280635795443021,0.3288573900937336,0.4926406252158796,0.5318244923331326,0.5321997915118934,0.2890488909534323,0.29425444411761986,0.48032219901484835,0.2890488909534322,0.5570766662658317,0.6415706866193829,-0.15185175312892263,0.011767487297243466,-0.010979902442947527,0.21750809525726333,0.7584704055372543,0.7736214604822564,0.7817957293307297,0.29960295619244837,0.27802132381366473,0.7874687984560327,0.0,0.0,0
2024-06-03,67776.3,70344.1,67621.5,68837.0,58.57371994947474,56.5500835224386,55.241272944056654,947.4312544211425,1102.4926494259494,69657.8015278531,67089.81847214693,70956.52466910172,65306.37533089827,72370.0175312237,59882.94913544298,2074.8264305029397,2319.774760618456,2495.194716972028,2631.9899868432426,68233.53614614443,68145.86024141808,67489.14670651226,65994.51940430107,68373.81000000001,68131.45,64998.32399999999,43.92411226654607,34.80461773257159,31.22501790147266,55.54146549908707,19.68326165598096,15.383673473731381,-56.07588773345393,0.3747448235637212,11.846423813082897,45.36518311757707,68698.95,66086.35,67392.65,64283.35,0.0,0.0,67784.55,70344.1,67621.5,68644.725,1,0.32865708026613266,0.3322391644005502,0.3284369777442917,0.33015234400794197,0.3293043873967003,0.3291805892803657,0.3282484061543432,0.3260938685293618,0.32950213545954427,0.3291602273895761,0.3246316105226513,0.33129427139300244,0.3276772950134411,0.33307487536223446,0.32508606927030215,0.3349774671020674,0.3167665345071814,0.32995899651395966,0.3262275912132468,0.3281106970859037,0.32356880290468454,0.3286687969499177,0.3322391644005502,0.3284369777442917,0.3298829486992426,0.5857371994947475,0.565500835224386,0.5524127294405665,0.43924112266546067,0.3480461773257159,0.4536518311757707,0.43924112266546067,0.5591672777551624,0.6261117927186599,0.062368977060787825,0.07917886037249015,0.0124908444458131,0.3261101219323099,0.7638114633132921,0.7749656357454391,0.7822522738053954,0.3029324757512245,0.27962853190766757,0.7875875356543102,0.0,0.0,1
2024-06-04,68837.0,71110.0,68604.9,70559.3,69.25923945084482,61.40466668006327,58.312292461004745,1077.5942803492799,1097.5129756106155,70273.55794774528,66724.68205225474,71215.66517579708,65484.624824202896,72733.17157226018,59957.228427739814,2136.294083288235,2333.012277717138,2495.6663971162175,2627.760320615135,69008.7907640963,68584.66747025115,67781.542258273,66173.53040805398,68499.12000000001,68350.14499999999,65141.236000000004,88.52445352059851,53.78448496082927,158.15554368489,120.15670831891374,20.639854407188817,15.800329635801441,-11.475546479401483,1.8080633478678758,6.608557174240859,49.74746880408417,68885.0,66086.35,67485.675,64283.35,0.0,0.0,68306.65,71110.0,68306.65,69777.8,1,0.3303072571292557,0.33343831254304346,0.3299819531347816,0.33268867395030854,0.3305473539458891,0.32995354565488444,0.32881934990771333,0.3265090611092493,0.3298333434680304,0.3296236741681489,0.3249972914692519,0.33229748278314203,0.32730694699446466,0.3335815085653111,0.32550271693888166,0.33561571018118064,0.31703935587362053,0.33037440055374373,0.3263822674278602,0.3283982540766859,0.3237233132635345,0.32956237575135483,0.33343831254304346,0.32956237575135483,0.3316151202189249,0.6925923945084481,0.6140466668006327,0.5831229246100474,0.8852445352059851,0.5378448496082927,0.4974746880408417,0.8852445352059851,0.6159148812607175,0.6240892213767245,0.3061675887343176,0.1699861879676167,0.06019591218703502,0.18660360889238725,0.7667295860866622,0.7755344073208474,0.7822711679879017,0.30745367260068873,0.28213985073953773,0.7874267653063463,0.0,0.0,1
2024-06-05,70559.3,71819.6,70406.0,71140.6,72.09363990794304,62.91087749646846,59.30189290295718,1213.6650923402776,1120.743398956548,71140.72905694765,66379.91094305234,71378.392588507,65913.357411493,73109.77892630432,60113.37440702902,2033.0520713899166,2267.3399721659143,2444.1394258249693,2587.288309927964,69719.39384273087,69049.38247566002,68101.45251938986,66368.31745087539,68760.31999999999,68645.875,65288.60199999999,87.67359535263684,73.37405371326047,213.02489767359455,168.65900642752354,21.81566786168585,16.347296088180777,-12.326404647363166,3.8115472955816987,9.067856376291672,52.24874874316155,69239.8,66261.35,67750.57500000001,64283.35,0.0,0.0,69698.15,71819.6,69698.15,70981.375,1,0.3341855144076492,0.33589381797077683,0.3339757153305242,0.334977078808224,0.3330306204819313,0.3320996762009964,0.3307675964796248,0.3282852560102627,0.33169534801709954,0.33153481441459787,0.3267070552416661,0.3349772538530241,0.3283020675769983,0.3352990871329641,0.3276232829157408,0.33761290751108897,0.3187761674575025,0.3323651336759148,0.32813001046890744,0.33026999073276314,0.3252149638898938,0.3330012359721589,0.33589381797077683,0.3330012359721589,0.3347608822166971,0.7209363990794304,0.6291087749646845,0.5930189290295718,0.8767359535263684,0.7337405371326047,0.5224874874316154,0.8767359535263684,0.6690990334823393,0.6334529482400234,0.40201478796414647,0.23638477943897965,0.1263723353857759,0.25343633171869434,0.7617785176767503,0.7726803553157883,0.7801857425160403,0.31274474868716257,0.2853436649186138,0.785875205201566,0.0,0.0,1
2024-06-06,71140.6,71699.9,70144.1,70835.8,68.24439940705794,61.554409784886474,58.53685110652159,1282.1278072353307,1153.0202806123045,71567.6662138146,66230.13378618538,71616.94449534363,66061.08550465637,73362.54632799678,60428.69367200324,1964.873204048498,2216.515688439777,2401.837548404732,2552.9053662636984,70091.52922848726,69374.18566190366,68361.86656516226,66543.5128449587,68898.9,68839.015,65480.418,81.04942789998842,85.74915892440792,148.31901893407488,136.6085353171031,22.67882244767581,16.770833757159465,-18.95057210001158,1.9953923686105153,5.767697430307741,51.75790230202805,69239.8,66314.15,67776.975,64283.35,0.0,0.0,70849.95000000001,71699.9,70144.1,70955.1,0,0.33626826028256296,0.33702434897674843,0.3349068122118129,0.3358537976024043,0.3348344711453979,0.333842091144439,0.3324246690745523,0.3298270824658654,0.33317911016918866,0.33309526328938865,0.32827655647327425,0.33684610430251233,0.3293725120688116,0.3369125661587319,0.3291264392580648,0.339238817340439,0.3205610535058359,0.3336550804410556,0.3294945842323528,0.33159646793720676,0.3265013608401551,0.33587307663993643,0.33702434897674843,0.3349068122118129,0.3360162246923422,0.6824439940705794,0.6155440978488648,0.5853685110652159,0.8104942789998841,0.8574915892440792,0.5175790230202805,0.8104942789998841,0.6935438126825949,0.6461613472243751,0.28823295207953503,0.1927146950948418,0.06641516782172335,0.16331568073578479,0.7583691804247045,0.7704142788990626,0.7784405629791118,0.3164581081062948,0.2877558560433324,0.7845378982759444,0.0,0.0,0
2024-06-07,70835.8,72169.0,68336.7,69389.9,52.67829640198533,55.4468392613875,55.00248516833468,1205.8130931817723,1163.578843126198,71658.11381748415,66328.94618251585,71599.77930149592,66329.66069850409,73331.77492165564,61007.85841167769,2231.648460612999,2331.928853551222,2469.954808004507,2595.5518540549087,69857.65281899151,69377.04281428481,68459.77451133728,66655.1358706466,68993.53,68964.72,65599.314,49.553457977854315,72.75882707682652,66.7395101700735,68.26800718534574,22.06597282046179,16.55401429087427,-50.446542022145685,1.3825982268612234,3.759356897412803,47.872048222777046,69414.5,66438.4,67926.45,64337.0,1.0,1.0,70988.20000000001,72169.0,68336.7,70182.85,0,0.3342551826868733,0.33605447124262533,0.3307926067733822,0.33226648864861696,0.3329141746149805,0.33224862624208956,0.33096596636399456,0.3283933921529825,0.3317143419736322,0.3316740903069041,0.3268570126752416,0.3353687991246911,0.3279212519604071,0.33529020712307744,0.3279222886198026,0.3375977501643666,0.3198867934908003,0.33230065638247785,0.3280799284902411,0.33021255896357504,0.32498862690631464,0.3344625083979679,0.33605447124262533,0.3307926067733822,0.33336200788252196,0.5267829640198533,0.554468392613875,0.5500248516833468,0.49553457977854315,0.7275882707682652,0.47872048222777047,0.49553457977854315,0.6661977582079643,0.6502427853926751,0.13269191303141525,0.0972176986505296,0.04605400631926452,0.10699903235958777,0.7710943810254316,0.7754879775864709,0.7812359916871348,0.31383584934653175,0.28652826582788726,0.7861939633835937,1.0,1.0,0
2024-06-08,69389.9,69610.5,69204.0,69326.0,52.06597940323464,55.18623150265092,54.84881085812508,1127.1834671491379,1156.2997679307862,71676.65774108033,66640.40225891967,71439.69625979033,66798.78374020968,73390.71741169551,61368.282588304486,1970.9129662397133,2194.398221154706,2371.6950552423873,2522.583458919745,69680.43521266102,69367.76230259666,68542.2721769242,66759.87564042516,69158.53,69119.24,65710.338,48.393537847159195,59.66547457500064,23.23007739536463,21.359808589699643,21.496898166620205,16.34803579790334,-51.606462152840805,2.43808735740883,4.665768861458179,46.80379153994481,69414.5,66584.55,67999.525,64337.0,0.0,0.0,70112.85,70112.85,69204.0,69382.6,0,0.3350166313678585,0.33532292357411414,0.33475778799358297,0.33492773385815267,0.33541982963864214,0.33498584240814433,0.3338309361256666,0.33129082002131266,0.33469437437980776,0.3346395471458295,0.32976436092228756,0.33814703652119105,0.3311182272555185,0.3378271671220884,0.33134696291699683,0.34043083525915435,0.3231892851314366,0.3350508337652197,0.3310374400799669,0.33306426973254794,0.32773110924294435,0.33601693084445794,0.33601693084445794,0.33475778799358297,0.33500647962480395,0.5206597940323464,0.5518623150265092,0.5484881085812507,0.48393537847159196,0.5966547457500063,0.4680379153994481,0.48393537847159196,0.6360165666300093,0.6474330293753353,0.04642675483506846,0.030504545214342,0.08109112841448751,0.13252358740502687,0.7586759399421734,0.7694118730992664,0.7771781742169894,0.3113377440445589,0.28534792894885913,0.783343517791809,0.0,0.0,0
2024-06-09,69326.0,69864.7,69157.1,69642.3,55.081192014114926,56.28159403785793,55.49508175671606,1077.965572483692,1140.6329288413674,71759.93572187959,66811.22427812038,71111.02870988472,66947.99129011527,73213.37625468531,62135.83707864801,1790.4396853483245,2088.1983482150836,2292.452433564178,2462.0840102890866,69667.72347510734,69417.67824757908,68647.03673150286,66872.91188982026,69285.57999999999,69029.51,65805.184,54.13505173352701,50.69401585284684,30.971050798215074,35.308896561509066,21.112987358833156,16.219019056654208,-45.86494826647299,1.8582222495239265,-2.5121470836500346,48.21165158783722,69724.35,66739.5,68231.925,64337.0,0.0,0.0,69357.95,69864.7,69157.1,69497.52500000001,1,0.3372710351459655,0.3380186367174458,0.33703548212215195,0.3377106697061353,0.3377459227555087,0.3373986604461345,0.33632074590952193,0.3337941620112196,0.3372147146799828,0.3368571726536828,0.33224222632409023,0.34060527180752886,0.33370515202565804,0.33972714927265757,0.33390238842528064,0.3425445787054454,0.3267174079022911,0.3378243983688033,0.3336015602721728,0.3357352681164587,0.33006812180657497,0.33731553123848107,0.3380186367174458,0.33703548212215195,0.3375096825674334,0.5508119201411492,0.5628159403785793,0.5549508175671606,0.5413505173352701,0.5069401585284684,0.4821165158783722,0.5413505173352701,0.6160684858659968,0.6413254325946776,0.06186300267668783,0.050398544661690955,0.061861647935495485,-0.07165262793539101,0.7490774869054799,0.7644535705931486,0.773781357415099,0.309616509921287,0.2846014532025906,0.7809169506466607,0.0,0.0,1
2024-06-10,69642.3,70180.6,69168.4,69516.0,53.51305229866783,55.696183287496005,55.16403079233378,1017.0448222759005,1115.915307528274,71670.92014287504,67292.27985712497,71025.87672363907,66967.96327636096,72915.61204813966,63013.98795186034,1679.2625874414225,2011.3413233425783,2231.4880319658846,2413.754543279451,69617.1489834049,69435.55492983742,68729.7951380264,66976.56240394495,69481.6,68996.92000000001,65897.286,51.84243964421855,51.45700974163492,34.602397220340485,45.73430277987478,20.93958014730463,16.180651950659563,-48.15756035578145,2.9016013428898733,-0.9289161125188519,47.550004954294465,69724.35,68374.7,69049.525,64337.0,1.0,0.0,69484.15,70180.6,69168.4,69626.82500000001,0,0.33962609144297595,0.3403703720687145,0.33896623676710386,0.3394506574426475,0.3395911805569562,0.33933875647972606,0.33835162253899465,0.33585638955138725,0.33940282156631907,0.33872639245700936,0.33428879642835657,0.3424025254553628,0.3363103453774061,0.3415280288416138,0.3358439963806602,0.34406866163434896,0.32997629286821595,0.33973989634239127,0.3378512478971277,0.3388000307946804,0.3319782164227437,0.33940636832507043,0.3403703720687145,0.33896623676710386,0.33960461280101095,0.5351305229866783,0.55696183287496,0.5516403079233378,0.5184243964421855,0.5145700974163492,0.47550004954294467,0.5184243964421855,0.5902371192815475,0.631521845073827,0.06909452475874917,0.06524191356696397,0.09641957122734116,-0.026534230447981907,0.7426705362231878,0.7607054160640184,0.7710871951914733,0.3088292318260363,0.2843783864070061,0.7789352922527539,1.0,0.0,0
2024-06-11,69516.0,69570.0,65931.6,67276.3,33.677205081956714,46.466169330248924,49.64924316016194,779.0591083264881,1048.5440676879168,71793.62782449265,67066.27217550734,71059.46297872189,66740.99702127813,72490.68498409157,63827.35501590844,1959.1393606640756,2127.5598002466795,2298.4838399675086,2454.5760585034686,68836.8659889366,69042.96312441243,68591.36702964293,66988.31681947652,69429.95,68900.23000000001,65907.406,21.55866226312243,42.51205121362266,-94.41253736890512,-103.16592382498412,20.246954875925372,15.603349250326804,-78.44133773687757,-0.7618803176738532,-2.794100861001505,41.8763818673878,69050.3,68619.55,68834.925,64337.0,0.0,1.0,69579.15,69579.15,65931.6,68073.475,0,0.33783033082278685,0.3379053333513269,0.3327216638387392,0.33466891433275825,0.33688222314238336,0.3371708970678106,0.3365372692112724,0.3342550668186074,0.3377106965394047,0.3369710639160769,0.3326862790838941,0.3409459525854804,0.33436726207700274,0.3399522333880985,0.3338982826334328,0.34188039328912956,0.32959632658262794,0.3371811582589683,0.33657693000076644,0.33687950049390814,0.33036229042744036,0.33791803654146285,0.33791803654146285,0.3327216638387392,0.3358056456629278,0.3367720508195671,0.46466169330248924,0.4964924316016194,0.2155866226312243,0.42512051213622665,0.418763818673878,0.2155866226312243,0.4772157453033445,0.6037513237723765,-0.1866124455491759,-0.14632201014997376,-0.025390552216028685,-0.07966229414469062,0.7580770852076539,0.7663200879891956,0.7740439959326456,0.3056213585145553,0.28096044370791484,0.7806116659751564,0.0,1.0,0
2024-06-12,67276.3,70000.0,66859.4,68240.9,44.09035181320698,50.28725486202132,51.827066274950354,660.6730463054118,970.9698634114159,71723.64193364601,67229.178066354,71053.91276868126,66770.60723131873,72204.99397092663,64468.479362406695,2127.91945199778,2199.9198145147743,2338.5846094928656,2477.44352322002,68638.21065929107,68897.13346542834,68557.989217296,67037.43772851666,69476.41,68912.26,65944.268,37.023439253534974,36.80818038695865,-47.93709087252381,-45.48063373536292,19.32712648613576,14.930650956669913,-62.976560746465026,0.6854903557733178,0.3538219684324794,41.54960684563861,69050.3,68995.5,69022.9,64337.0,0.0,0.0,68396.15,70000.0,66859.4,68094.15,1,0.333774389875775,0.3376048198546608,0.3331749226403108,0.3351477803936363,0.3357080292831066,0.3360714550267426,0.3355951614151954,0.33343136572933163,0.33687977991610013,0.336092645950094,0.3318463003104264,0.3399551587777758,0.33370681234519683,0.3390484740373,0.3330467805635078,0.34060177662360325,0.3296657981295993,0.336285820465563,0.3362091774734007,0.33624750631216693,0.32946920864905116,0.3353670726294143,0.3376048198546608,0.3331749226403108,0.33494005144161304,0.4409035181320698,0.5028725486202132,0.5182706627495035,0.37023439253534973,0.36808180386958644,0.4154960684563861,0.37023439253534973,0.4140162977598919,0.5698584804106432,-0.09558150382161391,-0.06488106319362182,0.022845702690905866,0.01010885473922604,0.7663369830451969,0.7696630649474715,0.7757728675282943,0.3011956274125269,0.27682449866570524,0.781538603052359,0.0,0.0,1
2024-06-13,68240.9,68500.0,66225.9,66742.5,34.323790035066054,44.923187841064234,48.41170401413377,440.8609117156302,864.9480730722587,72041.98101786607,66491.93898213394,71159.70218009767,66481.06781990232,71515.56974165305,65504.33692501363,2148.8023874266696,2205.2183991922907,2335.5139138027293,2470.6654057793526,68006.30710619406,68505.38192625955,68385.08548231542,67025.87154308464,69266.96,68820.385,65993.936,13.000609228203977,23.86090358162046,-113.0868260786785,-127.75337468077342,18.819389334378133,14.465394745985142,-86.99939077179602,-3.0426950622485003,-2.679352580927384,39.12400754848775,69050.3,68995.5,69022.9,64337.0,0.0,0.0,67758.6,68500.0,66225.9,67427.325,0,0.3354121634352321,0.33577791189550366,0.33252116944731747,0.33327035866447763,0.33507985160149256,0.33578549491896126,0.3356158623340261,0.33367894138434634,0.336852786214132,0.3362283289874451,0.33218293344869165,0.3406481352220537,0.3329076882876446,0.33945700342946483,0.33289192319397526,0.33993915549687737,0.33146525153955836,0.33655031197651875,0.3364736617180346,0.33651199419135414,0.32973303161307405,0.33472776008691785,0.33577791189550366,0.33252116944731747,0.3342549389854898,0.34323790035066054,0.4492318784106423,0.48411704014133766,0.13000609228203977,0.2386090358162046,0.3912400754848775,0.13000609228203985,0.2857270895647352,0.520213225102082,-0.22239436284867223,-0.1805051677594745,-0.1010768252363687,-0.07640373824823836,0.7673131204072661,0.769903519726675,0.7756415317099309,0.29866607178509064,0.2738604930931553,0.781264745576732,0.0,0.0,0
2024-06-14,66742.5,67341.0,65030.0,66021.2,30.52621741290352,42.56919798927639,46.851153245805094,206.07977023684361,733.1744125051757,72041.60066649599,65584.699333504,71279.94457942838,66032.32542057161,71527.55616373429,65481.4038362657,2171.9734749371455,2212.7742278214128,2334.346584574028,2465.3432255867074,67344.60473746271,68053.71248512145,68159.95353161871,66986.4726590421,68813.15,68656.135,66025.06800000001,13.884297520661116,21.302782000800022,-151.53823899060376,-170.7454818970973,18.95106104298827,14.334543668933312,-86.11570247933888,-6.431611424716523,-4.73983568569623,41.05647209385616,68599.5,68599.5,68599.5,64337.0,0.0,1.0,67491.7,67491.7,65030.0,66283.675,0,0.33347831602205347,0.3343393845406001,0.33097275688573996,0.33243062393173384,0.33434454831831234,0.3353551929673704,0.33550573539390627,0.33383021781148087,0.33642636067379644,0.336205833854819,0.33243627159708977,0.34085612902565354,0.3317912317115751,0.33982860616186733,0.33244686729356954,0.34016380970112564,0.33163932295344906,0.33612617077272067,0.33612617077272067,0.33612617077272067,0.32994071207640696,0.33455503480814025,0.33455503480814025,0.33097275688573996,0.33281314186989636,0.3052621741290352,0.4256919798927639,0.46851153245805094,0.13884297520661115,0.21302782000800022,0.41056472093856156,0.1388429752066112,0.1365285975688783,0.4532499349711165,-0.29412548134964034,-0.2391969152671064,-0.21116179134045007,-0.13460203071316307,0.768385177352622,0.7702454133281724,0.7755915589312745,0.2993282327033789,0.2730108039636221,0.7810491857164402,0.0,1.0,0
2024-06-15,66021.2,66446.1,65808.1,66184.0,32.49294967208685,43.29147784139498,47.25409663468636,32.77283864819037,593.0940977337787,71485.82408143752,65149.155918562494,71375.88270063499,65701.92729936501,71438.09159196701,65634.73507469965,1952.8344070889818,2100.2903544055976,2253.5681757847888,2404.431784733817,66957.73649164182,67713.76476055391,67971.76748098836,66955.00314300125,68317.49,68538.905,66073.82800000001,16.164728953634963,14.349878567500019,-130.53379974190628,-144.73737463360956,19.07332762955483,14.210235145734075,-83.83527104636504,-6.967329485553966,-3.421345248553167,41.73597707762675,68599.5,68599.5,68599.5,64337.0,0.0,0.0,66381.85,66446.1,65808.1,66114.85,1,0.33484338766292965,0.3354624337461856,0.33453146869796413,0.3350810276137105,0.3362027981678074,0.3372868728675176,0.3376541515891626,0.3361988573992785,0.33814419810190427,0.3384567873457693,0.334920270798959,0.3425267352093916,0.33356075633146715,0.3423778343134936,0.33437569759180713,0.3424621151685637,0.33427699110893866,0.33854216412588123,0.33854216412588123,0.33854216412588123,0.3323512314766618,0.3353690720895174,0.3354624337461856,0.33453146869796413,0.33498015800679654,0.3249294967208685,0.43291477841394976,0.4725409663468636,0.16164728953634963,0.14349878567500018,0.4173597707762675,0.16164728953634963,0.021845083223153983,0.3760027820190142,-0.25529382308840143,-0.20387057437750034,-0.22815692565249496,-0.0974425451105962,0.7577549083407206,0.7650306889490511,0.7720713737272981,0.2999391950238385,0.2721968566094767,0.7785484702697011,0.0,0.0,1
2024-06-16,66184.0,66949.6,66007.5,66638.2,38.18846882911229,45.35627928407788,48.40008756944255,-67.14994637023483,461.04528891297593,70712.8319307298,65082.62806927023,71318.22893042673,65478.401069573236,71453.35263981653,65597.15402685016,1808.4437775048425,2017.5624719480552,2191.117310271228,2355.6873919093564,66851.22432776121,67518.20753136229,67844.76105422757,66942.57949033454,67897.73000000001,68398.31499999999,66138.33399999999,22.526964560862826,17.525330345052968,-98.7413690884245,-110.4986137420485,18.800199177078394,13.925250672748897,-77.47303543913716,-5.925817171543211,-4.04866810655148,42.380371790580334,67605.3,68599.5,68102.4,64337.0,0.0,0.0,66102.6,66949.6,66007.5,66444.825,1,0.3370580384438645,0.33816886293879395,0.3368001912685334,0.3377185341111023,0.3380268166938986,0.3389859545259647,0.33945221280939814,0.3381587325929911,0.3395276382139857,0.34023765347946644,0.33699138914699334,0.3434565050738366,0.3354380764009012,0.34428162485839714,0.33602322772238985,0.34446486467205256,0.33619813850011715,0.33911051926754715,0.34052159432405626,0.33981854569117187,0.3343262741568102,0.33693920455641835,0.33816886293879395,0.3368001912685334,0.33743786214293986,0.3818846882911229,0.4535627928407788,0.48400087569442546,0.22526964560862825,0.17525330345052967,0.42380371790580335,0.22526964560862836,-0.04473674999230605,0.29803670191732184,-0.1949549259641825,-0.1565569424482165,-0.1949977351037764,-0.11516302414278484,0.7500774771785995,0.7610140889503464,0.76926231640954,0.29856919970982976,0.27030544546316865,0.7765012264487667,0.0,0.0,1
2024-06-17,66638.2,67289.9,65058.0,66454.8,36.72868497749609,44.64934035563589,47.95831588930022,-159.30198652576655,336.9758338252275,70346.91879323243,64861.521206767575,71338.83948523666,65258.91051476334,71474.62826949958,65547.81173050043,1868.9375235755783,2032.8722953803367,2193.059343115455,2351.5611455123776,66719.08288517414,67324.86070747823,67712.38381096779,66923.45088287044,67604.22,68298.875,66205.57400000001,19.957977307746223,19.54989027408134,-92.33105136799063,-111.13525819044273,19.052068723528823,13.910346487395529,-80.04202269225378,-4.229866306191523,-2.9057501358783036,44.322245654819895,67605.3,68599.5,68102.4,64337.0,1.0,0.0,66411.1,67289.9,65058.0,66360.22499999999,0,0.33788786795566644,0.3388280671257248,0.33557074397815306,0.33762167743412713,0.33800503825416656,0.33887825552574874,0.3394328899606659,0.33830048395470463,0.33927839196885545,0.3402664857603557,0.3372588062489812,0.3431241050803513,0.33527884816087805,0.3444793116634197,0.33586834524349296,0.3446634113942675,0.3362947373693722,0.33927993578931703,0.340691093490386,0.3399880038267696,0.3344954016311138,0.33755814568731074,0.3388280671257248,0.33557074397815306,0.3374841319293725,0.36728684977496084,0.4464934035563589,0.47958315889300224,0.19957977307746222,0.19549890274081339,0.443222456548199,0.1995797730774622,-0.10580384576154471,0.2209461083336901,-0.1825913451243659,-0.15744401624477794,-0.140068595434792,-0.08283121352151662,0.7533660299437879,0.7617696789672027,0.7693508688379804,0.29983323266609346,0.2702055367097885,0.7763259862837963,1.0,0.0,0
2024-06-18,66454.8,66552.8,64026.6,65146.5,27.86413528078029,39.8747595569042,44.88934808802413,-334.05128309746215,202.77041044068957,70024.22918793747,64348.31081206252,71502.15965258758,64842.64034741241,71572.58827873715,65377.24505459619,1962.8321630647822,2068.1099885674557,2208.9231839194813,2357.382440661965,66194.8885901161,66928.79512430036,67468.01392420895,66853.76653452258,67186.26999999999,68172.4,66231.94600000001,13.753930045195535,18.746290637934862,-113.50204421050938,-143.17498511075462,19.77967057079847,14.155753583905664,-86.24606995480447,-6.028762657588784,-3.73766180034281,44.55053607712673,67103.6,68097.8,67600.70000000001,64337.0,0.0,1.0,66546.5,66552.8,64026.6,65545.175,0,0.33738289314436215,0.33752520847074347,0.3337903930899847,0.3354633245684815,0.33700446668323536,0.3380693560185396,0.33884459201827644,0.337961009382555,0.33844027798954646,0.33984831984008534,0.3370585092362297,0.3424400415923094,0.33427384372127333,0.34446133415680263,0.3350121718458266,0.34455664353314547,0.3358045665395987,0.3383213323014155,0.33974249294283426,0.3390344372228403,0.3342568859916306,0.33751606571741155,0.33752520847074347,0.3337903930899847,0.33605218304872464,0.2786413528078029,0.39874759556904205,0.4488934808802413,0.13753930045195534,0.18746290637934862,0.4455053607712673,0.1375393004519553,-0.2190907898526252,0.1343628332973238,-0.22318358041782901,-0.20173038750166408,-0.19829655062218518,-0.1063862285257585,0.7582653028574787,0.7634873836587519,0.7700713035500237,0.30339751323595887,0.2718380234374515,0.7765731256522068,0.0,1.0,0
2024-06-19,65146.5,65700.0,64650.0,64940.2,26.67954440004401,39.16358017643021,44.418722369825,-483.61325296877476,65.49367775879671,69318.88950067785,64113.23049932218,71613.43842081339,64388.2015791866,71405.4378736692,65111.28212633079,1832.4275683412418,1995.387846526923,2153.7363656376015,2313.803025973233,65776.65906007739,66567.23237442756,67227.26974095096,66778.72470963934,66716.06000000001,68000.81999999999,66317.632,11.220279033208863,14.97739546205021,-105.88192740404635,-129.79515881482948,20.455300857548856,14.388890325590292,-88.77972096679113,-6.751787347632122,-5.019028312842438,43.64654989667046,67013.3,68097.8,67555.55,64337.0,0.0,0.0,65800.65,65800.65,64650.0,65109.175,0,0.3372646819153411,0.3380818167847809,0.33652597176522925,0.33695840388546505,0.3381944643467374,0.3393488389546351,0.34030250506718407,0.3396554085554298,0.3395646706039749,0.341408728368451,0.33898581638981956,0.3432659066885416,0.3357211602626367,0.3464188883425042,0.33613425041147665,0.3461371333268192,0.33721246295382845,0.339994342438766,0.34154655628876573,0.34077346104332684,0.33605745925482655,0.3382296920624934,0.3382296920624934,0.33652597176522925,0.3372093377679247,0.2667954440004401,0.39163580176430207,0.44418722369825,0.11220279033208863,0.14977395462050208,0.43646549896670456,0.11220279033208869,-0.311683376399843,0.04363472680720098,-0.2086541817305044,-0.18332547269932514,-0.22133512820660403,-0.14242587270541293,0.7513942482144875,0.7599094749882536,0.767542365892313,0.30659717410694237,0.27336458416508275,0.7747079876927632,0.0,0.0,0
2024-06-20,64940.2,66458.0,64514.2,64853.9,26.13724272801113,38.851415201560656,44.215110104573455,-602.1645028341009,-68.0379583597828,68288.6007689757,64211.099231024324,71728.23995213938,64003.21004786063,71373.31908836597,64789.14091163406,1848.337915721065,1991.703000346429,2143.739395845335,2301.4695917741255,65469.07270671827,66255.71739725891,67001.23452752706,66703.2413876927,66249.85,67865.725,66448.74,10.160394969542184,11.71153468264886,-89.31231849442695,-108.6130086381582,20.43185044979247,14.333167484174226,-89.83960503045782,-6.706513608377926,-3.9995085544098377,42.82409257790472,67013.3,68097.8,67555.55,64337.0,0.0,0.0,65043.35,66458.0,64514.2,65191.575000000004,0,0.33747452667310174,0.3397066594741325,0.33683897559245535,0.33734610120720526,0.3382579749322716,0.33941203716959994,0.3404936054078261,0.34006269054945054,0.33940347840485396,0.3417333016462433,0.3396931913312803,0.34233416163224,0.3363843062819899,0.3470918621118811,0.33607126056640346,0.3466112788511872,0.3372496229464138,0.34051101370734327,0.3420635016156476,0.3412902704046217,0.3365734160448514,0.33762781103444084,0.3397066594741325,0.33683897559245535,0.33784766776474984,0.2613724272801113,0.3885141520156066,0.4421511010457346,0.10160394969542183,0.11711534682648861,0.4282409257790472,0.10160394969542182,-0.3811829732161019,-0.045327557438006844,-0.17674879629333468,-0.1539281419308357,-0.2198994559758818,-0.11377687019677804,0.7522582970622806,0.759724728770631,0.7670773330202751,0.30648781543247405,0.2730018291512982,0.7741737561429496,0.0,0.0,0
2024-06-21,64853.9,65070.7,63333.0,64108.3,21.69277684810467,36.1690455753448,42.44989007897599,-747.6623253458674,-203.96283175699975,68206.3978523972,63659.7021476028,71877.4327053708,63485.5672946292,71468.81139926132,64353.528600738675,1832.5324991894838,1973.5599288931123,2124.4041865193667,2282.6772720483214,65015.48180447885,65865.27787048456,66725.71695347688,66601.4789803322,65933.05,67681.5,66550.298,11.32221508265673,10.900963028469258,-123.43237008649338,-132.6598718444933,21.01366922582569,14.588522692778247,-88.67778491734326,-4.708939106342055,-5.434942943793441,43.435730716214096,65916.5,67751.0,66833.75,64337.0,0.0,0.0,64897.05,65070.7,63333.0,64341.475000000006,0,0.33813800150740747,0.3384604050482921,0.33584656539940716,0.3370212166582411,0.3383783886077615,0.33963321562373316,0.34088791564304854,0.3407077202571032,0.33973261472163874,0.34226343615927723,0.3406333925650841,0.3430108738826685,0.33634323253998993,0.34808774080216626,0.33607881202604317,0.34753521841801527,0.33738990653459344,0.33970835051072057,0.34236272340326496,0.3410443438177696,0.33736509922337626,0.33820225283062677,0.3384604050482921,0.33584656539940716,0.337371816232362,0.21692776848104672,0.36169045575344805,0.4244989007897599,0.1132221508265673,0.10900963028469259,0.43435730716214094,0.1132221508265674,-0.46089063564072297,-0.13514334582655982,-0.24196921644434366,-0.18727739299277085,-0.155688122788841,-0.15404787697426534,0.7513999712573535,0.7588100831693363,0.7661717268692638,0.3091663588860336,0.2746534918655257,0.7733542261338744,0.0,0.0,0
2024-06-22,64108.3,64498.9,63904.1,64223.1,24.013788786284678,36.89151620733231,42.81895731551951,-843.9781426944537,-331.9658939444906,67418.46493863221,63644.07506136778,71961.40746102628,63046.27253897371,71580.77707018463,63989.74959648204,1655.7135707338437,1875.0770768293187,2051.5658919232064,2226.414696313377,64751.35453631923,65566.700075851,66487.37248171718,66508.2092163976,65531.27,67503.84,66577.886,12.99871487820547,11.493774976801461,-111.83678923792134,-114.6395496558488,21.55392951785654,14.831110140952067,-87.00128512179452,-5.887671469749074,-5.242540534080503,43.313036700335,65337.0,67751.0,66544.0,64528.15,0.0,0.0,64481.100000000006,64498.9,63904.1,64183.600000000006,1,0.3394320828268066,0.3400191879458362,0.33912377526159004,0.3396049949702563,0.340396822969529,0.34160681056175923,0.3429557333679725,0.3429860527215026,0.3415545348440257,0.34442417616946125,0.3430873720967429,0.3443016649733922,0.3387298005701983,0.35062074826961026,0.3378181150723672,0.3501063644130057,0.33925320746055937,0.34126741016895823,0.34477800106530043,0.3430381101366675,0.34006301477666834,0.3399925078549071,0.3400191879458362,0.33912377526159004,0.3395455336710264,0.2401378878628468,0.3689151620733231,0.4281895731551951,0.1299871487820547,0.11493774976801462,0.43313036700334995,0.12998714878205475,-0.5099425265661339,-0.217766861540168,-0.2200166238685443,-0.16232216621056522,-0.1937742575697455,-0.14867662376248034,0.7412591142335969,0.7536938214452088,0.7626845944062542,0.31159093087655987,0.27619770003633815,0.7708596862904988,0.0,0.0,1
2024-06-23,64223.1,64484.1,63123.1,63179.9,18.272131739166085,33.21273565199694,40.349977059046786,-993.039502238862,-464.18061560336486,67338.00909653219,63012.0109034678,72009.90013529948,62432.06986470053,71730.7929031457,63479.72709685429,1613.6116320575802,1838.3572856272244,2018.681801831625,2197.5675397695977,64227.53635754616,65132.73642569627,66172.37510250602,66377.6872863428,65175.009999999995,67220.985,66564.284,0.8048175699610748,8.375249176941091,-129.68990642379964,-119.93875275199142,22.438425493158373,15.26098508933425,-99.19518243003893,-5.3378282203992935,-8.218109446954397,38.65269415598687,65206.5,67646.05,66426.275,65474.5,0.0,0.0,64165.7,64484.1,63123.1,63752.549999999996,0,0.3408657181254591,0.34125789807387263,0.3391957402655022,0.3392826581140872,0.34087239708482653,0.3422259332182999,0.3437582208068081,0.3440580667911264,0.3422886988773848,0.34528030745233773,0.34432980227968335,0.34544874307190954,0.3390255281855105,0.3519513702704268,0.3381322004004488,0.3515745437241787,0.3397402189306161,0.34233542804259653,0.34589076227977344,0.34412889483099146,0.34273224181211304,0.34077926187826174,0.34125789807387263,0.3391957402655022,0.3401547576491434,0.18272131739166084,0.3321273565199694,0.4034997705904679,0.008048175699610747,0.08375249176941091,0.3865269415598687,0.008048175699610739,-0.5797103498876247,-0.29994006579044113,-0.2537153592062922,-0.1696838038663939,-0.17607345886100667,-0.2305811155741066,0.7386849731231744,0.7517171488293574,0.7610695254141336,0.3154376790659101,0.2788768685884445,0.7695561308990289,0.0,0.0,0
2024-06-24,63179.9,63329.9,58320.0,60257.1,10.256331132355086,25.530972140539177,34.4980731342893,-1331.6666129674923,-637.6778150761904,68167.56226373986,61029.637736260134,72122.75827135638,61288.99172864363,72148.17878116958,62459.06788549708,2098.795684620783,2064.8960509395656,2161.1207636491667,2291.3119551106115,62904.05757169744,64246.25707556967,65609.01556893402,66137.66425550582,64598.6,66705.875,66489.47,16.58476027397259,10.129430907379712,-225.43057442941617,-188.04177898981598,24.82635075897228,16.598591023866124,-83.41523972602741,-8.730680448098488,-14.600768431659617,36.581122709162244,62804.95,65244.5,64024.725,65244.5,0.0,1.0,63701.5,63701.5,58320.0,61271.725,0,0.3352485974211817,0.33547744369770793,0.3275356981901365,0.33068162885032193,0.3348263887203212,0.33686421762887353,0.33889162984967436,0.33966718040534305,0.3373923603185688,0.3404941175319772,0.3401799814191119,0.3425904635513299,0.3319091673504873,0.34805204802261114,0.3323179172195154,0.3480862030806372,0.3341415007146747,0.334674256784164,0.3383533444991143,0.3365307192954994,0.3383533444991143,0.33604212666443695,0.33604212666443695,0.3275356981901365,0.33229075617645487,0.10256331132355086,0.25530972140539177,0.344980731342893,0.1658476027397259,0.10129430907379712,0.36581122709162245,0.1658476027397259,-0.7102943802961587,-0.40123374893835406,-0.42260661340904965,-0.26235062427613676,-0.2830758169237268,-0.3945392542795865,0.7649595325940518,0.7633319334250941,0.7678844854016231,0.32513953179543276,0.28678188433773444,0.7737316174642241,0.0,1.0,0
2024-06-25,60257.1,62401.3,60217.9,61764.4,28.996886980803993,34.00781402459211,39.26748737281759,-1461.5566101142322,-802.4535740837989,67920.12982536147,60393.15017463853,71660.51141174785,60813.61858825215,72289.4219078939,61866.87809210608,2110.8820153892425,2073.360618729597,2162.181679665873,2287.7148899402578,62524.17171446497,63795.010334557,65242.861705226016,65966.16369646638,64156.64,66237.065,66461.772,29.48972602739727,15.626434623776978,-150.585815753176,-150.08565216548456,27.043709934370906,17.8693166616714,-70.51027397260273,-6.677746887465247,-13.179815745158185,39.71739532040494,62804.95,65244.5,64024.725,65244.5,0.0,0.0,61718.5,62401.3,60217.9,61160.174999999996,1,0.3308329883319449,0.3342037947061072,0.3307702936233333,0.3332143592443705,0.3343935567076354,0.33633539149402886,0.3385027027193232,0.3395680806842362,0.3368811374090387,0.33996419753575974,0.34029158183869246,0.3423906598156781,0.3310502763965288,0.34758117490540513,0.33171884473874447,0.34842805282822853,0.33337422313235554,0.33482584136517357,0.3385051286943176,0.33668240551944384,0.3385051286943176,0.3331426731587491,0.3342037947061072,0.3307702936233333,0.33226654826288243,0.28996886980803993,0.3400781402459211,0.3926748737281759,0.29489726027397273,0.15626434623776977,0.3971739532040494,0.2948972602739727,-0.7506188418876321,-0.48917028749707386,-0.29238444942846226,-0.21118188070215485,-0.21898674100258084,-0.3597216688517608,0.7655334779340157,0.7637408249629283,0.7679335416723412,0.3333764362058128,0.2937537145776763,0.7735745755593726,0.0,0.0,1
2024-06-26,61764.4,62467.9,60666.0,60838.5,25.22226165790579,31.62628618421671,37.50605475037022,-1620.527330270641,-966.0683253211674,67418.43522869362,59734.90477130638,71215.66137158973,60258.738628410276,72382.94871469215,61199.251285307866,2066.7417274764935,2053.970574534626,2145.0254092055934,2271.5210602755824,61962.28114297665,63257.46300100118,64823.39868568068,65765.07884562456,63576.67,65737.2,66432.25200000001,24.739685658153242,23.604723986507704,-127.27828343180224,-138.4611423461819,29.04356127990953,19.05012621309579,-75.26031434184677,-8.703266294707836,-14.113343817674117,37.35347352449249,62436.4,65244.5,63840.45,65244.5,0.0,0.0,61010.75,62467.9,60666.0,61434.2,0,0.3338994514773089,0.33499206282207605,0.3321692827398558,0.33244298916012954,0.3342079908503144,0.33620428718149464,0.3385658651724434,0.3399596116588264,0.33669022794988945,0.33991862701368486,0.34093544408371385,0.34236065305270186,0.3306788344417233,0.347666132462699,0.33152009168938823,0.3492420720913333,0.3330129844213672,0.3349433943826848,0.33919152410545544,0.337090015805701,0.33919152410545544,0.33271555341820097,0.33499206282207605,0.3321692827398558,0.3333824693406185,0.2522226165790579,0.3162628618421671,0.37506054750370216,0.24739685658153243,0.23604723986507703,0.3735347352449249,0.24739685658153235,-0.7933294291496928,-0.5676478257414381,-0.2491970986204614,-0.19526168029960708,-0.28223501950701796,-0.38271644359090773,0.7634212337827219,0.7628016807866566,0.7671372763384106,0.3402648371131257,0.2998235448650261,0.7728645093456692,0.0,0.0,0
2024-06-27,60838.5,62380.0,60564.8,61659.5,34.096963319717275,35.911946850713946,40.0114135057408,-1661.116614378705,-1105.077983132675,66560.68260744681,59633.597392553194,70834.5684159327,59866.79158406731,72413.99993673731,60715.92672992936,2030.807194979851,2036.9155334964382,2129.31943733866,2256.310358266396,61861.35409531777,62966.92427354642,64522.075001330144,65604.07575363929,63097.14,65350.68000000001,66442.162,37.01917747478107,30.41619638677719,-100.14377796548733,-118.53981741433616,30.928232606804194,20.189178170132084,-62.98082252521893,-7.215882073228724,-11.140526214910231,41.36616996353119,62389.0,65244.5,63816.75,65244.5,0.0,0.0,61301.45,62380.0,60564.8,61360.7,1,0.33309076271189936,0.335504543840272,0.33265602748619033,0.3343835859898953,0.3346989008133917,0.3364084870507864,0.3387648561393155,0.3403721554843063,0.33660793424862134,0.3399980491041926,0.34159960682382834,0.34177198108953605,0.3311626230888205,0.34779726872722005,0.3315387037386536,0.3499351666262666,0.3328963053795862,0.3355184669330746,0.33984087087866205,0.3377030210579044,0.33984087087866205,0.3338218210066154,0.335504543840272,0.33265602748619033,0.33391499987212947,0.3409696331971728,0.35911946850713944,0.400114135057408,0.3701917747478107,0.3041619638677719,0.4136616996353119,0.3701917747478107,-0.8031453422030529,-0.6271585564708608,-0.19765165814300328,-0.16774221037920836,-0.23599572986729694,-0.3079696421469976,0.7616680919836257,0.7619682767141845,0.7664027218040538,0.34634906530745735,0.30534905876740165,0.7721929276564896,0.0,0.0,1
2024-06-28,61659.5,62218.0,60011.5,60406.1,28.147083868360767,32.5568699943709,37.595383453517584,-1773.973556464749,-1238.8570977990898,66132.23089752997,59113.96910247002,70473.03542477581,59336.33457522419,72557.15763089547,60088.10903577119,2055.9061671255868,2049.028709675264,2132.994702227295,2254.65001299085,61376.26939687852,62501.319860174335,64130.07738215585,65400.233567222065,62623.1,64904.685,66389.57400000001,23.256669528088384,28.338510887007562,-102.63312958114595,-123.25052435026065,32.83198374667795,21.36690450759288,-76.74333047191162,-7.276522913740571,-12.866601275134872,38.468558619929446,62389.0,65244.5,63816.75,65244.5,0.0,1.0,61249.0,62218.0,60011.5,61073.775,0,0.3344546020795179,0.33532463470418883,0.33184231836292905,0.3324740498991165,0.33401047504276066,0.33576311391159486,0.33824722648899885,0.34014247849009643,0.33595099739708995,0.3394073174599521,0.341594223591007,0.34121862506518175,0.33039038591506775,0.3473727373595736,0.330752074971424,0.350198097269713,0.33196527754136995,0.33558951233767703,0.3399120249372053,0.3377741219634248,0.3399120249372053,0.3338102628739234,0.33532463470418883,0.33184231836292905,0.33353395246672196,0.28147083868360767,0.325568699943709,0.37595383453517583,0.23256669528088383,0.2833851088700756,0.38468558619929444,0.2325666952808838,-0.8282850868201342,-0.6782709093529176,-0.20243111975345393,-0.17427496544547247,-0.23790360083474735,-0.3519057277679596,0.7628958272241856,0.762560907675403,0.766575094930346,0.35214066197573846,0.3107582388975472,0.7721193464497487,0.0,1.0,0
2024-06-29,60406.1,61198.9,60378.1,60939.9,33.87982252478059,35.32797844416275,39.23613199782907,-1799.5956785382587,-1351.0048139469236,65487.97238512572,58958.16761487429,69845.81961051661,59093.31038948339,72550.01804170923,59599.78862495744,1879.462428964789,1961.2980875556025,2070.5092402164714,2206.8550125578213,61230.81293125235,62217.42534014263,63826.250964807674,65225.318525370225,62223.07000000001,64469.565,66392.59,29.207683474732196,29.827843492533884,-87.22603090146303,-110.15131681735538,34.59975266227501,22.48574452818064,-70.79231652526781,-6.159974869187338,-12.495853812984352,39.21376247449765,61695.35,65244.5,63469.925,65244.5,0.0,0.0,61032.8,61198.9,60378.1,60730.75,1,0.33454037750161225,0.33579861996309734,0.3344956483196934,0.3353893031323901,0.33584893858613973,0.33739221554035165,0.3398587791220674,0.34195538254554086,0.3374009768529452,0.3408282936606149,0.34367160137418473,0.3423441341476968,0.3322007069678345,0.3485829012758917,0.33242141104160544,0.3522672724496868,0.3332442430149545,0.3365785437265588,0.3419838240831626,0.33931770077937073,0.3419838240831626,0.335536312635568,0.33579861996309734,0.3344956483196934,0.3350575408237349,0.33879822524780595,0.35327978444162755,0.3923613199782907,0.29207683474732193,0.29827843492533884,0.3921376247449765,0.29207683474732193,-0.8335723711144639,-0.7166238879539105,-0.1727036130907862,-0.1560729268202605,-0.20249464111683693,-0.34259035244583574,0.7539272998431243,0.758187155904152,0.7636032722147851,0.35723386901449455,0.31563936212621935,0.7699776740638535,0.0,0.0,1
2024-06-30,60939.9,63041.3,60673.0,62749.5,49.73952793586497,43.763683269522794,44.43621688618032,-1654.806222287727,-1411.7650956150844,64809.91304474174,59215.34695525827,69024.57034789205,59237.90965210797,72472.62556556115,59356.76110110551,1949.2963676841052,1990.3696527302025,2084.689752587116,2212.236512139227,61737.04195416824,62314.16618738942,63723.70325387361,65128.227602806684,62012.630000000005,64131.240000000005,66431.376,49.38182142498805,33.94872480926954,-33.34864900259473,-64.36273400285053,34.47249297433462,22.77109079243767,-50.61817857501195,-3.2448318451164875,-9.733730364232693,46.17177045600516,61409.45,65244.5,63326.975,65244.5,0.0,0.0,60673.0,63041.3,60673.0,61850.925,1,0.33515426803125503,0.33842762439042634,0.33473074222687893,0.33797944272684133,0.33640862449330217,0.3373070483972431,0.3394679660824473,0.3415757305573454,0.33683864643034184,0.34008414363602396,0.3434924083384101,0.3411019154909646,0.33238549761645203,0.34720056348769407,0.332422221434789,0.35192734217907684,0.33261544580999813,0.3358950394870329,0.34174824515778107,0.3388644612313083,0.34174824515778107,0.33473074222687893,0.33842762439042634,0.33473074222687893,0.33658654950730005,0.4973952793586497,0.43763683269522796,0.4443621688618032,0.4938182142498805,0.3394872480926954,0.4617177045600516,0.4938182142498805,-0.8016470075907445,-0.7357624320405066,-0.06659857204167308,-0.09168852378053025,-0.10774124053330046,-0.27115177497062803,0.7575736623437228,0.7596577948674565,0.7642854896113704,0.35687575503398183,0.31684701697780976,0.7702211208330141,0.0,0.0,1
2024-07-01,62749.5,63845.0,62464.4,62860.1,50.58469375716072,44.24238647801461,44.739703868987526,-1513.6862070226343,-1432.1493178965945,64396.39951676029,59379.220483239704,68610.91216339571,59209.947836604275,72358.75715438992,59141.782845610054,1868.0540294435184,1946.8146775351877,2051.1616691305862,2184.51529506792,62111.39463611216,62413.42688059134,63641.45532493326,65039.28142230446,61887.81,63910.42999999999,66459.584,55.146487221844296,44.57866404052152,10.136998440109066,-30.722078814029153,33.702116688393566,22.73882648475674,-44.85351277815571,-1.9470177808489764,-6.5642730055012,46.35525167658807,61402.05,65244.5,63323.275,65244.5,1.0,0.0,61844.7,63845.0,61844.7,62979.75,1,0.3391977633957822,0.3408707872483955,0.3387577355947116,0.33936794525750985,0.33821020490449083,0.33867885843970924,0.34056204797169976,0.3426633331644098,0.33786185570141464,0.3409698302341627,0.34475412040430503,0.34170240010738284,0.33386790212689715,0.34784004436759064,0.33359256830601786,0.3529985823993895,0.33348147871156353,0.337100823951523,0.3429681448256282,0.34007751003533365,0.3429681448256282,0.3377945497167577,0.3408707872483955,0.3377945497167577,0.33955172693681607,0.5058469375716073,0.4424238647801461,0.44739703868987524,0.551464872218443,0.44578664040521515,0.46355251676588066,0.5514648722184429,-0.7653995112177081,-0.7419332179927547,0.02027121956308573,-0.04386052601152729,-0.06480962364691444,-0.18538211675192656,0.7533187715247209,0.7574463344941355,0.7626648989313213,0.35468006847579303,0.3167111955978118,0.7689606912708493,1.0,0.0,1
2024-07-02,62860.1,63259.0,61779.6,62092.6,44.523296830368494,41.59625372015698,43.02730488788854,-1447.0971784585563,-1435.138890008987,63661.41648203197,59688.10351796802,67918.89541274331,59287.13458725669,72251.4805241267,58870.14614253995,1812.5320252373017,1913.427914854103,2023.9349229815107,2161.011451898989,62105.12975740811,62355.094720483816,63493.945293987235,64923.725288096444,61674.759999999995,63603.015,66443.24799999999,46.357827476038324,50.29537870762356,-11.425349200031219,-46.11674313261652,33.31022126922031,22.86672198352662,-53.642172523961676,-3.3173422024162647,-9.00969946175973,41.358556646914266,61082.5,65244.5,63163.5,65244.5,0.0,0.0,62804.8,63259.0,61779.6,62497.825000000004,0,0.3404135631867559,0.3410251820299787,0.3387378329624721,0.3392261554701328,0.33924565404087914,0.33963385238664157,0.3413836723639225,0.3435380170897102,0.33857373374297,0.34154966015107646,0.3457778247077427,0.34163842534524363,0.3354121412574891,0.3479059740778593,0.3347617288461091,0.3539047453786111,0.3340808137143802,0.3376416159742234,0.34401504099960667,0.3408790955785343,0.34401504099960667,0.3403284776995379,0.3410251820299787,0.3387378329624721,0.3398548400405974,0.4452329683036849,0.4159625372015698,0.4302730488788854,0.4635782747603832,0.5029537870762356,0.4135855664691427,0.4635782747603832,-0.746379919251389,-0.7428278389902128,-0.022846722032868253,-0.06578591196885683,-0.11012956874645548,-0.25188077815515875,0.7503031617920384,0.7557174118003788,0.7613292842224988,0.35354433059670304,0.31724851030413326,0.7678794295085675,0.0,0.0,0
2024-07-03,62092.6,62250.0,59350.2,60184.8,33.041406874490704,35.85551031422719,39.11936879012194,-1530.6243249857434,-1454.2359770043383,63264.639523099904,59485.860476900096,67583.53515601788,58966.72484398212,72117.45815474856,58427.355178584774,1967.8560216319731,1983.8830637930957,2065.642783791915,2185.63773683569,61465.01983827208,61960.49568039585,63178.788599321786,64737.885080720116,61375.25,63275.130000000005,66416.024,22.914721061685952,41.47301191985619,-88.81329390298869,-98.07531749635221,33.89391800467341,23.48121576254959,-77.08527893831405,-4.740589966112638,-9.825373637487354,41.899642401959916,61597.6,64250.3,62923.95,65244.5,0.0,0.0,62476.35,62476.35,59350.2,60969.399999999994,0,0.33813134687069973,0.33837592046912446,0.33377120761539747,0.33511837525339966,0.337150199969234,0.3379256158789704,0.3398070514293096,0.3421642860588937,0.33700906521145235,0.3399543340972641,0.3446409101640464,0.3399383072189777,0.3339914226385969,0.34632846067460965,0.3331460840846761,0.35262449619392894,0.3322601618271769,0.33735827680662217,0.3414330484679148,0.3394164159066827,0.34291844090414136,0.3387265856825461,0.3387265856825461,0.33377120761539747,0.3363684963386022,0.33041406874490703,0.3585551031422719,0.3911936879012194,0.22914721061685953,0.4147301191985619,0.41899642401959913,0.22914721061685953,-0.7700360089353386,-0.7484803724587105,-0.1757817560349837,-0.13919796108561802,-0.15671740938027845,-0.27357591573656076,0.7585207953381473,0.7593315281458122,0.7633680726068581,0.3552312544814673,0.3197906119913777,0.7690120363076877,0.0,0.0,0
2024-07-04,60184.8,60464.6,56687.5,57034.6,22.07475547039222,28.789973699736933,33.79730619941006,-1829.9208150000777,-1529.3729446034863,64245.30413964581,57860.69586035419,67728.39401133743,57923.20598866257,71988.3905376765,57654.77612899017,2226.3194471131196,2111.9699878078745,2147.1407464684903,2238.686478941167,59988.21322551472,61064.878283960235,62593.627780338764,64435.795469711484,61053.0,62825.8,66233.008,4.140423704551945,24.470990747425404,-194.9613895100743,-164.79794428792076,35.184429131534166,24.49344476460108,-95.85957629544806,-5.347917506816624,-13.611688366767035,34.751892593275166,60266.25,63434.05,61850.15,64428.25,0.0,0.0,61138.7,61138.7,56687.5,58592.875,0,0.33280522898991505,0.3332524561655982,0.3270396283486598,0.327626942300314,0.3324898076847876,0.3342052342392868,0.3365914855359692,0.33939329996976053,0.3341864684737804,0.33694895772247224,0.3420531140042732,0.339107187555972,0.3290110263730665,0.3442135552182037,0.3291149835846267,0.35012397024265807,0.3286678060192205,0.3329356236745067,0.33787945689463056,0.33543808903232414,0.33938198245145523,0.33432178171335025,0.33432178171335025,0.3270396283486598,0.33022194570153834,0.22074755470392218,0.2878997369973693,0.3379730619941006,0.04140423704551945,0.24470990747425403,0.34751892593275163,0.04140423704551935,-0.839638602924259,-0.7696962123548795,-0.37129365441090784,-0.23117044127931644,-0.1763993228773866,-0.3704161834597342,0.7708554099769319,0.765584981392213,0.7672357977908796,0.3588628891809344,0.3238421351061865,0.7714091170294697,0.0,0.0,0
2024-07-05,57034.6,57523.4,53314.3,56602.8,20.962146492487534,27.97619360572166,33.148249630222566,-2078.004152589667,-1639.0991862007224,64641.03263310092,56432.64736689909,67695.29854016779,56998.181459832216,71692.68573565972,56981.29426434027,2509.5738118112454,2261.764988678741,2245.3292823509432,2304.3669296431276,58859.742150343154,60253.59132324019,62023.07275363983,64128.61917678163,60536.840000000004,62346.740000000005,66060.54400000001,29.402034940900887,18.819059902379596,-244.06801863832803,-207.50763792898766,37.05647545858849,25.87662206402137,-70.59796505909912,-8.356917577115617,-14.476610661186989,44.2547152101893,58579.65,61747.450000000004,60163.55,62741.65,0.0,1.0,58609.7,58609.7,53314.3,56118.774999999994,0,0.324846021755799,0.3256663895304849,0.3183712893243332,0.32411567750645054,0.32787545767349935,0.33012874712706625,0.3329180297088442,0.33613877240288137,0.33058050317834026,0.3334199239141755,0.3390053707084228,0.3369071367443012,0.3238264107531376,0.341368447522414,0.3247846291796612,0.34692192757526236,0.32475614878407144,0.32741647046701944,0.33248864074929707,0.3299847108007047,0.3340288984367934,0.3274658144298431,0.3274658144298431,0.3183712893243332,0.32329060894490264,0.20962146492487535,0.2797619360572166,0.33148249630222565,0.29402034940900884,0.18819059902379595,0.44254715210189305,0.2940203494090088,-0.8821405519688551,-0.7978734026121757,-0.45273577702326795,-0.2880508821578162,-0.27157543485772934,-0.39153989131234385,0.7828266616281845,0.7724342790783779,0.771705273290103,0.3639071252708349,0.3291256840497047,0.7742995131326942,0.0,1.0,0
2024-07-06,56602.8,58489.6,56002.0,58204.1,35.11189189978859,35.281961783496854,37.799539723560656,-2120.9514495320545,-1735.469638866989,64598.5665281235,55948.233471876505,67182.85826415618,56667.21173584383,71180.9737783383,56650.892888328366,2506.43469583821,2277.8960609159735,2256.8659831913747,2310.474698655023,58641.19476689544,59880.956537196515,61659.36106281699,63896.28509141764,60273.4,61925.03500000001,65885.16600000001,43.776970044226374,25.773142896559733,-134.9701880884321,-138.60320050376873,38.136479771994786,26.86182313377254,-56.223029955773626,-4.330152781544584,-12.656554348706898,48.14959710911069,58579.65,61657.15,60118.4,62741.65,0.0,0.0,56818.7,58489.6,56002.0,57324.625,1,0.3238613441475877,0.32701380168923755,0.32283630440398736,0.326543123945877,0.32726282456160083,0.3292764228098372,0.3320958655352977,0.33553295686871515,0.32990546515748287,0.3325103167682305,0.33849276427566355,0.33658811027203794,0.3227440577086845,0.34037778187013695,0.32397061756708323,0.3459716051522842,0.323942944210272,0.3271618004876336,0.3320924090608464,0.32965749032263797,0.3337735866296394,0.3242271451655257,0.32701380168923755,0.32283630440398736,0.3250791321168399,0.3511189189978859,0.3528196178349685,0.37799539723560655,0.43776970044226376,0.2577314289655973,0.48149597109110687,0.43776970044226376,-0.8883337154608585,-0.8200531606535906,-0.2635693545167385,-0.19545687526008226,-0.14334434721115244,-0.3466365140699075,0.7827015475962839,0.7731446420884873,0.7722175390951473,0.36670550185259704,0.3327257405326642,0.7745640997512878,0.0,0.0,1
2024-07-07,58204.1,58420.0,55710.0,55840.0,26.83663511772366,30.38208445862415,34.11955175193626,-2319.018403552065,-1852.1793918040044,64635.73025358595,54747.169746414045,66855.04052473398,55933.54947526604,70991.93001838567,55936.60998161433,2535.5154535756083,2308.760627993404,2278.443793515595,2323.792208699856,57707.4631779303,59146.237166797146,61105.136199691566,63580.35234273459,59691.45,61394.295000000006,65664.45,23.98416059711128,32.387721860746176,-130.1303089590417,-151.44239190481957,39.20167117952564,27.834668522213246,-76.01583940288872,-9.438123890073712,-15.97296207346949,41.02984358772768,58579.65,61657.15,60118.4,62741.65,0.0,0.0,57403.45,58420.0,55710.0,57043.525,0,0.3259903863105224,0.32634644672006274,0.3217825041241037,0.322006261020413,0.32516649257655844,0.32753493048685994,0.3306719617487623,0.33450009071212394,0.3284179772973008,0.33112680419617424,0.33761343575964087,0.33608878705358197,0.32010950161784024,0.33934945065424776,0.3221669698063053,0.34515746534607655,0.3221722230943406,0.3266089271495192,0.33153848370922623,0.3291040780141127,0.33321931426863016,0.32465878107869817,0.32634644672006274,0.3217825041241037,0.3240543435669162,0.2683663511772366,0.3038208445862415,0.34119551751936256,0.23984160597111281,0.32387721860746177,0.4102984358772768,0.23984160597111284,-0.9131251273323714,-0.8439620421818567,-0.2545392812096861,-0.2130328809604901,-0.30461983146767324,-0.4271213302517976,0.783854654946822,0.7744899173901196,0.7731686741975335,0.369390856639089,0.3361578431326365,0.7751385941425275,0.0,0.0,0
2024-07-08,55840.0,58195.4,54228.3,56696.5,33.46471291249679,33.96043508476485,36.47229156016907,-2379.4467190543364,-1957.6328572540708,64543.4261753328,54097.55382466721,66512.89270586138,55430.69729413863,70625.00602588576,55461.56730744758,2740.0275316362354,2427.213440279589,2358.855993824376,2378.5691350765273,57370.475451953535,58700.83040919766,60685.26608543522,63310.39734890187,59320.490000000005,60971.795000000006,65473.668,32.117523051648966,33.29288456432887,-109.4697764884124,-140.60029461796734,40.49485504262445,28.9401834126872,-67.88247694835103,-6.141101643708166,-12.970765889188215,44.83422753761885,58579.65,60907.15,59743.4,62741.65,0.0,1.0,57022.05,58195.4,54228.3,56240.05,1,0.31977052580145704,0.32373661454262387,0.31696312375172225,0.3212309890227,0.32236540973699623,0.3245675546519685,0.32776483677225443,0.33184318704098537,0.3255769578630178,0.3282181551600624,0.3350833254375841,0.33370285888895357,0.31673188432098043,0.3366033146170803,0.3190649978534608,0.3424009311618283,0.3191183833673944,0.32436895941496363,0.32811605944777267,0.3262600593529982,0.3309735983646423,0.3217805546325131,0.32373661454262387,0.31696312375172225,0.32045532756585315,0.3346471291249679,0.3396043508476485,0.3647229156016907,0.32117523051648966,0.33292884564328873,0.44834227537618854,0.3211752305164897,-0.9195797557653549,-0.8630273962840616,-0.215507096556953,-0.1981993361631163,-0.2018912527889971,-0.3545105666673043,0.7916088140628932,0.779491105617387,0.7766355876591944,0.37255694446746135,0.3399201504980975,0.7774674714594452,0.0,1.0,1
2024-07-09,56696.5,58315.7,56257.0,58029.9,42.86564895541574,39.199866689273,39.97627985329254,-2293.3065477919663,-2024.76759536165,64182.89584580722,53876.08415419279,65993.54586954684,55259.01413045317,70033.74604343883,55278.66728989449,2642.695027116773,2400.89105168819,2344.5628512613102,2367.9068305739765,57590.28363463569,58578.84306207081,60432.37407729853,63103.31902149395,59029.490000000005,60626.280000000006,65205.528,44.779549317709176,33.627077655489806,-61.97658638106533,-94.34939805274136,41.607289948808734,29.947388053931057,-55.22045068229083,-4.775196546105262,-10.641020508098213,48.43540798188672,58579.65,60327.65,59453.65,62741.65,0.0,0.0,56268.25,58315.7,56257.0,57324.775,1,0.3216622118643996,0.3243667221850359,0.3209153266470324,0.3238946422478515,0.32316411226955577,0.32479941592978095,0.32779531754685276,0.33196043751013615,0.32553610663072174,0.3281036078552673,0.3351208558883663,0.33359592349703787,0.31676928373897295,0.33628027377038694,0.31919834652595575,0.3420222757831718,0.3192324448407814,0.32480073992587377,0.3276284210130802,0.32622457486192663,0.3314064969702167,0.32093451460198225,0.3243667221850359,0.3209153266470324,0.3227203059431357,0.4286564895541574,0.39199866689273,0.3997627985329254,0.4477954931770918,0.33627077655489807,0.4843540798188672,0.44779549317709166,-0.9102311982056147,-0.8740167131570389,-0.12332222851815695,-0.1339745320718846,-0.15784242651199826,-0.2949955005911369,0.7879932849052829,0.778401164427911,0.7760280673939575,0.37520253641939066,0.34322886031277167,0.7770183874796952,0.0,0.0,1
2024-07-10,58029.9,59471.4,57127.0,57713.8,41.25355168622235,38.421642672934894,39.43486131916618,-2224.899216486214,-2064.793919586563,63075.676822336776,53976.16317766322,65409.28340578131,55129.266594218694,69389.63388646985,55135.96611353016,2600.081451814377,2396.855976567605,2344.5550964393433,2367.123269554844,57631.4557564238,58421.56250533066,60173.462260412954,62891.965334376546,58525.92,60269.275,64956.448,41.77784952567257,39.55830729834357,-38.49352617197124,-66.99448456295887,41.801373941503904,30.49528438393508,-58.222150474327435,-8.025083865210076,-11.009515233470921,48.54231282054529,58286.65,60302.1,59294.375,62741.65,0.0,0.0,57363.2,59471.4,57127.0,58085.524999999994,0,0.32392644125414216,0.32628511165673824,0.32242021315265085,0.32340169671057073,0.3232645471473072,0.3245728274858287,0.32741403069051317,0.33166899178839093,0.3247443528595634,0.32756711435715846,0.33478350095088594,0.33195010725011287,0.31697876855752166,0.3354538742678006,0.31900467532861654,0.3411606619027772,0.31901632671932356,0.3243506439729249,0.3276195062616041,0.32599843134845213,0.3314383898611557,0.32281644113420677,0.32628511165673824,0.32242021315265085,0.3240184977789466,0.4125355168622235,0.3842164267293489,0.3943486131916618,0.4177784952567257,0.3955830729834357,0.4854231282054529,0.41777849525672567,-0.902078119232379,-0.8801717070785228,-0.07683531116922515,-0.09541525869561716,-0.2612996559407962,-0.30457759896995334,0.7863682580534791,0.7782330273970455,0.7760277367767335,0.37565702035095183,0.34498378325278106,0.7769853051048858,0.0,0.0,0
2024-07-11,57713.8,59661.5,57016.1,57312.1,39.074823795116686,37.405356864992775,38.7348591939753,-2177.9931966143413,-2087.4337749921187,61512.92350533456,54429.31649466546,64905.32244099473,54953.60755900528,69020.58663988386,54840.73336011616,2606.555530126609,2414.609121098491,2358.8810442279464,2376.399160569682,57525.00383761587,58219.84204981599,59900.95156894505,62673.14708596962,57971.12000000001,59929.465000000004,64718.488,37.963288290427,41.506895711269586,-35.580291222053816,-61.31211809457234,41.84598226199789,30.94949236004345,-62.03671170957299,-8.825948415608629,-10.601123411477149,48.930656632655584,57782.15,60302.1,59042.125,62741.65,0.0,0.0,57871.850000000006,59661.5,57016.1,57925.875,0,0.32302603684483494,0.3262159090811656,0.32185815573736665,0.3223552973700521,0.32271135429241654,0.3238646480657037,0.3266011423736021,0.33095628452141834,0.3234533454905423,0.3266469164878405,0.3340521459502261,0.32915658687281,0.3174050564134222,0.3343302219682314,0.3183237779865722,0.34026692685112436,0.3181266988867858,0.32313971787406015,0.32724320884670716,0.3252125101814832,0.33106153793743215,0.3232887128109654,0.3262159090811656,0.32185815573736665,0.32337834328643483,0.39074823795116687,0.3740535686499278,0.387348591939753,0.37963288290427,0.41506895711269587,0.48930656632655584,0.3796328829042701,-0.8960867410621516,-0.8835273463751038,-0.07104071024814576,-0.08736543796318849,-0.2859943156564422,-0.2939544321701484,0.7866168482957506,0.7789706758340879,0.7766366491761123,0.37576118778005874,0.3464156292122779,0.7773762379458922,0.0,0.0,0
2024-07-12,57312.1,58514.2,56513.3,57860.9,43.805211628866104,39.75008931526035,40.25615538336585,-2072.6441132775217,-2084.4758426491994,59792.56602462429,55303.3339753757,64250.65595099496,54972.05404900505,68417.47577674493,54751.84422325507,2520.0333115370927,2385.0584695914554,2341.834327836139,2363.8825218840257,57636.96922507725,58154.57985894035,59706.66094333123,62484.43151397081,57547.95,59611.355,64515.7,43.17471773006543,40.971951848721666,-41.349977626632615,-64.04927416803537,42.03593260581521,31.458113492731297,-56.825282269934576,-6.815143833564703,-9.906404393434757,47.44967095014925,56889.45,60302.1,58595.774999999994,62741.65,0.0,1.0,57512.95,58514.2,56513.3,57550.12499999999,1,0.3228624232962529,0.32485678133560225,0.3215148218410362,0.32377785337262244,0.32340533542295036,0.3242643078128826,0.32679661323952447,0.33117455088448844,0.32325686198667775,0.3266429506782894,0.3342588322885728,0.3269349166687472,0.31943834367442514,0.33386174454374196,0.3188622188746233,0.33992902614885667,0.31847740996734347,0.3221516619854108,0.32775133532237427,0.32499068896087535,0.33157041269041565,0.3231984257381676,0.32485678133560225,0.3215148218410362,0.3232604922554069,0.43805211628866103,0.39750089315260345,0.4025615538336585,0.4317471773006543,0.40971951848721666,0.4744967095014925,0.43174717730065426,-0.8813453774331459,-0.8830939855652785,-0.0825119334884809,-0.09124447037071598,-0.22334261018713553,-0.27571644495083375,0.7832424140721046,0.7777398107634836,0.775911672659084,0.37620354087348795,0.3479950442490304,0.7768483626070282,0.0,1.0,1
2024-07-13,57860.9,59869.9,57711.2,59181.8,53.86394009384256,45.08231887481874,43.783969197382035,-1861.1148415660355,-2039.8036424325667,59260.01196660606,55635.28803339395,63753.484787286114,55069.41521271388,67939.90776942081,54725.365563912535,2468.4142670317947,2368.8900074777807,2333.1136455582277,2357.0431044878915,58151.91281671818,58341.34715731483,59656.6741868235,62354.91655263862,57447.65,59411.45,64327.736000000004,55.718043434909376,45.61868315180061,5.174142744799883,-18.396953907283848,41.2325848241616,31.46458524837367,-44.281956565090624,-1.6665337427390303,-6.328120177461501,45.932816414642545,56592.100000000006,59933.55,58262.825000000004,62741.65,0.0,0.0,57586.5,59869.9,57586.5,58655.95,1,0.3240562454470768,0.3273380163189452,0.32380733893169666,0.3262260658987529,0.3245383474189082,0.3248509266491321,0.3269947695560152,0.33125381206460597,0.3233676226237783,0.32659855024977835,0.3342568815899566,0.32635307886082643,0.32029028683961264,0.33339200947178316,0.319309723176756,0.33953205131687936,0.3187088078185687,0.3219267179258797,0.32744025092377554,0.32472147842042015,0.3318496562165568,0.323599525934629,0.3273380163189452,0.323599525934629,0.32536789315570164,0.5386394009384255,0.4508231887481874,0.43783969197382033,0.5571804343490938,0.4561868315180061,0.45932816414642547,0.5571804343490938,-0.845667434712334,-0.8763627025027552,0.010347916116429002,-0.026275313462417356,-0.05549405295756417,-0.17885871117407134,0.7811736262646635,0.7770598822705256,0.7755387502988549,0.3743192075317118,0.3480149810532277,0.7765587361035365,0.0,0.0,1
2024-07-14,59181.8,61387.9,59170.3,60755.8,63.0570117252298,50.683320858758194,47.65155835774295,-1548.6162401787878,-1941.566161981811,60473.081359113385,55166.45864088662,63803.21562152665,55069.55437847337,67532.55745913918,54781.68920752749,2432.583657455824,2358.0835783722246,2327.6129957697403,2352.395001004961,59019.87521114546,58780.33858325759,59761.35283569746,62292.206099593976,57819.770000000004,59436.38500000001,64156.727999999996,70.66481810326002,56.51919308941161,68.7288793131087,32.40622383841885,39.5271662243083,30.985454505722394,-29.33518189673999,6.524460590588878,0.8276203136228002,51.20102489196737,57808.100000000006,59886.15,58847.125,62741.65,0.0,0.0,58521.350000000006,61387.9,58521.350000000006,60123.95,1,0.326415907802945,0.32993829786314655,0.3263972172606547,0.3289416675807661,0.326152414939069,0.32576135020581354,0.3273533388131785,0.33134706335328146,0.324177591144797,0.3268287836059288,0.3341905167697684,0.3284926707194918,0.31966788249437667,0.3336575745091629,0.31949926650627614,0.3391416395138523,0.31899669013758597,0.3241581949143199,0.3275540543823924,0.3258705387826939,0.3320399111851773,0.32533680066505727,0.32993829786314655,0.32533680066505727,0.3279354046577059,0.630570117252298,0.506833208587582,0.4765155835774295,0.7066481810326002,0.5651919308941161,0.5120102489196737,0.7066481810326002,-0.774873437716141,-0.8602686943735677,0.1365985140102261,0.04626156109182739,0.21411682022144377,0.023641888406874256,0.7797120206104367,0.7766028508357097,0.7753028088524274,0.37019725202167714,0.3465281252765886,0.7763614245868892,0.0,0.0,1
2024-07-15,60755.8,64900.0,60601.9,64696.1,76.647298482061,61.31890867752392,55.66846435258373,-971.8071793747658,-1747.6143654604023,63397.86926344732,53860.33073655268,64423.657000457955,54742.28299954203,67347.47617649095,54867.57715684237,2699.085992104992,2496.656179917066,2421.445710256896,2417.2518343047955,60911.95014076364,59855.931568119835,60231.32875610722,62386.4764486295,58629.1,59582.969999999994,64080.078,98.2400718126656,74.87431111694501,178.47841905796383,121.97165621007942,37.172027706004464,29.60229330360241,-1.7599281873343993,14.298409265972701,4.746585411661082,57.93504428386541,59564.15,59886.15,59725.15,62741.65,0.0,0.0,59968.8,64900.0,59968.8,62738.450000000004,1,0.3263246525973042,0.3326785256842953,0.3260807388342874,0.3323751719079991,0.32657152601713374,0.324889960092676,0.32549097356861056,0.3288731847712871,0.32290021525366097,0.3244506673790611,0.33145305047673257,0.3304218326626863,0.31476649884934205,0.3319684011582817,0.3163214925841525,0.3362497263467452,0.31654045348912285,0.3244203080409791,0.324938473916386,0.32467972659815014,0.329419764099946,0.3250710432872074,0.3326785256842953,0.3250710432872074,0.32941485290824446,0.76647298482061,0.6131890867752392,0.5566846435258374,0.9824007181266561,0.7487431111694501,0.5793504428386541,0.9824007181266561,-0.5702352985560666,-0.822687315881295,0.3425307235112758,0.17250293656017474,0.4435274952046095,0.1347913811216665,0.7901038900413029,0.7823108043068836,0.7792532932887131,0.36421029883748335,0.34210749507123017,0.7790800175588077,0.0,0.0,1
2024-07-16,64696.1,65365.0,62350.3,65027.0,77.45969969723768,62.058905224666404,56.25913740004206,-482.4199416579431,-1494.5754806999105,65408.93716878843,53213.84283121157,65165.38641316107,54419.403586838926,67127.96922051373,54979.670779486274,2744.173707518564,2533.65930992299,2449.6959145303767,2437.1667731613024,62283.633427175766,60796.125828461685,60688.05935076367,62490.0263918205,59311.39,59792.395,63991.617999999995,97.19518368227573,88.70002453273378,187.24720646786002,134.88523685586358,35.17355090063068,28.180931192878,-2.804816317724282,11.722370073585884,6.884620758236972,60.2307304361859,59796.65,59339.65,59568.15,62741.65,0.0,0.0,62725.95,65365.0,62350.3,64359.600000000006,1,0.3315843494055748,0.33257579466441395,0.32802759645591373,0.3320760388203434,0.3279246430610908,0.3255994738025536,0.3254284263652527,0.3282430330857129,0.32322343970426326,0.32399939504074826,0.3305294262068105,0.3326405756897722,0.3128264013496469,0.33228095452663553,0.31496955810354405,0.33514273161093483,0.315950139136696,0.3240062323933115,0.3232691954865478,0.3236383929676451,0.32862983139275026,0.328605740910664,0.33257579466441395,0.32802759645591373,0.33108184716740546,0.7745969969723768,0.620589052246664,0.5625913740004206,0.9719518368227572,0.8870002453273378,0.602307304361859,0.9719518368227571,-0.31096494156975224,-0.7600711954606919,0.35791665897392877,0.19034315051289108,0.37200288486832894,0.1942051429894632,0.7917599633368974,0.7837814512485836,0.7804127309952226,0.3588328213681497,0.33735154546100676,0.7799001713428191,0.0,0.0,1
2024-07-17,65027.0,66119.2,63800.0,64048.6,69.16012783308292,58.495557383920804,54.02436635112167,-171.54823186092108,-1229.9700309321126,66348.44505308509,53916.05494691491,65545.48104240974,54278.21895759027,66819.63528168616,55127.59138498051,2683.4631778730545,2518.3407877856334,2443.4818233622636,2433.2345473892588,62871.95561811718,61387.48476874137,61008.11084116714,62551.146925474604,60132.25,59911.85,63903.718,83.8296277206382,93.08829440519317,158.6671861330069,133.12613924331993,33.62264237805963,26.88646705852351,-16.170372279361803,14.700214899713465,3.8746665152977213,58.91896726110146,61188.1,59716.75,60452.425,62741.65,0.0,0.0,64861.55,66119.2,63800.0,64748.700000000004,0,0.33223168447651064,0.33383774585933496,0.3303960907705905,0.3307707283945784,0.32898500532857733,0.32668564301020103,0.32608943226625997,0.3284925494290861,0.3246992299291926,0.32434633708702004,0.33055256338850647,0.33417159629035204,0.31423481699107236,0.3329973188448288,0.3148754730486732,0.3348543124085027,0.31636207692856544,0.3263727401255171,0.3240329107623728,0.3252096687896497,0.32878527266943675,0.3319861276367766,0.33383774585933496,0.3303960907705905,0.33181829185486567,0.6916012783308293,0.584955573839208,0.5402436635112167,0.838296277206382,0.9308829440519317,0.5891896726110146,0.838296277206382,-0.11386946968152246,-0.6750590003024913,0.3070946615723477,0.1879200471376609,0.45422211810381957,0.1102547146741664,0.7895236053200495,0.7831752554135717,0.7801588446262793,0.3544507872024919,0.33281415194858827,0.779738763184211,0.0,0.0,0
2024-07-18,64048.6,65132.9,63200.0,63966.8,68.44480184963896,58.194701095421614,53.83663188667981,67.44183401265764,-970.4876579431586,66998.2170994008,54720.342900599215,65993.33146499844,54186.43853500157,66682.56032775374,55186.01967224627,2576.2398667483326,2476.523588658088,2419.1684032021562,2416.5567291429497,63236.90374541146,61856.45117442476,61289.89076105598,62606.66273231874,60859.280000000006,60089.88500000001,63829.53399999999,83.19080976813568,88.07187372368321,111.13322342811286,106.07907556754506,31.86883936885227,25.57022320221016,-16.809190231864328,12.823190144012422,5.894603359594485,63.01670065307504,61316.25,59716.75,60516.5,62741.65,0.0,0.0,64537.8,65132.9,63200.0,64087.075,0,0.33143341636125045,0.3330516334099548,0.3301484365494436,0.331310268561989,0.330204662254551,0.32807960715647855,0.3271942086168129,0.32924007408163175,0.32651598422616707,0.32529259313229514,0.3311032767488721,0.33577560364564046,0.31631064483634874,0.334317369064735,0.3153718215895557,0.3353198265159034,0.31712236081177253,0.3272355761522421,0.3246938497629675,0.32597278820653436,0.32944745745422266,0.3321667456616419,0.3330516334099548,0.3301484365494436,0.33149128708643316,0.6844480184963896,0.5819470109542162,0.5383663188667981,0.8319080976813568,0.8807187372368321,0.6301670065307504,0.8319080976813567,0.044930950609438275,-0.5696413641791753,0.21867719391894178,0.15039205221647323,0.40317938654804786,0.16684275075831312,0.7854474286160958,0.7815014787312435,0.7791592404829657,0.3492525077312909,0.32797911602712576,0.7790512693088507,0.0,0.0,0
2024-07-19,63966.8,67368.4,63281.0,66631.9,77.34970309785287,64.58558802743276,58.741398370251694,466.51676500748,-683.0867733530309,68416.7833933367,55022.1766066633,66927.48267107409,53821.48732892591,66925.20764790375,55056.152352096244,2792.119885784284,2591.586189468224,2498.6080030496723,2472.2515048381842,64368.569163607644,62724.714597256614,61798.65354571732,62764.51517418859,61719.479999999996,60374.485,63794.736,94.39501982481107,87.138485771195,121.7619834395685,130.37861344853061,31.11339178312235,24.75944064276522,-5.604980175188929,14.823392768210859,9.340350082622374,65.07500610686387,61940.85,60341.35,61141.1,62741.65,0.0,0.0,64007.7,67368.4,63281.0,65312.025,1,0.3291155732817951,0.3341086964162644,0.32807798465206744,0.33304855327741906,0.3297184705895906,0.3272283659813962,0.32579777654309794,0.32728939402578106,0.3256745133782356,0.3235569732686775,0.328856257130542,0.3355986489839041,0.3146558764839763,0.3334753761327626,0.3125454042333783,0.33347209793510457,0.31471495300963587,0.32601877760758863,0.32350423586355376,0.32476941017758254,0.32725433836107487,0.32917711452174536,0.3341086964162644,0.32807798465206744,0.3311200982233408,0.7734970309785286,0.6458558802743276,0.587413983702517,0.9439501982481108,0.87138485771195,0.6507500610686386,0.9439501982481108,0.3013567228450996,-0.4263204640786625,0.23882150964232526,0.18413084338804495,0.45747483649190457,0.2607073079643012,0.7934914488684665,0.7860411185247574,0.7823889199781947,0.34692731326419934,0.3248801186822028,0.7813288962648789,0.0,0.0,1
2024-07-20,66631.9,67599.9,66202.0,67103.2,78.59589788526745,65.58746653840977,59.539620978058046,811.4624600603202,-384.1769266703608,69477.73279223933,55839.10720776068,67711.1034384023,53473.2365615977,67245.29446612463,54886.018867208695,2592.9456163865284,2506.3228902204933,2446.193336237783,2436.4397880102447,65280.11277573843,63520.80285230086,62303.848446125194,62934.659677161595,62658.420000000006,60592.17,63785.684,96.28541087080083,91.29041348791584,119.47063077515284,140.89677084042637,30.4949395745017,24.037396077739327,-3.714589129199179,16.26889929271681,6.938222615319639,64.52224308888519,62056.6,60457.1,61256.85,62741.65,0.0,0.0,65299.35,67599.9,65299.35,66884.25,1,0.3344558575650847,0.335847637666878,0.3338314854057377,0.3351359076138389,0.33247927782564296,0.3298468822802206,0.3279845830165387,0.3289542386089616,0.32853077168847655,0.32530508764249844,0.3302476732802527,0.338493548996294,0.3174644700831749,0.3360062913713366,0.31331995957442893,0.3353400350568299,0.31581546250337283,0.3276019437212753,0.3250905581855961,0.3263541345678983,0.3286585495757435,0.33250768224310356,0.335847637666878,0.33250768224310356,0.33482055450742054,0.7859589788526745,0.6558746653840977,0.5953962097805805,0.9628541087080084,0.9129041348791584,0.6452224308888519,0.9628541087080081,0.4937256305212175,-0.25066095140343,0.234495477845966,0.1986062016329211,0.4947244710547892,0.19567842447668946,0.7860935399501077,0.7826970885325777,0.7802697069818023,0.3449826884497729,0.32203705503188923,0.7798703500212123,0.0,0.0,1
2024-07-21,67103.2,68371.7,65738.0,68150.0,81.26668746813607,67.76851962797465,61.28636414715583,1155.9770364115684,-76.14613405397495,70256.37527604256,57228.04472395744,68653.76961935085,53059.56038064916,67801.34109878963,54599.41890121035,2598.7676711884524,2515.4212552047434,2455.1222249883645,2443.0151284099034,66236.74185049228,64362.47506097343,62860.62478458946,63139.18282707683,63742.21,60856.665,63792.828,98.43248440968935,96.37097170176708,108.07012776246751,134.79955275168936,30.199593226558818,23.51278206693942,-1.567515590310655,18.910317367536702,8.415354095841403,68.1951894106489,63041.45,60843.0,61942.225,62741.65,0.0,0.0,66867.54999999999,68371.7,65738.0,67340.725,1,0.3348758512644675,0.33668338350898913,0.33289331707353415,0.33636982189358783,0.33362215127572653,0.3308552280818509,0.32858147913118235,0.32900713016814265,0.3299224267851323,0.32546472910630697,0.32999887685932616,0.3393100014610507,0.31956141584621767,0.33708091294255615,0.31231964404336887,0.33587469817730725,0.31505624627135215,0.32885799560884077,0.32544313898899496,0.32716514314788714,0.3283991259041704,0.3345364364720565,0.33668338350898913,0.33289331707353415,0.3352168048371048,0.8126668746813607,0.6776851962797465,0.6128636414715583,0.9843248440968935,0.9637097170176707,0.6819518941064889,0.9843248440968935,0.6473080437664884,-0.05072052804123841,0.21283620345151125,0.19022517672914208,0.5582889804255885,0.2359100662687522,0.7863177362781768,0.7830593034331932,0.7806339053903495,0.34404050571201517,0.31991946985216096,0.7801397510292747,0.0,0.0,1
2024-07-22,68150.0,68467.9,66543.0,67493.6,74.46887613352757,64.98710138590462,59.592476131275376,1360.359943394331,211.15508143568624,70229.61257610626,59181.34742389374,69433.78467643236,52819.64532356764,68207.76747403535,54411.02585929799,2502.500861018673,2473.2411655472615,2429.873547607966,2425.7446241295734,66655.69456699486,64931.7705044328,63301.860519390466,63309.94428483853,64705.48,61126.715000000004,63787.174000000006,92.02106314849856,95.5796528096629,96.74231886563621,120.11657275868217,29.960660165886537,23.034708244928265,-7.978936851501436,16.648030016816197,8.698298992150445,63.55141640259561,63819.1,60891.1,62355.1,62741.65,1.0,0.0,67626.6,68467.9,66543.0,67663.625,0,0.3370547986151563,0.3375042252180124,0.33475148867580945,0.3361203819326215,0.3349147547996398,0.33238759410796154,0.3299380468103764,0.329950344943504,0.33205107416078616,0.3265727161896904,0.33067370505317356,0.3399588588397033,0.3234638455809734,0.33885746926827237,0.31256463583034344,0.3371366168735323,0.31540449451885816,0.33072191060917167,0.3262012862803438,0.32848714132529083,0.32908207226452296,0.33631042041932024,0.3375042252180124,0.33475148867580945,0.3363632597913232,0.7446887613352757,0.6498710138590462,0.5959247613127537,0.9202106314849856,0.9557965280966291,0.6355141640259562,0.9202106314849857,0.7196442194523032,0.13984752312819523,0.19110580332696803,0.1699305076664037,0.5042092524896787,0.24352959758066553,0.7825445375695913,0.7813689028212585,0.7796005956347813,0.34327173716817405,0.3179498962513283,0.7794305977334736,1.0,0.0,0
2024-07-23,67493.6,67719.8,65371.6,65922.1,60.36510867423516,58.768232178368315,55.721014453278016,1379.6245007922844,444.84896530700587,69513.08283080849,61245.9371691915,69963.43047719561,52863.72952280439,68466.53275951125,54335.07390715541,2480.457880873149,2464.309653722458,2425.984331055206,2423.159803325254,66411.16304466325,65111.83041271775,63551.40713659138,63412.381763864476,65379.509999999995,61413.579999999994,63728.876000000004,78.70443176685133,89.71932644167975,67.21803534252969,86.729577005788,29.005555420596384,22.25691539279538,-21.295568233148664,11.389143283914992,9.532805625340622,56.38339223764364,64534.899999999994,60891.1,62713.0,62741.65,0.0,0.0,67821.8,67821.8,65371.6,66626.77500000001,0,0.3362232996455839,0.33654630499973126,0.33314125105908793,0.3339499816616243,0.33466301068132037,0.3327573444808306,0.3304196926033046,0.3302087445571257,0.33315291794692187,0.3271256491261855,0.33068832733158604,0.33907078154101367,0.32686269186611516,0.3396948672784965,0.3127463405377589,0.3376052650705592,0.31537283409146843,0.3318994057971299,0.32630381848021495,0.32914074528050663,0.3291847203952708,0.3366916166736046,0.3366916166736046,0.33314125105908793,0.3349757543327692,0.6036510867423516,0.5876823217836832,0.5572101445327802,0.7870443176685132,0.8971932644167976,0.5638339223764364,0.7870443176685135,0.7257789676509238,0.2881668764108252,0.13363199278287724,0.12326926898863454,0.3623931449247347,0.26582491047388734,0.7816601521630637,0.781007269875862,0.7794404749609842,0.34013825452048746,0.3146602524057237,0.779324027048043,0.0,0.0,0
2024-07-24,65922.1,67105.2,64903.0,65364.6,55.97728238896873,56.6954777787331,54.40446297012756,1334.522663986776,622.7837050429599,68612.64433674437,63068.1356632556,70297.25620121382,53362.90379878618,68763.34612728692,54378.76053937976,2440.706755034127,2445.587535599425,2415.3279343382915,2415.7944765477455,66062.30869644217,65157.78851949633,63724.09217120172,63488.93934175214,65840.38999999998,61830.08,63624.98199999999,74.04095494621319,81.58881662052103,50.121235664054915,69.57722060432762,27.83813108277371,21.392481169256378,-25.959045053786806,7.585777818743224,14.605169493605635,57.3258334621809,65409.1,60891.1,63150.1,62741.65,0.0,0.0,66707.85,67105.2,64903.0,65823.72499999999,0,0.33424362278799735,0.3359600576953349,0.33274112530025757,0.3334244777316906,0.3344485823657277,0.3331188913790701,0.3309743784929187,0.33061820634866546,0.3341239836200735,0.32806893024319694,0.3308244167853092,0.33810521347099687,0.3299776562363007,0.34044926737657305,0.313936383636354,0.33831715976468174,0.31574122499363383,0.33349010939243323,0.3265966031900028,0.33010274506823467,0.3294778354958884,0.33538686411076657,0.3359600576953349,0.33274112530025757,0.33409956526901896,0.5597728238896873,0.5669547777873309,0.5440446297012757,0.7404095494621319,0.8158881662052103,0.573258334621809,0.7404095494621319,0.7112365193631607,0.3928698156035118,0.09990805150734378,0.0990699878024165,0.2476045216579029,0.39464542007659426,0.7800452563526388,0.780244949001937,0.7790004284255169,0.33616985073618044,0.31087252404270976,0.7790197344629494,0.0,0.0,0
2024-07-25,65364.6,66205.8,63378.5,65767.6,58.52006079088317,57.85270796347082,55.20775077998826,1316.1263797205174,761.4522399784714,68615.46599777394,63279.61400222608,70564.13166668272,54012.5083333173,69053.030613987,54355.95605267967,2495.934361457824,2472.8527116280375,2434.9456517507538,2429.5113273294874,65964.07246429479,65268.663334133365,63918.7119644206,63578.298583252064,65947.54000000001,62288.32000000001,63517.522000000004,77.41204222642338,76.7191429798293,27.261753137633413,52.5998553374082,25.9045761211955,20.463191567771368,-22.58795777357662,1.6562049335276892,16.19142515917941,62.733727893465506,65833.95,60891.1,63362.524999999994,62741.65,0.0,1.0,65643.35,66205.8,63378.5,65179.125,1,0.33287852003303886,0.33411170074135615,0.32990514463502313,0.33347120707833605,0.3337588878747835,0.3327369080125476,0.3307226845336539,0.3302082929739498,0.33373471241583225,0.32823466263846446,0.33011617572223184,0.33756230226627737,0.32975476724858954,0.3402682217817945,0.314552377328668,0.33817631139682675,0.3151590299739865,0.33356845129171997,0.3260520752270769,0.3298808665281939,0.3289326922888985,0.3332888484383335,0.33411170074135615,0.32990514463502313,0.3326045593945457,0.5852006079088317,0.5785270796347082,0.5520775077998826,0.7741204222642338,0.767191429798293,0.6273372789346551,0.7741204222642338,0.7051232426827291,0.4681003234053019,0.054469541054458004,0.07500154024427874,0.05515081305594351,0.4322107896299905,0.7822819002973042,0.781353201667252,0.779809031813376,0.32922963881692746,0.30663394478487405,0.7795856936968165,0.0,1.0,1
2024-07-26,65767.6,68212.6,65695.0,67881.2,69.35185503851767,63.379943249086914,59.16911427710946,1455.32101307634,900.2259945980452,69052.29142173775,63413.62857826223,71166.96426689059,54377.38573310942,69605.24366253334,54273.256337466664,2499.0294526781354,2476.04894651175,2438.8815730959564,2432.4476164185044,66603.11497619652,65743.67000065457,64296.09177733293,63747.039815281394,66232.95999999999,62772.175,63458.43,94.54572499000625,81.99957405421428,84.3122221667251,83.29907433867609,25.031791405637783,19.778163578222465,-5.454275009993745,4.389253694619153,16.626148329756838,62.83707382701602,65833.95,60891.1,63362.524999999994,62741.65,0.0,0.0,65566.1,68212.6,65566.1,66889.1,1,0.33335472630651847,0.3368770009269503,0.33324821806804594,0.33640679139493296,0.33457237717453825,0.33331963219817473,0.3311734738404176,0.33034725574280654,0.3340347544298202,0.32886323654722716,0.32991020042825747,0.3380585986920669,0.3298421839421177,0.3409739035015053,0.31508114331220616,0.33882914720564733,0.3148976804535994,0.33345196633517893,0.32593592602626226,0.3297645431434596,0.32881641142039164,0.33305883463939856,0.3368770009269503,0.33305883463939856,0.3349857790310301,0.6935185503851767,0.6337994324908691,0.5916911427710946,0.9454572499000625,0.8199957405421427,0.6283707382701602,0.9454572499000625,0.7487983162970903,0.5371567668102644,0.16704418140343377,0.11844014018192166,0.14527335101374597,0.4422567486216769,0.782405779185815,0.7814823189694509,0.7799704781492945,0.3259318537446644,0.3033902607281826,0.7797064303016962,0.0,0.0,1
2024-07-27,67881.2,69400.0,66608.3,67902.0,69.44346731757841,63.43076847618946,59.20639323499724,1549.4510419097933,1030.071004060395,69179.62550996506,64056.974490034954,71417.01481520798,55333.53518479203,70104.99721621317,54189.66945045349,2540.8395308669724,2498.5954503323387,2455.6824505675772,2444.422695871221,67036.07665079768,66136.0936368992,64639.51160806313,63909.979430368396,66618.3,63375.275,63428.672,85.3563643117589,85.77137717606284,104.6056528729795,90.69047710150616,24.69356932769776,19.382841947051027,-14.643635688241107,6.01636881992737,21.601002865329512,60.71959370201514,66340.5,61357.15,63848.825,62741.65,0.0,0.0,66824.4,69400.0,66608.3,67947.875,1,0.335932723004271,0.3380694006398606,0.3341061331026421,0.3359622953334337,0.3347237149420486,0.3334199497079295,0.3312135607319476,0.33012011267804675,0.3341206137423549,0.3293110171774066,0.3293921104581495,0.3377621907532973,0.33034139789165484,0.34083818930427145,0.31627983725607955,0.3390459004760952,0.31428021597801725,0.33371755952218535,0.3261968861613508,0.33002790684585426,0.32834368583170087,0.3344185937178069,0.3380694006398606,0.3341061331026421,0.33602748706105073,0.6944346731757841,0.6343076847618946,0.5920639323499725,0.8535636431175889,0.8577137717606285,0.6071959370201514,0.8535636431175889,0.7750957169648393,0.5958668696941077,0.20621146620784736,0.1288377725840031,0.19789963502533336,0.5491556008680727,0.7840643322639165,0.782388417789498,0.7806567121420376,0.3246240739878599,0.3014693465916157,0.7801973268713567,0.0,0.0,1
2024-07-28,67902.0,68337.9,67026.9,68240.9,71.08635316972376,64.30016801271167,59.833777304897936,1632.5768361022856,1150.572170468773,69063.28838499464,65028.131615005346,71643.43133895774,56261.55866104225,70630.30686708754,54186.67979957913,2365.148169314548,2413.7672038800292,2401.1737624453117,2406.6419393421806,67437.68443386513,66518.78570291752,64982.50097872378,64079.81945270689,67045.70999999999,63952.494999999995,63406.97,86.82556461054085,88.90921797076867,94.05762122279889,85.15153796328546,24.379505969610594,19.00728639743816,-13.174435389459155,6.681747406467091,20.361750725353406,59.365070894013236,66389.25,61357.15,63873.2,62741.65,0.0,0.0,67891.6,68337.9,67026.9,67876.92499999999,1,0.337466233102501,0.33808429981414995,0.3362137674329253,0.3379470926770082,0.33680364668649354,0.3354792771676215,0.3332251530968817,0.33187659491731697,0.33624085441719664,0.3316849069829132,0.3308594295643737,0.33910444166652837,0.3332928423306879,0.34265091406196974,0.31936654629534045,0.34127330714596826,0.31576585980970084,0.33529116433003114,0.32769531151137765,0.3315653418141869,0.3298433696200204,0.3374514400856414,0.33808429981414995,0.3362137674329253,0.3374305625621974,0.7108635316972376,0.6430016801271167,0.5983377730489794,0.8682556461054085,0.8890921797076866,0.5936507089401324,0.8682556461054085,0.7962877720482552,0.6452097016719318,0.18592724195269375,0.12104856957261799,0.21911369307264036,0.5239465816554536,0.7769018666970806,0.7789358165531398,0.7784129340758399,0.32339419967544175,0.29960965270775286,0.7786403099085853,0.0,0.0,1
2024-07-29,68240.9,70136.9,66360.9,66757.7,55.7748821630114,57.821231305067215,55.88422336958218,1560.7810698872563,1232.6139503524698,69066.93977823353,65049.64022176648,71665.36529978097,57112.40470021901,70950.01237998607,54254.827620013915,2566.6984308410415,2511.0695464600276,2466.6416785193446,2452.2872080307743,67211.0229559101,66562.22466602342,65151.56755217866,64184.83437613015,67058.29000000001,64388.884999999995,63349.278000000006,56.602368170960354,76.26143236442003,78.77522644286987,79.5094098546363,24.763188705059616,19.021708453337283,-43.397631829039646,0.1887984583960579,15.04017756363529,51.214180747692,66757.7,61725.6,64241.649999999994,61747.450000000004,1.0,0.0,68071.45,70136.9,66360.9,67874.09999999999,0,0.33613280629155384,0.33877948308459904,0.33343742577433,0.3340124032661306,0.33466526393069584,0.33372956561349026,0.33166438611390736,0.33022406600466164,0.3344457787670513,0.3305298097732202,0.3289622482040336,0.3372945179085134,0.3315135008622215,0.3408632586043288,0.3190041837511707,0.33989341213026125,0.31408785414734863,0.3340124032661306,0.32646375719881143,0.33030929089948124,0.32649779739905715,0.33589282077703164,0.33877948308459904,0.33343742577433,0.33561259364913554,0.557748821630114,0.5782123130506721,0.5588422336958218,0.5660236817096035,0.7626143236442003,0.51214180747692,0.5660236817096035,0.7780936078424419,0.6760172411542598,0.15625968712972235,0.11309890633341022,0.006293198865206761,0.4050867461902348,0.7850765224440888,0.7828862212897534,0.7811018187498948,0.3248946678709707,0.2996817107575586,0.7805184121803658,1.0,0.0,0
2024-07-30,66757.7,66958.9,65265.0,66170.0,50.724214682079946,55.43761248740975,54.3905007472676,1439.8620955605365,1274.0635793940833,69042.14508371288,64887.794916287115,71441.56789062923,58181.822109370754,71161.81599179414,54271.057341539185,2442.012940720892,2452.7002931414536,2429.844455732709,2427.007634429748,66864.01530394008,66490.9110903828,65248.56111863784,64262.68400843877,66964.97,64811.69499999999,63282.35800000001,42.81451368767032,62.08081548972385,-21.543314769378835,37.754091074636555,24.450323098582732,18.729716375652533,-57.18548631232968,-1.3906937374074517,14.65195499170042,52.663382852496675,66757.7,61725.6,64241.649999999994,61747.450000000004,0.0,0.0,67499.29999999999,67499.29999999999,65265.0,66287.9,0,0.33501207778967834,0.33530247145070147,0.3328309044964054,0.3341589840927436,0.33516562863124366,0.33462571404189306,0.33280661672841594,0.33133913205312215,0.33531121924217,0.33215899414402117,0.3298582394480813,0.33826068537279125,0.33227210888495123,0.3415628435453225,0.32177815154408784,0.3411834088935804,0.3151081010379757,0.33501207778967834,0.32746056668886875,0.3313075869586797,0.32749462030049836,0.3360782867077664,0.3360782867077664,0.3328309044964054,0.33433070994587555,0.5072421468207995,0.5543761248740975,0.543905007472676,0.4281451368767032,0.6208081548972385,0.5266338285249668,0.4281451368767032,0.7442358561934492,0.6907431906777018,-0.04305998648899184,0.05388217961176512,-0.046323280972903114,0.39577336410016456,0.7800987368305067,0.7805352487878181,0.7795993988613266,0.3236728438341593,0.2982125944647495,0.7794826296503008,0.0,0.0,0
2024-07-31,66170.0,66832.0,64502.4,64615.9,39.647798759626085,49.61316954010704,50.632775346417695,1204.7425333893407,1260.1993701931349,68948.3516726995,64274.768327300495,70849.68340159161,59504.08659840838,71247.80465345479,54302.12201321189,2425.953949189336,2443.9074150599213,2425.0709102216274,2423.76071328209,66114.64353596006,66149.99998304047,65188.30767876757,64276.53561595098,66611.56,65176.884999999995,63229.15,20.41113465669107,39.942672171773914,-79.23156557707038,8.780687661961613,23.718438615858283,18.247568687805074,-79.58886534330894,-5.185766691122522,12.743905737182903,51.09446049785565,66757.7,62182.6,64470.149999999994,61747.450000000004,0.0,0.0,66463.85,66832.0,64502.4,65530.075,0,0.3342881231202399,0.33524859811113383,0.3318269585057559,0.3319964047509969,0.3342073886447624,0.3342589616731339,0.3328466145932912,0.33148890479371906,0.33492979203277545,0.3328297187283271,0.32990615889102803,0.3382586862527152,0.33148625516221636,0.34088779051742185,0.3240649606629795,0.3414296561138079,0.3152910244360336,0.33514125702704034,0.32829925213036343,0.3317787594571669,0.32762343311716063,0.3347155998677097,0.33524859811113383,0.3318269585057559,0.3333508240367233,0.39647798759626085,0.4961316954010704,0.5063277534641769,0.20411134656691068,0.39942672171773913,0.5109446049785565,0.2041113465669106,0.6658006197608304,0.6858794555446293,-0.15714995323853215,0.012543181642850955,-0.17115753571023312,0.3488304834346347,0.7794392231170539,0.7801762534140841,0.7794028318352025,0.32075494678057326,0.29573847508248285,0.7793488123567671,0.0,0.0,0
2024-08-01,64615.9,65634.3,62217.7,65341.1,46.06017611841948,52.140055189388406,52.24918309296057,1064.6535028177314,1221.0901967180541,68764.78940493427,64027.83059506572,70124.92755278098,60976.862447219,71401.34879906432,54365.14453426901,2567.4748135908603,2513.385456841356,2472.286581163455,2456.855356172687,65856.79569064004,66002.9272588513,65202.859328408755,64318.28323885487,66396.31,65550.89499999999,63171.154,39.440852611374915,34.22216698524543,-144.11158677442629,-36.50480726703355,22.168687660132615,17.43946844270621,-60.55914738862508,-3.189191271468713,12.927901225179692,54.36635602160117,66177.29999999999,62182.6,64179.95,61725.6,0.0,0.0,65392.95,65634.3,62217.7,64452.25000000001,1,0.33068957093559825,0.3321965105715582,0.3270485631289402,0.3317649815793472,0.3325227393809873,0.33273642360299316,0.33156087247346516,0.33024486128369673,0.33330939770803975,0.3320739452797881,0.32851203550068153,0.3366914549963665,0.3298089412984727,0.33858317445153874,0.32511133249159363,0.3403264873247021,0.3141041351042572,0.3329908080604852,0.3269942766666015,0.3300374836166998,0.32628476705817994,0.3318414295829898,0.3321965105715582,0.3270485631289402,0.3304452840141998,0.46060176118419477,0.521400551893884,0.5224918309296057,0.39440852611374916,0.3422216698524543,0.5436635602160117,0.3944085261137492,0.6105319595116355,0.6718239416190038,-0.2804986031798754,-0.05210250068288624,-0.1059077199790791,0.3534393155304245,0.7851067543976769,0.7829783701518713,0.7813303144820102,0.31428016972257267,0.29144933913955107,0.7807044442248297,0.0,0.0,1
2024-08-02,65341.1,65576.4,61171.5,61459.0,27.687678160559443,40.44657244527013,44.12791510864199,633.0811455001531,1103.4883864744738,69754.44295423101,62145.55704576899,69677.92882004568,61651.58117995429,71402.18328895893,54449.25671104106,2829.9641259350224,2648.4936384955445,2564.3157915842426,2521.7901776335975,64390.86379376003,65176.75866633287,64846.30129713173,64206.154484389976,65950.0,65664.75499999999,63065.484000000004,3.206772703950746,21.01958665733891,-197.8607136089947,-120.49016248701676,21.187867907503307,16.90208860709537,-96.79322729604925,-6.770263690022019,3.8478045615374947,42.825495355272494,65654.2,62182.6,63918.399999999994,61725.6,0.0,0.0,64978.5,65576.4,61171.5,63387.0,0,0.32925203114802215,0.32959815995827146,0.32291101850319104,0.3233613847563038,0.32784190595354146,0.32900957073248993,0.3285202448296715,0.32756547883651943,0.3301452800954704,0.3297278223333694,0.32584126486696197,0.33555263121551426,0.32442873571459885,0.33544671166252166,0.32366193110237595,0.3378068142228168,0.31175741521960054,0.32971234154167894,0.32448600163061336,0.32713331098705617,0.3237772065879866,0.32871628595300606,0.32959815995827146,0.32291101850319104,0.3263302781956695,0.2768767816055944,0.4044657244527013,0.4412791510864199,0.032067727039507464,0.2101958665733891,0.4282549535527249,0.03206772703950747,0.39865948609556073,0.6265152197947091,-0.3762821108314522,-0.17044874891741935,-0.22192075498381744,0.10949649588899507,0.7948372613161255,0.7882123820909193,0.7849836865654148,0.3099545648844787,0.2884917388000534,0.7833120781343513,0.0,0.0,0
2024-08-03,61459.0,62154.0,59822.0,60682.0,25.328537591222513,38.581521387180565,42.73205556320767,225.75714879265433,927.94213893811,70437.58188787315,60525.89811212685,69692.3813216374,61629.74867836258,71283.51076191405,54811.089238085966,2758.8263936585904,2625.8869500315773,2553.2531348421358,2515.4638383791444,63154.575862506696,64359.52981790871,64449.70117359537,64067.95234774723,65481.740000000005,65661.06499999999,62958.7,8.337453586559255,16.995026300628307,-210.31566420321758,-203.60485830064874,20.82237949914162,16.67169452242729,-91.66254641344075,-7.1638165000627225,-0.12146988435672464,41.41683031756376,64979.45,63196.95,64088.2,61725.6,0.0,0.0,63400.05,63400.05,59822.0,61029.25,0,0.3236026785885868,0.32468319093666154,0.3210105375452105,0.3223806955882256,0.32621855894282387,0.32803678950311294,0.3281715343662795,0.327599832499904,0.3297009368981029,0.32996431383598357,0.32591984042858535,0.3367358809645379,0.32213338345352877,0.33570914833960497,0.3238692243437945,0.33788876218791397,0.31263067055320404,0.32895950291711684,0.32628306396281864,0.3276302373295692,0.32401854145488695,0.32659166133233664,0.32659166133233664,0.3210105375452105,0.32292865977071944,0.2532853759122251,0.3858152138718057,0.4273205556320767,0.08337453586559254,0.16995026300628308,0.4141683031756376,0.08337453586559249,0.14937857333233429,0.550172105024986,-0.39746215892439557,-0.2829299208455772,-0.2343561988709885,-0.0034705541903954635,0.7922923055884518,0.7873554754892627,0.7845515144775129,0.3082936025748982,0.28719641800034557,0.7830609956305556,0.0,0.0,0
2024-08-04,60682.0,61088.0,57150.0,58131.6,19.09731069691405,33.17420812061938,38.53137725323372,-299.3947819473251,682.4747547610231,71336.68710715261,58099.592892847366,70526.3861709318,60139.29382906821,71192.03025002987,55004.48974997013,2927.2797659930775,2719.6093107436072,2619.1934617544152,2562.881710433173,61480.250575004466,63227.17894192531,63847.977252300574,63835.15421646302,64718.13999999999,65332.840000000004,62797.651999999995,7.558385757956087,6.367537349488695,-209.4371576866829,-244.23418750743977,21.387880681244177,16.940553008720393,-92.44161424204391,-11.61058028573341,-10.146670355709233,36.84933279870382,63643.45,63325.1,63484.274999999994,61725.6,0.0,0.0,61070.5,61088.0,57150.0,59262.9,0,0.32058819092190183,0.32122808838486405,0.3148415477626687,0.3164720489526694,0.321842450478263,0.324533647946585,0.3254728288166692,0.32545351830905894,0.32677459079550786,0.32768407303565456,0.32387863226826047,0.3361574699722953,0.3164193002535144,0.3350549248228953,0.31972638510965246,0.3359615302315689,0.3111823645956964,0.3251643810001856,0.32468237597195315,0.32492366889684726,0.32222481880713333,0.3212005908770969,0.32122808838486405,0.3148415477626687,0.31831881637087217,0.1909731069691405,0.3317420812061938,0.38531377253233723,0.07558385757956086,0.06367537349488696,0.3684933279870382,0.07558385757956089,-0.1969875289883933,0.4259865495211375,-0.3959816797134627,-0.3354049561855545,-0.3687877886394179,-0.2820472501931186,0.7982170419011638,0.7908611145506054,0.7871003434393358,0.31085197714296053,0.2887063681613771,0.7849277682199866,0.0,0.0,0
2024-08-05,58131.6,58278.3,48914.1,53988.2,13.024212770909273,26.641489784266554,32.997990848387445,-1037.954331308305,338.38893754715747,72168.25250228764,54489.42749771237,71955.56615948092,57606.23384051909,71519.39889590275,54396.06110409725,3846.839799422639,3194.2229314047786,2940.3842492899194,2789.5923200854004,58982.90038333632,61547.36458884797,62908.95084731957,63448.99914915075,63328.840000000004,64780.9,62544.652,23.908720809695232,13.26818671807019,-234.45689398072147,-302.22905485251016,23.6120096026358,18.229478866002026,-76.09127919030477,-20.466638774800682,-16.97571777876882,43.642569302903034,59525.5,59525.5,59525.5,59525.5,0.0,1.0,59406.8,59406.8,48914.1,54828.05,0,0.3083685636411157,0.3086090770791013,0.2919633733824447,0.30132498056709517,0.30975627001667677,0.31382387603366596,0.3159181287909368,0.3167367782476285,0.3165552099730914,0.3187275920289256,0.31536208508167224,0.329103042315802,0.30220389470632747,0.3288188977345782,0.30750245359285266,0.3282336493407302,0.30204075893408044,0.31063081854606195,0.31063081854606195,0.31063081854606195,0.31063081854606195,0.31044015334549446,0.31044015334549446,0.2919633733824447,0.3027933347760565,0.13024212770909271,0.26641489784266553,0.32997990848387443,0.23908720809695233,0.1326818671807019,0.43642569302903034,0.23908720809695225,-0.5992457865728619,0.2218420015777618,-0.4373212581623059,-0.40678760529148106,-0.5929615710539454,-0.45025534611826507,0.825526717875228,0.8069412139465035,0.7986635582617416,0.32032345190388944,0.29564444591815786,0.7934009153388599,0.0,1.0,0
2024-08-06,53988.2,57056.1,53917.3,55989.8,26.243436791491447,33.45845905931863,37.54722153844114,-1445.0975186275027,-18.30835368777457,71391.71527325061,52883.52472674938,72512.81261757093,56243.107382429065,71507.94053169392,54417.506134972755,3745.6912566479755,3190.2641505901515,2949.8326183713516,2801.232576082554,57985.200255557545,60536.898299966524,62249.9840999558,63156.48153545857,62137.619999999995,64377.96,62335.35199999999,33.3400870761634,21.60239788127157,-142.15075377624973,-191.5194435280898,25.67727217249945,19.45395843041958,-66.6599129238366,-17.54322405820152,-12.582320300521785,45.452646905569175,59525.5,59525.5,59525.5,59525.5,0.0,0.0,56059.899999999994,57056.1,53917.3,55237.84999999999,1,0.30092907361598314,0.3061904414327823,0.300804148445973,0.30439298100018897,0.3077307093792497,0.3118428005235094,0.314511538242623,0.31589543153510125,0.31433865714703113,0.31773040392352214,0.3146426840357905,0.3276609577131892,0.2989646926378794,0.3291607114505851,0.3048229160310153,0.32781748784410614,0.301682191851746,0.31023309020151046,0.31023309020151046,0.31023309020151046,0.31023309020151046,0.30451214584208486,0.3061904414327823,0.300804148445973,0.30310570950757143,0.2624343679149145,0.3345845905931863,0.37547221538441145,0.333400870761634,0.2160239788127157,0.4545264690556918,0.333400870761634,-0.7457888759339673,-0.012204963049345601,-0.2768815314564436,-0.26697071361626623,-0.5261267075978927,-0.3447690205310892,0.8228628397920306,0.8068172402730006,0.798984265302637,0.32838119734102456,0.3018176430036962,0.7938171727050686,0.0,0.0,1
2024-08-07,55989.8,57762.5,54517.7,55109.5,24.34491309625396,32.04793973088245,36.40575576382242,-1817.8393603319637,-378.2145550166124,69967.71303205162,51681.24696794838,73020.15796741529,54850.0320325847,71627.4616741814,54192.18499248527,3674.1353628411225,3194.1595684051413,2963.878684163192,2816.018156879802,57026.63350370503,59550.09860906351,61569.9379951981,62840.91363210726,60824.479999999996,63935.094999999994,62134.611999999994,29.19218953201275,28.813665805957125,-111.78345020490768,-150.46635437918923,27.244897372879166,20.441802608301714,-70.80781046798725,-19.24271221510853,-13.846714233008377,45.31496205124389,57936.5,59525.5,58731.0,59525.5,0.0,0.0,54989.0,57762.5,54517.7,55844.875,0,0.3038916912225161,0.30686164583396136,0.3013565014130798,0.30238341295543236,0.3056394759163604,0.30976982413207954,0.312957165112579,0.31491192961813874,0.31179261451405693,0.3165647087618249,0.3138303559223368,0.32521685715187665,0.2962826633183646,0.3293251550342983,0.3019344729385799,0.32747162914410144,0.30078712863503154,0.3071484646473016,0.3097303740865426,0.30844775195592,0.3097303740865426,0.3021751705202312,0.30686164583396136,0.3013565014130798,0.30364494033979933,0.24344913096253962,0.32047939730882447,0.36405755763822417,0.2919218953201275,0.2881366580595712,0.4531496205124389,0.29192189532012747,-0.8372464009686499,-0.2469320888335532,-0.2199151074189369,-0.2117014263187103,-0.5658681816813227,-0.3761953902967592,0.8209345244394759,0.8069392308727317,0.7994591394629549,0.33409128173090974,0.3065342409548083,0.7943434213322339,0.0,0.0,0
2024-08-08,55109.5,62743.1,54705.0,61670.2,53.557795341172394,49.22731591985841,48.627303937209014,-1565.796764968436,-615.7309970069771,68608.39309025032,52023.06690974969,72734.85962759666,54639.160372403334,71573.30086483737,54489.032468495956,4297.558882435247,3540.1553135190597,3205.5082706316107,2990.0875516504757,58574.48900247002,59935.571589233776,61579.48675756019,62795.00329359325,60315.73,63687.009999999995,62069.212,60.10564110296474,40.87930590371363,-42.330429844645714,-68.76239530560414,26.63222131022058,20.306319064271282,-39.89435889703526,-7.620843737875931,-7.4464333149737545,50.18168049127228,57873.05,59525.5,58699.275,59525.5,1.0,0.0,55549.65,62743.1,54705.0,58556.95,1,0.29668558964314234,0.3090301267261532,0.2959869363674251,0.3073844550958519,0.3024783980729435,0.30466513475281476,0.30724406454519615,0.30910905612961026,0.3052674560914276,0.31045588604532287,0.3079996486334463,0.31757711851939124,0.2912269660198505,0.3231804990916826,0.2958727546823917,0.3216346946382471,0.29561190833088463,0.30133250282703095,0.30401132580111934,0.30268088416153616,0.30401132580111934,0.297440312956022,0.3090301267261532,0.2959869363674251,0.3024499052248624,0.535577953411724,0.4922731591985841,0.48627303937209015,0.6010564110296474,0.4087930590371363,0.5018168049127228,0.6010564110296474,-0.7794095421577997,-0.3888863895290642,-0.08445917010251498,-0.09791724410107112,-0.2487014069619532,-0.2096022066750913,0.8366035101888769,0.8172208312635207,0.8072937857918699,0.3318982530572473,0.3059003698401728,0.8003392329900129,1.0,0.0,1
2024-08-09,61670.2,61733.0,59488.0,60814.9,50.586886627635465,47.53992304293336,47.38087064045654,-1418.7127171483662,-776.3273410352549,67129.49579223969,52430.94420776032,72360.58076222177,54384.60923777825,71489.79300751528,54779.28032581806,4004.3361849444977,3447.64421969627,3159.769781553915,2965.2512999287933,59321.29266831335,60095.44948210036,61506.66897112589,62717.352184040574,59780.22000000001,63372.59500000001,61988.432,56.075541398872936,48.457790677950136,-20.971223330468458,-45.80753932149984,26.063307823466175,20.17760969744237,-43.924458601127064,-8.092942421036721,-9.371088115022824,53.46391749176455,57274.2,59525.5,58399.85,59525.5,0.0,0.0,58389.85,61733.0,58389.85,60926.525,0,0.30818012576808335,0.30827723890050457,0.3047456513350465,0.30684802494802377,0.3044783630481307,0.30571359826809463,0.30792680000621886,0.3097872318959322,0.3052124620573674,0.31077987840996835,0.30867126669695855,0.31628860724268987,0.2927549133933985,0.3234861346935346,0.2962208627482741,0.32232337268174954,0.2969066870140481,0.3011365690568496,0.3048056782276475,0.302987950651034,0.3048056782276475,0.30297165341584326,0.30827723890050457,0.30297165341584326,0.3070228872384917,0.5058688662763546,0.4753992304293336,0.4738087064045654,0.5607554139887294,0.48457790677950136,0.5346391749176455,0.5607554139887294,-0.7378795699324121,-0.4758080910551576,-0.04191786934008818,-0.06534609115512947,-0.26340591886736825,-0.26152565811461265,0.8295382797289073,0.8145736452990426,0.8058570878672435,0.3298178855606941,0.3052944477215353,0.7995054245989672,0.0,0.0,0
2024-08-10,60814.9,61459.9,60223.0,60893.7,50.87976116866991,47.71773333336883,47.511023585269484,-1281.0222213674206,-877.2663171016881,66086.32901375789,52729.67098624211,71780.27676713932,54239.28323286069,71371.97152941005,55135.875137256626,3608.9881585238554,3289.7339182893934,3068.2045538608713,2907.639589931167,59845.42844554223,60240.58593990029,61448.2909738758,62645.836412117416,59408.0,63009.780000000006,61924.14,56.446840190738264,57.542674230858644,-10.816022803398726,-37.519863145036425,25.535031014337086,20.055335798954907,-43.553159809261736,-5.76050167218905,-10.647542186353636,54.25402890762482,57245.25,59525.5,58385.375,59525.5,0.0,0.0,61242.55,61459.9,60223.0,60847.875,1,0.308719672515526,0.309726784785031,0.307786460909076,0.3088432572285008,0.3071865855259568,0.30781431345589344,0.30970874762965944,0.311552462250505,0.3064870816492779,0.3121061125712135,0.3104454294356664,0.3166677474683216,0.2951512415176398,0.3245976702212935,0.29782839303678343,0.3240494886583444,0.2993851368610975,0.3029547866446977,0.3066754603019905,0.30483242674089095,0.3066754603019905,0.30938854319205034,0.309726784785031,0.307786460909076,0.30877140691161103,0.5087976116866991,0.4771773333336883,0.47511023585269485,0.5644684019073827,0.5754267423085865,0.5425402890762482,0.5644684019073827,-0.6931610866251209,-0.5261773841324228,-0.021628672032864633,-0.053548533754201336,-0.18969110252009713,-0.29516560971061917,0.819145977113425,0.8098865894349686,0.8029173704031353,0.32784657850878085,0.3047154010142847,0.7975440755986728,0.0,0.0,1
2024-08-11,60893.7,61880.0,58264.0,58703.4,42.67704128504449,43.322301423386236,44.31213096986464,-1333.271294799808,-968.4673126413122,64125.273596218176,53363.18640378183,71278.71364765607,53861.826352343924,71330.76806685475,55233.24526647858,3609.9898501633047,3313.0386384115795,3094.2900512960678,2931.251603600128,59464.75229702816,59961.097587191136,61186.87278588764,62491.23106262262,58744.23,62570.27,61813.746,46.12633582750629,52.88290580570583,-26.334063708048266,-52.88900861499784,25.55508785020591,20.211080261576228,-53.87366417249371,-10.158537275925868,-13.023753363281857,52.25008470123506,55828.6,59525.5,57677.05,59525.5,1.0,0.0,60854.3,61880.0,58264.0,59935.275,0,0.30807147045774164,0.3096049723860586,0.30386400980489847,0.30457947381307754,0.30580717329879875,0.30659950215389864,0.30852975754632433,0.31054364707592896,0.30464569708350997,0.31066438726779866,0.3095026940225199,0.31301064231262293,0.29551662379290733,0.32314689434504185,0.2963984951045198,0.32321701453823387,0.2987845648902683,0.29980293255534773,0.3059044842592501,0.3029002373568683,0.3059044842592501,0.3080097200527801,0.3096049723860586,0.30386400980489847,0.3065584353307565,0.42677041285044487,0.43322301423386234,0.4431213096986464,0.4612633582750629,0.5288290580570583,0.5225008470123506,0.4612633582750629,-0.7108240381542938,-0.5687308255465796,-0.05261948212908084,-0.07541227995793054,-0.3262429634978505,-0.3558335164249785,0.8191737210463013,0.8105922857065064,0.8037636896816815,0.327922136210485,0.30545236989899516,0.7983525872285301,1.0,0.0,0
2024-08-12,58703.4,60691.5,57555.0,59316.1,45.54229584275476,44.85259855666256,45.39205860646843,-1310.1368503972699,-1036.8012201925037,63624.52271358909,53435.357286410916,70915.88897221278,53564.05102778724,71326.26210592555,55246.70456074112,3542.348442997118,3300.428735667895,3096.300048853398,2938.0932168134573,59415.20153135211,59843.82529861092,61008.703949136434,62366.71611899036,58529.94,62239.97000000001,61736.47,57.645415853874816,53.40619729070645,-25.707116281792754,-54.3399168667088,25.749219500156695,20.453400741443637,-42.354584146125184,-3.4867147203826963,-10.020918629715993,53.207878057725885,55828.6,59525.5,57677.05,59525.5,0.0,1.0,59798.55,60691.5,57555.0,59066.5,1,0.30435744297296335,0.30753178590465935,0.3024768391583129,0.30534650887576775,0.30550557082921065,0.3061906305056662,0.30802906381297784,0.31013048781983776,0.30407564493537464,0.3099362153358337,0.3091607169309251,0.3120382292348476,0.29542375066835597,0.3224329124960378,0.2956517783432976,0.32298702914443145,0.2985863308814626,0.2995814447293677,0.30568230732562024,0.30267839446935146,0.30568230732562024,0.306118489302087,0.30753178590465935,0.3024768391583129,0.3049447661211989,0.4554229584275476,0.44852598556662554,0.45392058606468433,0.5764541585387482,0.5340619729070645,0.5320787805772589,0.5764541585387482,-0.7031098895735435,-0.5987528702085194,-0.05136897722098438,-0.07747289337046376,-0.1157033199571488,-0.2787368213425128,0.8172827446910095,0.8102110603961068,0.803828605899142,0.3286505295352106,0.30658831755321014,0.7985856383103231,0.0,1.0,1
2024-08-13,59316.1,61576.7,58380.0,60558.8,51.302127726913064,47.923784252862205,47.55787700109673,-1177.9484754334844,-1065.0306712407,63591.881538233996,53443.35846176602,70581.8252366178,53417.53476338221,71328.26991389832,55231.56341943501,3492.9700939975296,3293.019540263045,3101.080998907998,2946.7134429196753,59796.40102090141,59973.82069886348,60965.85595398059,62295.817447657406,58517.62000000001,61999.68000000001,61742.50399999999,64.98920074339071,56.25365080825727,9.995609227377319,-32.84938765238479,25.53884474524023,20.4880561287594,-35.010799256609296,-0.20302560891202842,-7.352297726904158,53.57387121588829,55828.6,59525.5,57677.05,59525.5,0.0,0.0,59009.75,61576.7,58380.0,59957.899999999994,1,0.3050673890454014,0.3086337694899067,0.30355250679703616,0.30704362658527945,0.30583583801814773,0.3061182105225555,0.30768255840671477,0.309742110839133,0.30377666004128734,0.3092871751217857,0.3088904070800029,0.3117091692815984,0.29516026508006854,0.321698315006189,0.2951144598305492,0.32270837351240383,0.2982821573125177,0.29930314651917594,0.3054031410822442,0.3023996490082355,0.3054031410822442,0.30457414737024074,0.3086337694899067,0.30355250679703616,0.30609290445416765,0.5130212772691306,0.47923784252862206,0.47557877001096727,0.6498920074339071,0.5625365080825727,0.5357387121588829,0.6498920074339071,-0.6557376730337213,-0.6106896547444949,0.01998855572482592,-0.04689327876994722,-0.006767416982992987,-0.20702933611755928,0.8158793931412245,0.8099863842797419,0.8039828455229232,0.32786094991412906,0.30674972518753574,0.7988785044690346,0.0,0.0,1
2024-08-14,60558.8,61950.3,58399.1,58647.7,43.11957433114161,43.87691728649556,44.695440457279815,-1213.4105921948067,-1094.7066554315215,63637.23153279384,53501.228467206165,70161.54839765446,53125.821602345524,71276.28961346889,54880.31705319778,3501.288651997883,3311.4610016728284,3122.5152370552364,2966.8629948223534,59413.50068060094,59732.70784452466,60745.079196458624,62152.75401833751,58569.23,61643.685,61680.17,58.21461465771938,60.283077084994964,8.24455253984799,-38.080317325104396,25.176745685412865,20.437973340516304,-41.78538534228062,0.8878131687412673,-10.825847377736162,52.05114847607425,58330.2,59525.5,58927.85,59525.5,1.0,0.0,59937.45,61950.3,58399.1,59888.975000000006,0,0.3063938801995829,0.3085606877763055,0.30293501689162433,0.30333930909417883,0.30457453772527143,0.3050849439037616,0.3066866856626768,0.3088720676519123,0.30321187167212177,0.30808725152028327,0.3081437046902863,0.31112608911398776,0.2946170561824645,0.32047117920746004,0.29395002407781246,0.32198403887561367,0.29702995426124634,0.30282267658909173,0.3047539193283131,0.30379296000940015,0.3047539193283131,0.3054109566520398,0.3085606877763055,0.30293501689162433,0.30533386545579166,0.4311957433114161,0.43876917286495565,0.44695440457279817,0.5821461465771938,0.6028307708499496,0.5205114847607425,0.5821461465771938,-0.6690053147903516,-0.6229456915620913,0.016487610831388538,-0.054346852368661276,0.029585135993455577,-0.2998091799958136,0.8161171934348503,0.8105446697145273,0.8046714325120938,0.3264871447385181,0.3065163804706483,0.799559744244769,1.0,0.0,0
2024-08-15,58647.7,59833.7,56052.1,57515.9,38.83942138337515,41.63461903038479,43.082959790745754,-1317.6523008574513,-1139.2957845167075,63073.664742726774,54770.335257273226,69317.24553198015,52933.59446801984,71228.84360866803,54427.02305799864,3541.3331302838997,3345.042358696198,3153.9002257668917,2994.020894994942,58780.96712040063,59329.6518727929,60437.53832060542,61970.91660585369,58922.0,61125.42,61613.718,51.62432557330023,58.27604699147011,-41.283062949204165,-68.31024922209289,25.487857823906783,20.724878582772465,-48.37567442669977,6.5342056227101555,-15.269765413693328,42.28747655400473,58630.399999999994,59525.5,59077.95,59525.5,0.0,1.0,59603.25,59833.7,56052.1,58012.35,0,0.302472166361107,0.3043779126675067,0.2981701583684874,0.3006190068399404,0.30268812929412264,0.3035724068911209,0.30533442520886633,0.3077230436361497,0.3029161700255533,0.30641303431076955,0.30717169358202867,0.309406249155574,0.2959754644960142,0.3184362680960845,0.29274410068968115,0.321045498472614,0.2953793590597875,0.3024440970147928,0.3038861577366755,0.3031677267771181,0.3038861577366755,0.3040104416299814,0.3043779126675067,0.2981701583684874,0.30143610346919864,0.38839421383375144,0.4163461903038479,0.43082959790745756,0.5162432557330023,0.5827604699147011,0.4228747655400473,0.5162432557330023,-0.7056343658721899,-0.6408003464618617,-0.08237901380622842,-0.09727747372176282,0.21442674069662512,-0.41055538118047163,0.817254086538377,0.8115533540969387,0.8056712150312626,0.3276686432664351,0.3078458082310635,0.8004706487151237,0.0,1.0,0
2024-08-16,57515.9,59800.1,57071.7,58850.0,46.18541137735596,45.19026376823921,45.515780061506334,-1277.883242962278,-1167.0132762058215,62878.44848158093,55537.59151841908,68297.62940367706,53048.01059632293,71161.48924061602,54147.8040927173,3425.1998259576285,3300.996475932184,3133.6383102541827,2985.1668651617774,58803.97808026709,59242.442441376006,60286.34419483348,61848.52771934962,59208.020000000004,60672.81999999999,61557.528,71.84828982572856,60.56241001891606,-3.069510795699647,-48.99900114729454,25.776747666793995,20.997438562915814,-28.15171017427145,5.108430464120245,-13.330976996259313,44.05078884898952,58724.05,59525.5,59124.775,59525.5,0.0,0.0,58081.8,59800.1,57071.7,58309.425,1,0.3009005352507345,0.3046064795383506,0.3001636247938353,0.3030816599236719,0.303007205439461,0.3037143134277214,0.30537795190894845,0.30781697998635965,0.30365898113068845,0.3059869151614788,0.3073671294203898,0.3093930523356365,0.29757600642734927,0.31729993652450406,0.2932288323463662,0.3212389324709951,0.29517257283390247,0.30287776551774054,0.30416815655136276,0.30352504240638584,0.30416815655136276,0.30183154329651823,0.3046064795383506,0.3001636247938353,0.30220359684819675,0.4618541137735596,0.45190263768239214,0.45515780061506333,0.7184828982572856,0.6056241001891606,0.4405078884898952,0.7184828982572856,-0.6920723180690125,-0.6515623524497357,-0.006138944470926956,-0.06988447035304278,0.16865408101465879,-0.3634758425629328,0.8139207003498864,0.8102282557226985,0.8050269074881449,0.32875338865395765,0.30909260176215664,0.8001745859043385,0.0,0.0,1
2024-08-17,58850.0,59698.8,58765.0,59475.1,49.50106296412585,46.824885502569494,46.637929772031704,-1182.2968501046707,-1170.0699909855914,62097.963972883226,57191.19602711678,67031.66657420553,53437.39342579448,71072.01570413359,53937.83096253308,3069.2855651065393,3131.9110133655995,3028.8841050039837,2916.787969656385,59027.68538684473,59284.743815671274,60209.08284294458,61755.45212251238,59644.58,60234.530000000006,61538.907999999996,76.36850097620942,66.61370545841274,32.33748658877166,-26.22780032709165,26.045002520903548,21.256370544051997,-23.631499023790585,7.921683194367575,-12.845375720425722,44.79220635317624,59001.2,59525.5,59263.35,59525.5,0.0,0.0,58182.95,59698.8,58182.95,59197.225,1,0.3052882808079032,0.306653125577531,0.3051505716236766,0.30629522660052455,0.3055755392306603,0.3059896625782591,0.30746476821184127,0.3098849053240569,0.30656649620875626,0.30750507186073506,0.30954951031642597,0.31041311966747925,0.30256596774891664,0.3177275606708293,0.29611734413006424,0.3233430779618306,0.2970014464170882,0.30553277342903673,0.3063759737234325,0.3059552623070224,0.3063759737234325,0.30420245771862936,0.306653125577531,0.30420245771862936,0.3058488614736144,0.4950106296412585,0.4682488550256949,0.46637929772031705,0.7636850097620942,0.6661370545841274,0.4479220635317624,0.7636850097620942,-0.6573869391447551,-0.6527334871482525,0.06458494851483096,-0.03745076245677521,0.25808541618169106,-0.3513742706404583,0.8029525854205355,0.804971788753752,0.8016279648598295,0.3297502238534832,0.3102628284218084,0.797858106354217,0.0,0.0,1
2024-08-18,59475.1,60288.5,58400.0,58406.4,44.08356594532259,44.38756909416298,44.975099926606916,-1179.1861793460994,-1171.893228657693,61454.781061415735,57181.61893858426,65953.87676253193,53680.053237468084,70778.43910382915,53683.04089617085,2900.601912948462,3043.095940982342,2974.580100003794,2882.5117040011723,58820.59025789649,59125.04494009468,60037.39876266415,61624.11674515896,59318.2,59816.965000000004,61488.238,68.6405379998554,72.28577626726445,19.74670607798113,-26.419241148810574,25.974652806362958,21.352393584465425,-31.359462000144603,-5.292345411560195,-12.509867775552477,45.309897233049675,59001.2,59525.5,59263.35,59525.5,0.0,0.0,59162.55,60288.5,58400.0,59142.5,0,0.3074223711413985,0.3087183486841886,0.3056832478411704,0.3056936907320627,0.3063672171039294,0.306859422545704,0.3083200621700567,0.3108105951657734,0.3071704408348679,0.30796910680578493,0.3105997299271196,0.31054774104018457,0.3036750801940589,0.3173070473732199,0.2976685336078451,0.3240810785477878,0.29767381551082095,0.30665949726768116,0.3075031626308565,0.30708221966068644,0.3075031626308565,0.3069198889212589,0.3087183486841886,0.3056832478411704,0.3068875684758464,0.4408356594532259,0.44387569094162976,0.44975099926606915,0.686405379998554,0.7228577626726446,0.45309897233049673,0.686405379998554,-0.656207752753554,-0.6534305518903957,0.039472891943563085,-0.037723862959298186,-0.174603975816286,-0.34294370880501307,0.7973018247242138,0.8020959236547422,0.7998194290569254,0.32948976401202346,0.31069334108270724,0.7966764172003766,0.0,0.0,0
2024-08-19,58406.4,59600.0,57753.1,59403.9,50.037845227352506,47.15260364322222,46.83289560814912,-1083.7383754258844,-1154.2622580113314,61072.419295527914,57281.78070447208,64879.19688864384,54078.12311135618,70382.40909100548,53565.78424232786,2750.0730682415387,2957.6533737693176,2920.881047622661,2847.9913138678,59015.02683859767,59175.74586007746,59977.06554717232,61537.04942181939,59177.1,59478.66000000001,61421.325999999994,62.16546941920281,69.05816946508921,-0.4543633631257484,-22.281537654110586,26.1191048199085,21.54623258478386,-37.83453058079719,-2.320155093570819,-10.225328698806104,47.069755551047884,59001.2,59525.5,59263.35,59525.5,0.0,1.0,58940.75,59600.0,57753.1,58790.85,1,0.306842159813606,0.3087720127705299,0.30576989577536756,0.308457497379626,0.30783086124771736,0.30809032257789737,0.30937400448604135,0.31182673757755297,0.30809250581483577,0.3085775180627989,0.3116468393529086,0.3111024781599837,0.30498911499257175,0.3168873753924694,0.2995140245198099,0.3246996697189961,0.29860994324916296,0.3078085080156235,0.3086526422787234,0.3082314658478466,0.3086526422787234,0.3077107224840603,0.3087720127705299,0.30576989577536756,0.30746782690025753,0.5003784522735251,0.47152603643222224,0.4683289560814912,0.6216546941920281,0.690581694650892,0.4706975555104788,0.6216546941920281,-0.6184506867481229,-0.6466433701749424,-0.0009087264761141695,-0.031820022144357606,-0.07718467764803776,-0.28411453691698924,0.7919746321183094,0.7992489502506769,0.797998288224951,0.3300238454411947,0.31155679825801236,0.7954720285657809,0.0,1.0,1
2024-08-20,59403.9,61455.8,58400.0,58978.0,47.51736327113141,46.0987097874,46.13458389116413,-1030.581966366728,-1129.5261996824108,60496.36059023854,57474.69940976147,64056.78811158115,54336.74188841885,69819.26112281784,53517.46554384882,2793.748344207034,2964.6638470715093,2927.3057596406297,2854.9182700722067,59002.68455906512,59139.7920673361,59881.916447441625,61436.694542532365,58985.530000000006,59196.765,61343.683999999994,54.225934301067454,61.67731390670855,31.543424057980136,14.965571685975693,25.26584954083894,21.262957563360448,-45.77406569893255,-3.1459740498606545,-8.725251834300847,41.103885603369136,59001.2,59525.5,59263.35,59525.5,0.0,0.0,58905.15,61455.8,58400.0,59559.425,0,0.3082256968515839,0.3114683093201783,0.3066000928734716,0.30753926649901847,0.3075791799203113,0.30780058485135237,0.308990553494782,0.3114385968609292,0.3075514437368829,0.30789244231695545,0.3112938223211432,0.30996518780289073,0.30507799395308566,0.3154330719356424,0.29973648705774314,0.3236942939164411,0.2982936174144325,0.30757677992934507,0.3084208200599029,0.30799969049665815,0.3084208200599029,0.3074213795371832,0.3114683093201783,0.3066000928734716,0.308475189330563,0.4751736327113141,0.460987097874,0.46134583891164127,0.5422593430106746,0.6167731390670855,0.41103885603369134,0.5422593430106745,-0.5960865193657496,-0.6369456810945211,0.06300328696555921,0.021376131367251038,-0.10448308767764887,-0.24425387186522818,0.7935497343684756,0.7994856180830395,0.7982179295735948,0.32682695988605237,0.31029242015032965,0.7957148706128507,0.0,0.0,0
2024-08-21,58978.0,61835.0,58728.4,61120.6,59.492929975640784,51.920652207155946,50.06741358794434,-806.2710251794633,-1064.8751647818215,61186.96055668954,57267.53944331046,63063.89597367279,54907.58402632722,69315.45785369884,53596.40214630117,2838.441437891743,2974.8021437092584,2935.8435806101234,2863.3076610697995,59708.65637271009,59499.93896418408,59999.886309590045,61424.29867811933,59227.25,58985.740000000005,61324.244000000006,79.81488162625496,65.4020951155084,105.56473612143414,70.18314898112112,24.28423014779119,20.902285260007787,-20.18511837374504,4.117649062916283,-6.4591811279577485,50.19668401774187,59001.2,59525.5,59263.35,59525.5,0.0,0.0,59190.95,61835.0,58728.4,60165.5,1,0.3072594068511513,0.31177575630362914,0.30685497641645504,0.310665412752518,0.3084339837480336,0.3080998624037038,0.308898335951693,0.31113893837972156,0.30766164454105294,0.30727192197408054,0.31098318111130535,0.3107690734543211,0.30445454914131687,0.31365736766487584,0.30045075633812945,0.3227168414775684,0.29815498015989506,0.30729691519336066,0.30814084134600633,0.3077197685312305,0.30814084134600633,0.3076031644491694,0.31177575630362914,0.30685497641645504,0.30916144049177563,0.5949292997564078,0.5192065220715595,0.5006741358794433,0.7981488162625496,0.6540209511550841,0.5019668401774188,0.7981488162625496,-0.49110386450167753,-0.6106246429009556,0.20804733776023412,0.09992703019611925,0.13639950252511382,-0.1824810753845482,0.7951362635013152,0.7998268909774162,0.7985090671561121,0.3230180887075791,0.30865909811504416,0.796008194586893,0.0,0.0,1
2024-08-22,61120.6,61386.2,59623.9,60355.3,54.32716250486143,49.849532821371476,48.732976896515865,-682.3901336489289,-988.3781585552431,61405.56364451408,57256.77635548592,62901.81557088969,54959.29442911033,68960.39013125244,53580.349868747566,2684.706946764351,2888.1948477300252,2879.9605529620217,2826.6074057008063,59924.2042484734,59655.459152514246,60033.73523248623,61382.37716133034,59331.17,58930.55500000001,61327.653999999995,72.9578515479299,68.9995558250841,82.94663361795682,74.92710257418803,23.372726425675427,20.55964657182276,-27.0421484520701,1.7519695327238378,-1.7958313672529604,48.67198116581165,59001.2,59525.5,59263.35,59525.5,0.0,0.0,60049.3,61386.2,59623.9,60621.5,0,0.3118980662717899,0.3123125487149011,0.3095297165578188,0.3106940788990388,0.3100094316704519,0.3095802384548457,0.31018382862172716,0.3123065951479682,0.3090598753446989,0.3084132763205848,0.31222133216753967,0.31234269959334504,0.3056656130843531,0.314645425359107,0.30176676370826067,0.32346261709032065,0.29935153108746354,0.3085276025332343,0.30937202752135323,0.3089507063415963,0.30937202752135323,0.3102085864263982,0.3123125487149011,0.3095297165578188,0.311114516964259,0.5432716250486143,0.4984953282137148,0.48732976896515867,0.7295785154792991,0.689995558250841,0.4867198116581165,0.7295785154792989,-0.4259403714908647,-0.5776434106710909,0.16438800919845503,0.10663179166097934,0.058332686094242005,-0.051264488181994035,0.7895699267171252,0.796873314288908,0.7965879042856817,0.3193464737689457,0.3070823353133834,0.7947186193369903,0.0,0.0,0
2024-08-23,60355.3,65041.9,60316.1,64005.0,69.20458739092697,58.37681185077745,54.76952566193684,-286.4117698156115,-847.9848808073168,63134.561717763434,56217.01828223655,63590.80932966381,54602.60067033619,68833.61479690275,53616.485203097254,2976.2916686551584,3019.4523586064524,2967.85766948764,2889.9138255107796,61284.46949898227,60446.28476114802,60411.95092463039,61485.22511578797,59675.78999999999,59096.705,61467.06199999999,88.4658168146121,80.41284999626565,248.4428596974459,190.5286059288917,22.521635214961556,19.65276897619152,-11.534183185387896,5.6906675825808914,5.476088461158169,52.61027465980104,60547.0,59525.5,60036.25,59525.5,1.0,0.0,60737.95,65041.9,60316.1,62429.575000000004,1,0.30857927704841315,0.3157277780720621,0.30851727685753494,0.31418962542021067,0.31003774339142015,0.3087230339793611,0.30866881041267946,0.31035008337755976,0.3074990582245016,0.30656918528390414,0.31032186490862307,0.31287988313290377,0.30181215285635066,0.31356853447560373,0.29904280731304717,0.3211592163987122,0.29731272053653834,0.3088819245487012,0.3072585577788903,0.30807353527721165,0.3072585577788903,0.30918248013503036,0.3157277780720621,0.30851727685753494,0.3118063758857827,0.6920458739092697,0.5837681185077745,0.5476952566193684,0.884658168146121,0.8041284999626565,0.5261027465980104,0.8846581681461211,-0.18865404974999633,-0.5119163801471301,0.4596644163750951,0.2656556214279388,0.18744607293502544,0.1551953573107553,0.7998769330235835,0.8013161886769901,0.7995932534742186,0.31579206450593583,0.3027849401274399,0.7969327933723858,1.0,0.0,1
2024-08-24,64005.0,64485.0,63520.0,64130.3,69.60120035030846,58.6368444167009,54.96069818207665,37.087082416364865,-670.9704881625805,64498.979449944185,55949.12055005582,64368.38616222538,54424.893837774616,68670.63596000284,53670.31070666383,2688.9642874187075,2872.7057615631343,2872.483494750133,2825.750031327087,62233.07966598819,61116.10571366656,60766.07940799893,61588.95354261982,60224.05,59396.64,61617.612,89.85961867894727,83.76109568049642,226.36841009877813,197.68438633662421,21.73133623358439,18.791235260341843,-10.140381321052729,9.348363192418468,10.319172360643789,52.306086921730405,61056.8,57936.5,59496.65,59525.5,0.0,0.0,62180.15,64485.0,62180.15,64035.075,1,0.3163389477258628,0.31705461297260756,0.31561058777661155,0.31652626072920415,0.3136518105656092,0.3119200339260334,0.31137111669832446,0.3126568096240734,0.3105151063642119,0.30919410761463867,0.3127012902822582,0.31707537934124236,0.3034940565315629,0.3168812157522302,0.30086650618179756,0.32308730756716914,0.2995397087095259,0.3118272414462847,0.3068194881323926,0.3093547085060059,0.30940098933679966,0.31357042083140463,0.31705461297260756,0.31357042083140463,0.31638393934256454,0.6960120035030846,0.5863684441670091,0.5496069818207665,0.8985961867894727,0.8376109568049642,0.523060869217304,0.8985961867894727,0.02471968467072126,-0.4196883292762326,0.42414607460168235,0.2751306690305946,0.30190297963769264,0.286577469114244,0.7897283196455233,0.7963357681983483,0.7963280333977979,0.3123744423359797,0.29852391760769276,0.7946882931897724,0.0,0.0,1
2024-08-25,64130.3,64992.6,63750.0,64180.9,69.78453996727904,58.748920217234264,55.04127258161655,294.1544215449321,-477.945506221078,65343.32071069237,56437.77928930763,64639.87116692242,55172.67883307758,68216.19041898572,53878.069581014286,2482.340817787463,2756.269635737196,2794.869995000127,2772.978363616184,62882.3531106588,61673.341038454455,61091.30041676093,61690.59850173277,60890.55,59906.275,61737.148,90.42247880931723,89.58263810095887,171.61464672423585,193.19773568232029,21.20061240914385,18.07883134925294,-9.57752119068277,11.588099986264668,18.879495889842605,55.75948063382484,61397.5,57873.05,59635.275,59525.5,0.0,0.0,64067.65,64992.6,63750.0,64263.45,1,0.3183326005789285,0.3196132408189571,0.3177625463194656,0.31840820356295607,0.3164496843942109,0.31459106558663846,0.31368382234687586,0.3146178400452039,0.3133689881360828,0.31181085414562393,0.3146900245279675,0.3201294560731668,0.306118127840691,0.3190913681516643,0.3039583662369912,0.3242605348961606,0.301698852179952,0.31416213022800843,0.30851321846371055,0.3113775567986951,0.31120150370704036,0.3182389140609921,0.3196132408189571,0.3177625463194656,0.31853142144708624,0.6978453996727905,0.5874892021723427,0.5504127258161655,0.9042247880931723,0.8958263810095888,0.5575948063382484,0.9042247880931723,0.19362722145871303,-0.30826794042250316,0.33035731857464995,0.2691959630614488,0.36814018049216163,0.49254438576026854,0.7817360036575101,0.7921996206654124,0.7935898605491621,0.3100119874495218,0.29485794141051264,0.7928037801138585,0.0,0.0,1
2024-08-26,64180.9,64447.6,62777.0,62812.0,58.62490405324217,54.45052680483958,52.3794630498245,383.0082693346121,-305.75475110994,65646.85545308249,56926.64454691751,64781.96335008972,55712.80664991027,67617.66733370477,54137.2593329619,2366.3778438178256,2678.72180461311,2741.3333285715494,2736.2324181623117,62858.90207377254,61880.369940553646,61255.176567545604,61734.57503107659,61286.75,60247.384999999995,61876.587999999996,75.19522125075083,85.15910624633845,103.00018602475456,133.9297323819107,20.200153727775398,17.182417011897517,-24.804778749249156,6.732370433305013,12.184719359597636,49.831716880334646,61397.5,57274.2,59335.85,59525.5,0.0,0.0,64155.600000000006,64447.6,62777.0,63554.375,0,0.31968730799951767,0.3200850685256329,0.31756701995777603,0.3176204300137001,0.3176919579557948,0.3161889435914832,0.3152166895439935,0.31596305793511076,0.31526601748712296,0.313629270728231,0.31618309052726074,0.321854359640083,0.3082128056292623,0.32058151841777593,0.3061573303233503,0.3246956271285954,0.30342474139467834,0.31543885279694006,0.3087936476432717,0.31217143850628704,0.3124765045855859,0.3196494928944798,0.3200850685256329,0.31756701995777603,0.31874662749437976,0.5862490405324217,0.5445052680483958,0.523794630498245,0.7519522125075083,0.8515910624633846,0.4983171688033465,0.7519522125075084,0.24993065591168057,-0.20105955444969237,0.20313504516488276,0.18902725792856326,0.2207195169542428,0.3347203868640635,0.7769538226608813,0.7893468263868029,0.7916564416764422,0.30540084329618367,0.29004550288616626,0.7914702622557204,0.0,0.0,0
2024-08-27,62812.0,63203.2,57869.5,59366.7,39.89277433589658,45.439404083718486,46.443901358553646,173.41959430561838,-209.91988202682833,65654.47780826787,56897.342191732125,64366.22913385184,56554.26086614815,66758.65468116822,54404.6586521651,2790.2810089867075,2868.3631042836023,2864.7793605443326,2822.8146708902345,61694.83471584837,61423.33904227117,61075.32165635079,61641.71718672064,61275.909999999996,60460.244999999995,61929.992,36.87067565463078,67.49612523823295,-18.589632203880356,-15.02299925539406,20.17646645438834,17.2290854776614,-63.12932434536923,-0.18226114794258683,7.724983895698559,47.56430069498576,61397.5,57245.25,59321.375,59525.5,0.0,0.0,63496.45,63496.45,57869.5,60812.850000000006,0,0.3146371769205072,0.3152314328631317,0.3068082580953358,0.3092451913697927,0.31292043228597677,0.3124987360182837,0.31195556980863265,0.31283806814603415,0.3122689970384793,0.31098831761864526,0.31328425484948447,0.31887676962424366,0.3051935101888253,0.31697756982029984,0.3046173720743167,0.3204763789535253,0.3009299588513921,0.31245850911246986,0.30577438330314916,0.3091722827369361,0.30950021442086817,0.3156745925759491,0.3156745925759491,0.3068082580953358,0.31154395810276037,0.3989277433589658,0.4543940408371849,0.46443901358553646,0.3687067565463078,0.6749612523823295,0.4756430069498576,0.36870675654630775,0.11510069272096383,-0.1390400688533371,-0.03716214293723639,-0.021458133121151378,-0.006075296851584266,0.21719831763674408,0.7934255912447503,0.7961845369243153,0.7960595620269106,0.3052890492184481,0.2903018421642945,0.7945843970004323,0.0,0.0,0
2024-08-28,59366.7,60244.9,57800.0,59013.1,38.42274695497465,44.62318401369634,45.88358584957157,-20.971756150778674,-172.1302568516184,65568.79233380363,57104.367666196355,64240.465230506365,56414.314769493634,66079.45501241788,54567.5516542488,2740.9408648457497,2838.1157396919166,2844.785105280317,2810.217515193893,60800.923143898915,60985.11376185823,60878.91959384119,61538.634159790425,61336.579999999994,60327.39,61949.655999999995,32.93732897283587,48.334408626072495,-58.79317534714379,-66.76071909637255,20.17642522069196,17.28452222987401,-67.06267102716413,1.038756026736791,-4.308563941741714,46.21803082572399,61420.95,56978.0,59199.475,59525.5,0.0,0.0,61089.35,61089.35,57800.0,59106.175,0,0.3096721941936047,0.31107473372074496,0.3071201596832028,0.30910187114805515,0.3119526734709668,0.3122418122305314,0.31207521281034545,0.31310572010021676,0.3127912280102526,0.3112054702774355,0.3137424287783714,0.3191804016088357,0.30596580797666373,0.317218690441904,0.30480739648600075,0.3199244388146879,0.3016395043715023,0.3129226680313292,0.30575467221326735,0.309402881582476,0.3099272688469704,0.3124050705318099,0.3124050705318099,0.3071201596832028,0.30925230792785763,0.3842274695497465,0.4462318401369634,0.4588358584957157,0.3293732897283587,0.48334408626072495,0.46218030825723994,0.3293732897283587,-0.01398025985731071,-0.11425243827856946,-0.11704739341872519,-0.0950843378076839,0.03461137008710248,-0.12248374241746932,0.7916421293458538,0.7951247923409482,0.7953594268167301,0.30528885450354315,0.29060549221855425,0.7941372947917796,0.0,0.0,0
2024-08-29,59013.1,61148.7,58618.2,59315.8,40.608506504359816,45.525283568402266,46.46413399951815,-148.88666883143014,-167.48153924758077,65576.37338280707,57079.166617192925,64182.678556969775,56322.19144303022,65433.57273253171,54756.4872674683,2710.8778841534995,2816.1431868567793,2829.8191478860163,2800.8935980207634,60305.88209593262,60681.60216879309,60730.051061094404,61451.46419273982,61327.77,60252.435,61981.696,28.156131590173455,32.6547120725467,-40.33651007708664,-32.08265155766597,19.738786340293164,17.125424651378506,-71.84386840982656,-0.14830676100390472,-2.4650209077051817,44.60116026427088,61420.95,56978.0,59199.475,59525.5,0.0,0.0,59189.899999999994,61148.7,58618.2,59523.95,1,0.30941912640399455,0.3128156664592485,0.3087782249047142,0.30990762624014956,0.31148896356187405,0.3120825702266275,0.31215885962480244,0.3132879911818059,0.31309529255754254,0.31140423455910404,0.31410983797982517,0.3195101906888775,0.30624050567326055,0.31745088891935963,0.3049682949559143,0.31930113001916083,0.30228438698831356,0.3132404887369823,0.3060714140372841,0.3097201821740379,0.3102446480920057,0.3097047375248396,0.3128156664592485,0.3087782249047142,0.3102421611531915,0.40608506504359815,0.45525283568402264,0.4646413399951815,0.28156131590173455,0.326547120725467,0.4460116026427088,0.28156131590173444,-0.09893309262134747,-0.11119267465018631,-0.08049846421985145,-0.04580029441320736,-0.00494351842902149,-0.07031295019650334,0.7905396620079499,0.7943478596139717,0.7948321400304095,0.30320056832633585,0.28973156295078556,0.7938050752593055,0.0,0.0,1
2024-08-30,59315.8,59922.0,57665.7,59100.9,39.44869996521042,44.965252397113225,46.095512067416536,-264.55121103044075,-186.89547360415278,65562.03097403566,57118.089025964335,64112.17919375762,56213.41080624238,64987.76344444958,54834.62988888375,2645.938186417286,2776.154387795581,2802.5087122723967,2782.7404780867378,59904.22139728842,60394.201774467074,60574.89381718065,61359.28520478924,61340.06,60162.795,62017.472,19.457173070144567,26.8502112110513,-73.04219506781735,-64.73113410081878,19.668190514956233,17.13829006837451,-80.54282692985544,0.2083827868018608,-2.9441469314559563,40.72309977911949,61353.8,56978.0,59165.9,59525.5,0.0,0.0,59164.45,59922.0,57665.7,59001.1,0,0.3105286260273382,0.3115000824870493,0.307835455256367,0.310181962960829,0.3114717255822509,0.3122503171185745,0.31253591836760186,0.313766355035363,0.3137363776744471,0.31188336106394965,0.3147872656714147,0.3201128837945344,0.30692541275517565,0.3179686799493773,0.3054035983687465,0.31926908292748024,0.30303878654885824,0.31375780301462136,0.30669127059911744,0.31028694367420645,0.31086574623411745,0.3102846029981904,0.3115000824870493,0.307835455256367,0.31002056237129094,0.3944869996521042,0.44965252397113226,0.46095512067416533,0.19457173070144568,0.268502112110513,0.40723099779119487,0.19457173070144562,-0.17456127840800717,-0.1239561964401192,-0.14505400629981305,-0.09221036003347853,0.0069459811833765565,-0.08392063851065691,0.7881158849637577,0.7929182080934503,0.7938627023200203,0.30285958282533765,0.28980251771995463,0.7931550798031102,0.0,0.0,0
2024-08-31,59100.9,59437.7,58705.9,58944.4,38.51412679828224,44.53558802680958,45.81756470875172,-364.64108071877854,-222.44459502707792,65584.72805721905,56660.151942780954,64107.78095446234,56241.90904553768,64365.2122995555,55030.73436711119,2372.4898740719586,2630.1290743816107,2703.9035354975204,2714.375795483846,59584.280931525616,60130.601451836694,60419.60869173487,61264.583824209265,61122.44,60174.84500000001,62039.142,17.335484395759384,21.6495963520258,-66.53480384238726,-56.400100290493015,19.60263724857194,17.15051221452071,-82.66451560424062,-3.5605016966456433,0.4105384015235915,39.41174446442512,61353.8,59479.600000000006,60416.700000000004,59525.5,0.0,0.0,59208.350000000006,59437.7,58705.9,59047.225,0,0.31255884977058507,0.31310221997951315,0.31191779879528125,0.31230535507791296,0.31333778468264817,0.3142108997962087,0.3146697188607916,0.31599922559950333,0.31577680566370575,0.31428127611494794,0.3172026010621406,0.32253346283693485,0.3085303291071055,0.3203472696049522,0.30782342170095933,0.32073177790626034,0.30574766559375444,0.3161385745821076,0.3131696125521759,0.3146651115818993,0.3132433866924037,0.31273252321871975,0.31310221997951315,0.31191779879528125,0.3124719807626346,0.3851412679828224,0.44535588026809575,0.4581756470875172,0.17335484395759385,0.216495963520258,0.3941174446442512,0.1733548439575938,-0.2384160753722241,-0.14721877264215347,-0.13228968713478353,-0.08039767247180722,-0.11812926372221562,0.011729130701919211,0.7772116671739153,0.7875168338894941,0.7902821529091096,0.3025419089376784,0.2898698781498364,0.790668563733248,0.0,0.0,0
2024-09-01,58944.4,59053.1,56913.4,57266.1,29.70845145746314,40.109321535469746,42.9044926352315,-572.7850973609966,-292.51269549386166,65837.80404913575,55789.235950864255,64191.88758648973,55952.80241351026,64257.14854775737,54859.271452242625,2339.2341777759643,2595.0984262114953,2677.0367004738287,2695.2199356343845,58811.55395435041,59609.7830060482,60119.274530617266,61107.780536985374,60813.520000000004,60072.344999999994,62000.828,4.339053945992459,13.710570470632135,-109.89290225326721,-109.38760544372762,20.160666425617364,17.46679283720912,-95.66094605400754,-5.11835745990825,-3.4560599904579026,38.3625827533175,60953.0,59779.8,60366.4,59525.5,0.0,1.0,59022.65,59053.1,56913.4,58044.25,0,0.31298250347597917,0.3131586957817002,0.30963203836050857,0.31022198767942144,0.3127667503498743,0.3140561916808198,0.314870604064497,0.31643204087954435,0.3159697723408355,0.3147958648333914,0.3178220306928986,0.32358359212609483,0.30772811977875325,0.32115264260880677,0.30800740451929304,0.3212501638609627,0.30612523655516505,0.3161891548364264,0.31432869860178925,0.3152632532784617,0.3139208252409055,0.3131093705362235,0.3131586957817002,0.30963203836050857,0.3115113923002804,0.2970845145746314,0.40109321535469744,0.429044926352315,0.04339053945992459,0.13710570470632136,0.383625827533175,0.04339053945992461,-0.36431884662473024,-0.19257354839813284,-0.21631389803408885,-0.15500830551423128,-0.16897555074059853,-0.09842488195317531,0.7758006279317116,0.7861764991670532,0.7892839230591056,0.30521441010885475,0.29159741374016324,0.7899606047204253,0.0,1.0,0
2024-09-02,57266.1,59423.1,57072.2,59116.7,45.684124123988525,46.43150974114071,46.81925922115553,-581.7072175523426,-350.35159990555786,64946.92674638157,55702.453253618434,64133.65969531313,55866.82030468685,64188.63276878465,54823.433897882016,2340.9007238079694,2577.655681482103,2661.5063814036466,2683.742604446571,58913.26930290028,59520.131550403064,60023.79124198705,61029.69894729968,60324.69,60000.23999999999,61968.046,27.105862090176487,16.26013347730944,-78.01748916217842,-67.49055503443051,20.468084073884928,17.66988258789196,-72.89413790982351,-7.63737208030623,-2.3813219548604097,44.32542473490436,60953.0,59873.45,60413.225,59525.5,0.0,0.0,58105.25,59423.1,57072.2,58219.524999999994,1,0.3106295941494891,0.31416438552083115,0.31030563291529356,0.31366982117941583,0.31334010468372175,0.31432049687251296,0.31512692829329153,0.3167183239161051,0.3156056253770447,0.31508936396209813,0.3181803456269132,0.32268492542569815,0.3079867175072351,0.32147512455562255,0.3082678389630539,0.3215573643162486,0.30646974342234024,0.3165978702911944,0.31488689054534263,0.3157460396882475,0.31432912691047055,0.31201964153638023,0.31416438552083115,0.31030563291529356,0.3122074513993799,0.45684124123988523,0.4643150974114071,0.4681925922115553,0.27105862090176486,0.1626013347730944,0.4432542473490436,0.27105862090176486,-0.36946623357285996,-0.2294110720725273,-0.1547808669831232,-0.09611743139901276,-0.24921820359618096,-0.06793297875928789,0.7758718153766448,0.7855023488430909,0.788702320678613,0.3066567370548992,0.29269116687224994,0.7895340138081983,0.0,0.0,1
2024-09-03,59116.7,59805.0,57356.7,57450.2,36.87835764793429,42.11959813091705,43.968702757219305,-715.0085115193287,-423.2829822283121,63790.94332185075,55522.41667814927,64183.65219568952,55697.07780431049,64198.86080161898,54767.77919838102,2356.2434775496886,2568.4159899476667,2651.3536965749017,2675.894517631685,58425.57953526686,59143.78035942069,59778.68731417876,60889.326439562436,59656.68000000001,59940.365000000005,61823.128,6.60392446330806,12.682946833159,-83.70969155323904,-76.25548503354992,20.530447006850917,17.760442324325105,-93.39607553669194,-10.416449010841998,-2.04185330371012,43.11604969882978,60680.5,60547.0,60613.75,59525.5,1.0,0.0,58191.399999999994,59805.0,57356.7,58432.149999999994,0,0.31394998039079985,0.31505770987287524,0.3110603933116436,0.3112160208731992,0.31282522675748664,0.3139937953939327,0.315015587831996,0.3167782756915006,0.3148200431034753,0.3152741257520001,0.31823663453577955,0.3212419420610807,0.30795726134980644,0.32183103777660466,0.30825692564377893,0.3218537822868221,0.3066521156582557,0.31644921176142443,0.3162382767016424,0.3163437998485224,0.3146093695827731,0.3124412271061486,0.31505770987287524,0.3110603933116436,0.3128359795446939,0.36878357647934285,0.42119598130917046,0.439687027572193,0.0660392446330806,0.12682946833159,0.4311604969882978,0.06603924463308061,-0.443574645757445,-0.274929518117583,-0.1658725106255914,-0.10850752170569469,-0.3339033240605481,-0.05827257252521378,0.7765248197367598,0.7851433910800558,0.7883202712162007,0.3069468073206768,0.293175052135583,0.7892412639543311,1.0,0.0,0
2024-09-04,57450.2,58499.8,55501.0,57937.8,40.775181444309446,43.765128176379065,44.99751261780279,-772.4017360060607,-493.1067329838619,61952.55390660598,56112.18609339401,64160.287626564656,55762.63237343534,63911.40205400617,55318.5446126605,2448.037266471162,2599.157704951405,2667.8987586427634,2686.658033710629,58262.98635684457,58924.51120316238,59603.3647128284,60773.580304677635,59032.369999999995,59961.46,61681.344000000005,25.540567451707936,19.750118001730826,-99.49326246043894,-111.49261067011066,21.24051402727156,18.16588537874061,-74.45943254829207,-9.72734879068383,0.733536291703688,47.25402621111147,59352.1,60271.45,59811.774999999994,59525.5,0.0,0.0,58283.45,58499.8,55501.0,57347.2,1,0.31083248774077277,0.3125627836488416,0.3075375216386577,0.31164003549813607,0.3121749966878705,0.31325451182974234,0.3143503209851395,0.316211548728806,0.31342942247891503,0.3149235586938542,0.3176318592216295,0.318052316803495,0.30858241424228705,0.32141075584680806,0.30798614930896023,0.3210377394723867,0.3072234652736852,0.3139461264722775,0.3154171498780943,0.31468434303812376,0.31422523928377116,0.31220856572478317,0.3125627836488416,0.3075375216386577,0.31066106490400613,0.40775181444309444,0.43765128176379064,0.44997512617802793,0.25540567451707935,0.19750118001730826,0.4725402621111147,0.2554056745170793,-0.47378098869038116,-0.3173861982425802,-0.1964011325736464,-0.15794182505474186,-0.3133401776384511,0.020955111708034206,0.7803450273851973,0.7863327377920628,0.788942121636689,0.3101915581852317,0.29531318954560515,0.789642547394824,0.0,0.0,1
2024-09-05,57937.8,58300.0,55509.8,56150.5,32.25870490763597,39.349139419438465,42.027482367124996,-951.1422767178228,-584.7138417306542,60454.34821981813,56278.09178018186,64322.58275172901,55330.38724827099,63899.03044293827,55341.62955706172,2496.9176569752817,2612.803583169162,2673.722627278822,2690.1094325869412,57558.82423789639,58420.14552986012,59274.52045446379,60592.28303782753,58366.219999999994,59826.485,61523.382000000005,6.807533880451529,12.984008598489174,-104.62087966328365,-129.49579978693345,21.899861974805017,18.551056280435343,-93.19246611954847,-10.605457555881042,-4.587085811384877,45.38320485171984,58324.85,60271.45,59298.149999999994,59525.5,0.0,0.0,57694.0,58300.0,55509.8,56974.525,0,0.3115173464701369,0.3121129836532359,0.307430192454969,0.3085250379088116,0.3108902999753558,0.3123097817041375,0.31369818625181095,0.31580252563860334,0.31222149973467833,0.31458501583765863,0.31726314614978,0.31558432060920494,0.30874164620724087,0.3215300162991742,0.30712144651224105,0.3208959625272384,0.30714082107880747,0.3121537196662144,0.3152942498381353,0.31373631290775605,0.31410240497235226,0.31111441074169943,0.3121129836532359,0.307430192454969,0.3099157582758178,0.3225870490763597,0.39349139419438467,0.42027482367124996,0.06807533880451529,0.12984008598489175,0.4538320485171984,0.0680753388045153,-0.5608653946105254,-0.3711957531363371,-0.20624062462258674,-0.182912157318872,-0.33948935596363256,-0.13031432782236796,0.782321272656146,0.7868561751027847,0.7891600963216961,0.3131130883240939,0.2973029314661611,0.7897708816041622,0.0,0.0,0
2024-09-06,56150.5,56997.6,52500.2,53934.0,24.772642316310083,34.67623729990571,38.70121930776938,-1257.1567484809639,-719.2024230807161,61084.415291859026,54561.48470814097,64728.9510890972,54369.908910902785,64042.01777254823,55120.27556078509,2782.700848835956,2747.4176129427933,2760.5644069322116,2750.35245150071,56350.549491930935,57604.48270624918,58765.89945880057,60331.1738990892,57822.95,59549.42999999999,61322.726,11.477378245973574,14.608493192711009,-156.85736183776385,-187.2994768297666,23.402085728932807,19.379477859100614,-88.52262175402642,-9.151089752335901,-9.316672019046624,40.12942003313267,56824.45,58771.05,57797.75,59525.5,0.0,1.0,57044.15,57044.15,52500.2,54895.575,0,0.3064126495765374,0.3078405853982079,0.3000149271821827,0.30257691341255055,0.3067517117957551,0.30885119952899626,0.31075723309581477,0.3132698891214579,0.30921251747491896,0.3120228866188852,0.3148295215100344,0.31445689232272367,0.3036778116930001,0.3200091869001142,0.30334298260449616,0.3189859788168115,0.3046480900000387,0.3075503639368019,0.31076560539652087,0.30917090633214234,0.3119844681908949,0.3079184656833177,0.3079184656833177,0.3000149271821827,0.3042590533926269,0.24772642316310084,0.3467623729990571,0.3870121930776938,0.11477378245973574,0.14608493192711008,0.4012942003313267,0.11477378245973582,-0.6848037743002297,-0.4458176740594394,-0.30381273788581425,-0.2613629054320284,-0.29591474877041923,-0.26007666237936256,0.7931536561958028,0.7918780611571401,0.792355261223863,0.31946686093398574,0.30145284072063455,0.7919847870312077,0.0,1.0,0
2024-09-07,53934.0,54827.5,53733.0,54139.5,26.614713465786707,35.44171440944403,39.16989793890941,-1466.1919414751028,-868.6003267595936,61149.72365308576,53521.456346914245,65013.896141725556,53658.27385827444,64127.376378895504,54532.870287771155,2541.5292990022476,2629.352069161165,2681.2280066021062,2695.1573697840195,55613.532994620626,56974.48585056751,58325.28998653385,60088.36315794845,57335.590000000004,59336.085,61072.878000000004,13.122378406070913,10.469096844165335,-152.35236801027145,-168.15089980746956,24.797007786337183,20.166478358832624,-86.87762159392908,-8.2585053149216,-7.305535009861935,39.94787401362193,56211.1,58771.05,57491.075,59525.5,0.0,0.0,55042.25,55042.25,53733.0,54158.5,1,0.30450674045451,0.30607223155061236,0.3041511682171259,0.3048689708716174,0.3074294549205,0.3097366806406003,0.31197524146711064,0.3148236031162358,0.3103400291227385,0.3136181571418591,0.3163795455892034,0.31649998114470446,0.3037755735051212,0.32237633049400405,0.30401865340936407,0.32105837593291925,0.30555871764941234,0.3084490726295804,0.3127030954237484,0.31059870320860494,0.3139230460765573,0.30644486755247896,0.30644486755247896,0.3041511682171259,0.30490239559115945,0.26614713465786705,0.3544171440944403,0.3916989793890941,0.13122378406070914,0.10469096844165335,0.39947874013621926,0.13122378406070923,-0.7519648174341319,-0.5219868911597108,-0.2956121658084933,-0.23569935515410595,-0.2685342684141196,-0.20575017124100597,0.784091465155435,0.787487298281368,0.7894403073875487,0.3250258507927935,0.3052418720757858,0.7899582841910253,0.0,0.0,1
2024-09-08,54139.5,55300.0,53607.5,54850.0,33.21148475801094,38.14071423511367,40.81273003987361,-1556.57915032834,-1006.1960914733429,60716.88815109121,53061.13184890878,65112.907570929645,53103.87242907034,64155.01331144604,54107.573355220615,2420.2393991447834,2562.434064221082,2634.1457205734346,2661.7354574578853,55359.02199641375,56588.215695918865,57994.30998781634,59882.93715175439,56889.009999999995,59108.38999999999,60827.814000000006,19.66787752983915,14.755878060627877,-122.80444182129587,-136.70947095109574,25.769697781294838,20.770593178174394,-80.33212247016085,-7.528854032146583,-7.665994993594699,44.22383034987458,56152.6,58771.05,57461.825,59525.5,0.0,0.0,54036.75,55300.0,53607.5,54474.25,1,0.3060579738831155,0.3080804721663427,0.3051169608645431,0.30730106842200994,0.3081822495984829,0.31027866179283353,0.31262409703323746,0.3156902725498246,0.3107850476229269,0.31444415030766576,0.317189697921053,0.317014829986102,0.30414122691120243,0.3237209790689732,0.3042178995577364,0.3222975441517497,0.3060017504216087,0.30954072878160377,0.31389653200786516,0.3117423447972813,0.3151171423288354,0.3058769161197285,0.3080804721663427,0.3051169608645431,0.3066455798656047,0.3321148475801094,0.3814071423511367,0.40812730039873607,0.1966787752983915,0.14755878060627878,0.4422383034987458,0.19667877529839145,-0.7769858944248607,-0.5855041630279741,-0.24078653041444414,-0.19285352979326892,-0.245822556489816,-0.2155918426769851,0.7792034836454433,0.7849103069894752,0.7876693761371769,0.3287270568013728,0.3080560122379815,0.7887109240833527,0.0,0.0,1
2024-09-09,54850.0,58150.2,54560.3,57014.5,49.38323755531068,45.6019745893083,45.51925613440343,-1436.9898791982196,-1092.3548490183184,60219.83954901459,53140.9004509854,65083.85910326312,52936.570896736856,64037.280083799575,53966.69324953375,2587.333770695528,2635.82448820529,2679.6578291175565,2692.6742755426226,55910.84799760918,56665.72193302452,57900.99475088145,59770.449420313045,56680.369999999995,59010.21499999999,60605.10400000001,42.177894048397675,24.989383328102576,-38.83463303804642,-70.74021074864058,24.989118458310056,20.55849849646523,-57.82210595160233,-3.5302338881472215,-3.329207501102106,45.11486318279729,56152.6,58771.05,57461.825,59525.5,1.0,0.0,54494.75,58150.2,54494.75,56143.75,1,0.30619919796052925,0.3117759855216641,0.30569447392498195,0.30989173310518325,0.30802599475807074,0.30930587261981113,0.3113655561860311,0.3144041507498963,0.3093305469048868,0.313179590337326,0.31573153759552347,0.3151210237598793,0.3031840531801594,0.32256811654314826,0.30281742010319823,0.32101190887089015,0.304652247745836,0.3084376675055454,0.31279122973585644,0.3106381386300365,0.31401122937445264,0.3055799164645071,0.3117759855216641,0.3055799164645071,0.3084226269340281,0.4938323755531068,0.456019745893083,0.4551925613440343,0.42177894048397674,0.24989383328102577,0.45114863182797293,0.4217789404839767,-0.7433804161559764,-0.621985313497472,-0.0775134616874416,-0.10071482349222408,-0.11713429762030814,-0.0948343708065742,0.7858769615889111,0.7877330626764446,0.7893817502010816,0.32576779295829655,0.30707701005945154,0.789866144228946,1.0,0.0,1
2024-09-10,57014.5,58039.7,56350.0,57620.3,53.09193410467464,47.510237728474834,46.76332399765573,-1278.592702339025,-1129.6024196824599,59828.32121206212,53267.59878793788,64857.01529640382,52813.38470359617,64024.69938720292,53907.06727946374,2459.1003748818807,2568.244167619198,2632.5169801119587,2659.241799691202,56480.66533173945,56839.28158156551,57874.261917464166,59686.12983520273,56547.96,58835.2,60407.638,59.202173787362035,40.34931512186628,1.3796637781095344,-44.5209127150611,24.264294801252763,20.357008548841527,-40.797826212637965,-2.2463541914074936,-5.7268744089554025,50.98890178408447,56152.6,58771.05,57461.825,59525.5,0.0,0.0,55932.25,58039.7,55932.25,57256.125,1,0.31108510433387637,0.3127885220177421,0.30996530278590184,0.3120951728077293,0.3101864899653163,0.31079104506693345,0.3125155947753274,0.31546483929196567,0.31030021420601994,0.3140905749034846,0.31661547029790976,0.31569265006763475,0.3046003374096473,0.32343273702952846,0.30378486384717435,0.3221923117665555,0.30573725175760424,0.3096302181326752,0.31398620208290534,0.3118319264780619,0.3152068616512836,0.30925484504576006,0.3127885220177421,0.30925484504576006,0.3114891968664198,0.5309193410467464,0.47510237728474836,0.4676332399765573,0.5920217378736203,0.4034931512186628,0.5098890178408447,0.5920217378736203,-0.6923186732838511,-0.6369758784912946,0.0027593205531695566,-0.06351568398704038,-0.07473884366940742,-0.1621802024068887,0.7807957430891509,0.7851367036431262,0.7876075486638354,0.32293921262725,0.30613799550726484,0.7886172299783946,0.0,0.0,1
2024-09-11,57620.3,57977.4,55530.1,57310.4,50.867564371103825,46.60948330218301,46.19670175447872,-1164.6428606135669,-1136.6105078686815,59836.73575822973,53268.044241770265,64697.30513196797,52668.60486803203,63990.47083557938,53807.58249775395,2457.4146070416127,2559.6052985035412,2623.697123916151,2652.1770730348285,56757.243554492976,56924.93947582632,57820.560782467575,59592.96395931243,56552.39,58682.955,60235.403999999995,55.618893449731225,52.33298709516364,-10.782562807277182,-50.859486098754985,23.91827478647671,20.31794855393719,-44.381106550268775,0.07735815779318464,-5.044958769155321,50.743983498261045,56152.6,58771.05,57461.825,59525.5,0.0,0.0,57317.4,57977.4,55530.1,57109.55,0,0.31234947265371565,0.31294020048041227,0.3088199951001429,0.3118339812465683,0.3109071970500943,0.31118907101053656,0.3126811809805578,0.31556996368774465,0.3105617845702688,0.3140971956072981,0.3165967865276674,0.31596083065906877,0.30485452159060766,0.3234514374989509,0.30377678018521176,0.32239638918766145,0.3058147324701611,0.3098842254627656,0.3142407214995234,0.3120861954274639,0.3154615206112236,0.3118456545131043,0.31294020048041227,0.3088199951001429,0.3114984600842546,0.5086756437110382,0.4660948330218301,0.4619670175447872,0.5561889344973122,0.5233298709516364,0.5074398349826105,0.5561889344973122,-0.6506520193729528,-0.6397440460551981,-0.021561783249043027,-0.07252882816260998,0.002578599544562953,-0.1431516375236147,0.7807271952484929,0.7847998954252905,0.7872720787003507,0.32156014614455614,0.30595493729953016,0.7883513096363812,0.0,0.0,0
2024-09-12,57310.4,58580.9,57298.5,58104.8,56.33827528758232,49.264884793932346,47.89598734313336,-998.7226956079976,-1109.0329454165446,59464.45170007447,53437.94829992553,63885.790391960676,52890.09960803931,63878.13882711975,53756.31450621357,2289.55537746424,2468.3763486104313,2559.8258323010964,2606.517837267001,57206.42903632866,57139.459571130625,57847.63118413733,59534.604588359005,56451.2,58387.94499999999,60090.208000000006,75.51537362903882,63.44548028871069,51.02417960970511,-14.621029888385728,23.24830108510242,20.116387807551384,-24.484626370961173,-1.7116990630397066,-9.21834231700648,54.83603578656936,55540.55,58771.05,57155.8,59525.5,0.0,0.0,57465.350000000006,58580.9,57298.5,57823.649999999994,1,0.3134943731341684,0.3155926408905777,0.31347451032695844,0.3148114967412529,0.3133206971844683,0.3132086696254982,0.3143870041713834,0.3171392798072345,0.31205000655597875,0.31527679183121526,0.3180294058192597,0.3170263231785601,0.306813024523631,0.32390711066646444,0.3058306903382163,0.3238956025607478,0.3073794771683822,0.31049602849892005,0.3159029255147086,0.31323601572551185,0.3171246272630789,0.3137526474141564,0.3155926408905777,0.31347451032695844,0.3143473279171345,0.5633827528758232,0.49264884793932345,0.4789598734313336,0.7551537362903882,0.6344548028871069,0.5483603578656936,0.7551537362903883,-0.5822203423615204,-0.6287554890630972,0.10169558925854658,-0.020884148569199273,-0.05699480076210197,-0.25745536273513586,0.7736549590054507,0.7811720907299824,0.7848085076195017,0.3188346556583,0.3050049412371025,0.7866154027605893,0.0,0.0,1
2024-09-13,58104.8,60624.2,57579.0,60466.3,68.50174486114264,56.2334280519962,52.571555278649186,-668.9650427334564,-1021.019364879927,60595.338105765986,52910.28189423401,63140.43529679774,53269.05470320225,63972.63746060073,53783.0558727326,2397.5046092550624,2509.5780379954003,2582.938887905806,2621.1405760247676,58293.05269088578,57744.33964910687,58097.028214219485,59571.14166332532,56752.81,58204.744999999995,59984.182,98.05637616937476,76.39688108271493,127.60210824506274,47.904984577604125,21.61042318670375,19.405809391355927,-1.943623830625236,5.249938207351769,-5.713367939959738,64.76817108337603,56562.2,58771.05,57666.625,59525.5,1.0,0.0,57707.600000000006,60624.2,57579.0,59193.575,1,0.3142761406472224,0.3183411900708789,0.3134065130058869,0.3180912152333377,0.3145856648728788,0.3136807864706719,0.31426334169660775,0.3166621354890297,0.312024603028646,0.31444058905690514,0.3173240742264639,0.3182955448399238,0.30533394737704644,0.3222426157060475,0.3059779409864663,0.3235001592905571,0.3068934003452808,0.31170305356951006,0.31536730803451996,0.31355196331413204,0.31658872056095755,0.31361990592478034,0.3183411900708789,0.3134065130058869,0.31605318948323147,0.6850174486114264,0.562334280519962,0.5257155527864918,0.9805637616937476,0.7639688108271493,0.6476817108337604,0.9805637616937476,-0.4185862384121413,-0.5919610138450659,0.24980443162335544,0.06832905377988978,0.17323315989311688,-0.16180442987340904,0.7782600742664292,0.7828268299634303,0.7857070214431571,0.3118411002908342,0.30158196343958016,0.7871746276930998,1.0,0.0,1
2024-09-14,60466.3,60584.2,59357.7,59968.0,64.10531308183003,54.531396564288116,51.54671443324869,-442.73480139033927,-905.3624521820095,61218.863184998845,52692.796815001144,62196.77550067852,53791.424499321474,64043.01797724179,53876.14868942488,2230.2182365043395,2417.929606710015,2518.3465599102915,2574.652556823942,58851.36846059053,58148.641531087436,58275.21600334143,59586.70473535178,56955.829999999994,57994.1,59825.918,91.92269817823735,88.4981493255503,139.2655867153452,80.18917362343697,20.089536566762124,18.730759895970245,-8.077301821762642,3.504102675627996,-6.564102404297854,65.20963568694471,56562.2,58771.05,57666.625,59525.5,0.0,0.0,59285.55,60584.2,59285.55,60094.05,0,0.3198069960168023,0.3199938426354552,0.3180328105959168,0.319013416927148,0.31721189448260756,0.3160612786452395,0.3162695063745035,0.3184018945657564,0.31407738976209004,0.3158064530091155,0.3187859823249275,0.3209936955421786,0.30664695206466536,0.3225149985460508,0.30861529112891173,0.3253255270065502,0.3087654888782308,0.3134139697175668,0.31708105251067664,0.3152643195426208,0.31830338499448907,0.3179162446067855,0.3199938426354552,0.3179162446067855,0.3192147565619871,0.6410531308183003,0.5453139656428811,0.5154671443324869,0.9192269817823735,0.884981493255503,0.6520963568694471,0.9192269817823735,-0.28687394985164805,-0.5395885493175205,0.27154510389007785,0.11405747027356732,0.11627512082057911,-0.1853774099410418,0.7710303009686268,0.7791080410025393,0.783175484525809,0.30487770201744335,0.29821788340404554,0.7853858201118183,0.0,0.0,0
2024-09-15,59968.0,60392.8,58652.1,59101.2,56.71788091473426,51.60535494413515,49.77444659886935,-329.58991371251614,-790.2079444881109,61656.216007734445,52845.58399226556,61431.74685656751,54185.37314343249,64051.46925454872,53884.44407878461,2160.2870598608633,2369.5560633735854,2481.3157713431347,2546.8541382631443,58934.64564039369,58321.83397998063,58353.88114588034,59567.66533396544,57250.9,57808.56,59649.902,81.25307730182176,90.41071721647796,97.20993921121928,72.21604157693167,18.985706562207948,18.244871762693883,-18.74692269817824,5.25498437235643,-5.907788320703055,62.44283389103771,57115.85,58771.05,57943.45,59525.5,0.0,0.0,60217.15,60392.8,58652.1,59528.524999999994,0,0.32005452684142865,0.32073174702167534,0.31792711738260515,0.3186582739764886,0.3183877386648735,0.31738599637822473,0.3174386321972082,0.3194120843234866,0.31561091777328587,0.3165391729533368,0.3195443919965069,0.3227192104839108,0.3079584162295862,0.32236897416911753,0.3103483505356696,0.3263820476645222,0.30981650112099157,0.31538481775746297,0.3181212948028366,0.31676241637138325,0.31934417805552145,0.32045228003283865,0.32073174702167534,0.31792711738260515,0.3193490512818314,0.5671788091473426,0.5160535494413515,0.49774446598869354,0.8125307730182176,0.9041071721647796,0.6244283389103771,0.8125307730182176,-0.21625747179867297,-0.48293525820787686,0.19200672640792296,0.10280132131674968,0.17339631283640236,-0.16720895452133822,0.7678459184270202,0.7770879832504853,0.7816947182226238,0.2995017346164694,0.29572446233045135,0.784300676947385,0.0,0.0,0
2024-09-16,59101.2,59182.0,57450.0,58185.0,49.660710799564825,48.63480327560908,47.944948725521726,-310.2748032673553,-694.2213162439599,61501.213192490206,53850.786807509794,61307.04442469203,54191.90557530797,64012.4032500685,53837.50341659816,2099.103194166454,2324.0163445611865,2445.6340679458426,2519.6923336543728,58684.76376026247,58296.9550745296,58337.79722722507,59513.44316400601,57676.0,57749.475,59448.78400000001,69.97538158542592,81.05038568849501,47.57476488542204,26.93848011770803,18.52660625147805,18.03769899975169,-30.024618414574064,7.881855601290466,-1.9905098312690401,59.453219009323526,57115.85,58771.05,57943.45,59525.5,0.0,1.0,59534.6,59534.6,57450.0,58479.55,0,0.3196864170047848,0.3198174554707395,0.3169702502579592,0.3181884194512193,0.31900831946096514,0.31837267532996716,0.3184398089957515,0.3203531881541604,0.3173463989585096,0.31746838475472294,0.3202489005261025,0.32350728746174917,0.3107808797739242,0.32320353697621956,0.311384193422536,0.32735476673350783,0.31075731255143707,0.31641149399566054,0.31914920049975937,0.31778971575127163,0.3203726223877492,0.32038728804093985,0.32038728804093985,0.3169702502579592,0.3186724639086339,0.4966071079956482,0.4863480327560908,0.47944948725521724,0.6997538158542592,0.8105038568849501,0.5945321900932352,0.6997538158542593,-0.20394934774082255,-0.4323750920090564,0.09486342252921058,0.03846455644733006,0.25684583374128495,-0.05681047356647365,0.7649741762583444,0.7751482347915537,0.7802468509123833,0.29717779587429793,0.2946421171206789,0.7832288878349694,0.0,1.0,0
2024-09-17,58185.0,61330.0,57568.0,60275.1,62.18381233699658,54.998773679008146,52.157145304019075,-124.87436285286822,-580.3519255657416,61579.82258794048,54999.29741205952,61499.95624846123,54125.19375153876,64093.49697703554,53880.989689631126,2336.6598807141036,2426.729462806816,2508.3181599484215,2561.1025891992267,59214.87584017498,58656.61778825149,58522.302253203634,59543.31205953518,58289.56,57812.575,59319.13199999999,88.05295703186934,79.760471973039,102.70914654752806,94.09997709752398,17.41438917889076,17.29788743872242,-11.947042968130662,11.332945446485464,2.1385082295286977,61.80386722520438,57945.15,58771.05,58358.100000000006,59525.5,0.0,0.0,58643.1,61330.0,57568.0,59339.525,1,0.31662650605790743,0.3216742247409841,0.31560560957565964,0.3200093517053683,0.3183076725673697,0.31739988315850465,0.3171802358105235,0.31883792110910375,0.3167984843594973,0.3160115343775103,0.31847629520586584,0.3220644753827276,0.3112396966613947,0.32193988082137986,0.30970946297371965,0.3259086190316525,0.3092777332475236,0.3162308843605236,0.3175866352819244,0.3169110573793291,0.3188092361686733,0.3173777992245509,0.3216742247409841,0.31560560957565964,0.3185092453725162,0.6218381233699658,0.5499877367900815,0.5215714530401907,0.8805295703186934,0.79760471973039,0.6180386722520438,0.8805295703186934,-0.08305778672764294,-0.3686857816187384,0.20257691909695383,0.13362459530342363,0.3607647932996106,0.06102431457773643,0.7756905656990256,0.7794711722086121,0.7827766345799503,0.2913132379588049,0.29067856126766356,0.7848583524277644,0.0,0.0,1
2024-09-18,60275.1,61776.9,59126.2,61743.7,68.58946522978536,58.85609522900136,54.852437290135654,138.95873847305484,-436.4897927579823,61973.10901408724,55984.750985912746,61955.990034808805,53911.94996519118,64265.181010338885,53865.29232299444,2381.5227548978037,2442.7273583206156,2515.098247569925,2564.0891695592522,60057.81722678332,59217.905463114854,58829.102038612815,59629.60178269066,58978.92999999999,57933.969999999994,59230.606,99.6421141138551,85.89015091038345,122.14090235255316,141.20043295843095,16.58926863075687,16.48966324537863,-0.35788588614490446,12.568277119416585,4.093175848593451,64.84105360333994,58653.5,58746.399999999994,58699.95,59525.5,0.0,0.0,59230.05,61776.9,59126.2,60730.475000000006,1,0.3198975594237047,0.3222593579819251,0.3180523214700114,0.32220774458743257,0.31955118433511587,0.3182008657054519,0.3175695620656126,0.3188650246991835,0.31781331129964013,0.3161007968707322,0.3182214206126115,0.3225638457617569,0.3128257964403591,0.32253731648773953,0.30922131461189284,0.32605378449442507,0.3091386655334102,0.3172831236983904,0.3174347624395845,0.3173589718118695,0.3186975012689447,0.3182205208549546,0.3222593579819251,0.3180523214700114,0.32061961353912405,0.6858946522978536,0.5885609522900136,0.5485243729013566,0.996421141138551,0.8589015091038346,0.6484105360333995,0.996421141138551,0.09237505538174003,-0.2830486930703383,0.23953599419730517,0.19902285762491703,0.3960392309030566,0.11641762422343355,0.7775915186331773,0.780127975855341,0.7830464666171577,0.2867288979190158,0.286161003472157,0.7849748520961339,0.0,0.0,1
2024-09-19,61743.7,63856.0,61523.6,62922.8,72.89074032810284,61.694987436642975,56.89939340444649,438.1412681332731,-261.56358057973125,63069.30822135661,56070.21177864338,62678.735584605725,53571.39441539428,64577.56176424115,53815.89823575884,2374.505218483832,2434.846832726286,2506.3983310189765,2556.3661972406107,61012.811484522215,59891.522651639425,59218.978034935404,59758.74681082044,59569.759999999995,58125.065,59196.744000000006,91.78217298649152,93.15908137740531,154.97115541039443,195.38555870803899,16.700585072197047,16.068179368085143,-8.217827013508488,10.362802444992068,6.466737393169988,65.32632123943552,59693.05,58746.399999999994,59219.725,57936.5,0.0,0.0,61009.399999999994,63856.0,61009.399999999994,62511.524999999994,1,0.3224973864839996,0.3257296481143389,0.32215449793421125,0.32431452228114643,0.3213541929321784,0.31957456346287577,0.31849175283041503,0.3193617184864501,0.31905798162667515,0.3167050944272639,0.3184557545897211,0.3245380201804674,0.31326013469280695,0.3239410899041086,0.3089043735805753,0.3268102753088288,0.30933904762662934,0.3192562361034137,0.31772381715816467,0.3184929619868477,0.31639386480800635,0.32134882621801003,0.3257296481143389,0.32134882621801003,0.3236844408854395,0.7289074032810283,0.6169498743664298,0.568993934044465,0.9178217298649152,0.9315908137740532,0.6532632123943551,0.9178217298649152,0.284061153709433,-0.17262954769813732,0.30038461422548496,0.2720924869225546,0.3323135287167417,0.18268977134645908,0.777296541741843,0.779804975030383,0.7827000973059535,0.28735976939598684,0.2837215874298255,0.7846733178662675,0.0,0.0,1
2024-09-20,62922.8,64131.7,62310.0,63173.8,73.78237134744101,62.291460551752884,57.331798635266345,687.5732640991628,-71.73621164395246,63957.68971549191,56292.5302845081,63388.33869779976,53284.731302200234,64792.38047862904,53737.95952137097,2295.5330444147125,2391.050630388694,2473.793648589501,2531.877323999257,61733.14098968148,60488.30035134134,59595.62774589394,59892.67046529807,60125.11000000001,58336.534999999996,59153.398,90.89812052222501,94.10746920752388,143.13852225432032,181.31504041081593,16.91091569016852,15.725369009784695,-9.10187947777498,9.638096295923484,7.1752363244006245,61.70972631866185,60715.1,58473.899999999994,59594.5,57873.05,1.0,0.0,62333.25,64131.7,62310.0,63134.575,1,0.3252396901010993,0.32706976837952595,0.32429905967544614,0.32562242817325304,0.3234054391662438,0.32144939028027053,0.32002277537895524,0.320499753920456,0.3208714151765361,0.31797533062324695,0.3193084200029097,0.32680839958587027,0.31455958112881854,0.32594841097546456,0.30931104178594887,0.32805595616683664,0.31011975810742454,0.32180862842508784,0.31820075170471573,0.32002096015053383,0.31721096269544374,0.3243349097057696,0.32706976837952595,0.32429905967544614,0.32556271230920986,0.7378237134744101,0.6229146055175289,0.5733179863526634,0.9089812052222501,0.9410746920752388,0.6170972631866185,0.9089812052222501,0.4287647233413641,-0.04778771411743148,0.2787046174863922,0.25338006820328546,0.3106546987781844,0.20218223382024178,0.7739155892695513,0.7779906281396972,0.7813912297219687,0.28854103420782556,0.28169266691362027,0.7837111217719201,1.0,0.0,1
2024-09-21,63173.8,63544.0,62712.8,63311.5,74.3229021600828,62.63521055095222,57.57696383378701,886.1462151938176,119.84027372360157,64485.583648159554,56964.85635184046,64104.71216367404,53172.897836325974,65067.726323807874,53659.693676192124,2086.3426094983247,2279.6327282180728,2395.5749034185724,2475.188079865948,62259.26065978766,61001.60937837018,59949.520341523086,60026.74221175697,60725.22000000001,58638.80500000001,59190.448,92.20653351323618,91.62894234065091,127.63280434230437,150.5888286697067,17.106222692570604,15.399699169399266,-7.793466486763814,10.471223373070156,10.556681876363157,62.964845556776154,60790.85,58315.95,59553.399999999994,57274.2,0.0,0.0,63048.3,63544.0,62712.8,63185.525,1,0.32780058017681346,0.32836290432574594,0.32709588350574814,0.32801011240490074,0.32639771128298645,0.32443580597689275,0.322764478029367,0.32288810559329534,0.3239994373093422,0.32064244742685916,0.32154104390537264,0.32977905663258184,0.31786517629159317,0.32920863488526253,0.3112731297094601,0.33064467798078967,0.3121441012489093,0.3241032276946729,0.320112763808498,0.3221278991835953,0.31838425644195734,0.32760922900015255,0.32836290432574594,0.32709588350574814,0.32781843872028377,0.743229021600828,0.6263521055095223,0.5757696383378701,0.9220653351323618,0.9162894234065091,0.6296484555677615,0.9220653351323618,0.5304449650894552,0.07972396262940773,0.24986199192370181,0.2118685419838289,0.3355245835422578,0.29279396029637894,0.7643647057235031,0.7732208195825396,0.7781795873449688,0.2896255674357409,0.27972629913325986,0.781447559209323,0.0,0.0,1
2024-09-22,63311.5,64000.0,62350.0,63549.9,75.34943540563596,63.259668303265634,58.015499665626805,1050.6424450805862,306.0007079949985,64930.22950913799,57609.230490862,64730.53336358003,52990.39663641998,65005.326209524515,53691.753790475486,2024.0079509985642,2234.6589619167817,2360.0713365891165,2447.681810537083,62689.47377319177,61464.93494593924,60292.413642330415,60164.90526227631,61269.729999999996,58860.465000000004,59247.806,93.92147439246092,92.34204280930737,114.59203612856128,130.11756707377242,17.48217858060205,15.192210070447317,-6.078525607539085,9.371170712230311,7.499065407913507,66.19861253139905,60790.85,58315.95,59553.399999999994,57245.25,0.0,0.0,63242.65,64000.0,62350.0,63302.85,1,0.32908579317703807,0.3301273521482286,0.3276128451343292,0.3294476725274641,0.32813537558483785,0.32623754103757296,0.32438593473188,0.32418249524983267,0.3259316489205814,0.32207713579266806,0.3227069420281258,0.33151758621309757,0.3200151274154253,0.3312207639168892,0.3120125317387038,0.3316289801107579,0.3132697140617139,0.32517724190733427,0.3211850072145284,0.3232010456603652,0.31940722414096523,0.3289810381202874,0.3301273521482286,0.3276128451343292,0.3290726382552086,0.7534943540563596,0.6325966830326564,0.580154996656268,0.9392147439246092,0.9234204280930737,0.6619861253139905,0.9392147439246091,0.60463956363364,0.2012168919889445,0.22525396667562847,0.18377053892847764,0.3025937782540886,0.21103946122645711,0.7613328905951975,0.7712291301138279,0.776687075119455,0.29168069478259445,0.27845302667392346,0.7803305122229711,0.0,0.0,1
2024-09-23,63549.9,64774.2,62537.1,63305.9,71.91634639490358,62.11545122607201,57.37808469577892,1148.0837369282672,474.41731378165224,65358.5446531503,57748.83534684971,65290.79180124281,53015.70819875719,64892.020917854905,53750.099082145105,2054.4496722844833,2234.8333217798686,2354.2155586563013,2440.662416852514,62894.94918212785,61799.65586485937,60579.41234306085,60288.08152650078,61553.69,59153.25,59351.292,84.11635529689211,90.08145440086308,101.4653710524914,118.48832034821653,18.154958756940946,15.166248682114153,-15.883644703107883,4.6961696019104835,10.19265381147499,64.3634181031387,61112.1,58637.2,59874.649999999994,56978.0,0.0,0.0,63430.7,64774.2,62537.1,63541.775,0,0.32972422533407425,0.3315624905215696,0.3281775609919514,0.3293537902280609,0.328726775659032,0.32703615394212765,0.3251183837840058,0.32465502939102314,0.32665253512022485,0.32282935564772175,0.32315036837818967,0.33242810149682006,0.3205228396566087,0.3323281199031238,0.3123327111790818,0.3317376270464502,0.3136482872470872,0.32596009803141923,0.3219879998511286,0.3239937695998342,0.31923388743485737,0.32954343010812964,0.3315624905215696,0.3281775609919514,0.3297119122093889,0.7191634639490359,0.6211545122607202,0.5737808469577892,0.8411635529689211,0.9008145440086308,0.643634181031387,0.8411635529689212,0.6442403251599034,0.3061377922068798,0.2001902529852,0.16767071225411154,0.1552727623860397,0.28325609988969214,0.7628249921622949,0.7712369288464261,0.7764387534599821,0.29525616250279213,0.2782925654226501,0.7800434404677424,0.0,0.0,0
2024-09-24,63305.9,64749.9,62634.0,64248.6,76.70120393060064,64.76699933342802,59.19672264411351,1286.5441936530551,636.842689755933,65936.90212476072,58026.59787523928,65962.49556613115,52975.08443386885,64902.19940381833,53744.433929515,2063.2282905295574,2226.338084509878,2342.867198720287,2429.83700295743,63346.166121418566,62244.91843488494,60928.858786578865,60443.39597644193,61981.75,59468.79,59556.5,94.31421122662023,90.78401363865775,95.96927739116329,113.12584033727818,18.77968320639849,15.141585363197645,-5.6857887733797625,7.138140341515473,10.892370783840594,64.8536049400535,61112.1,58637.2,59874.649999999994,56978.0,0.0,0.0,63427.9,64749.9,62634.0,63734.6,1,0.32978185416835354,0.3319547491234449,0.3287544717550721,0.33120574392098356,0.3298430899525319,0.32815467685327565,0.32609879850340756,0.3253296346187175,0.3277469361201939,0.3237673820424888,0.3239089811709366,0.33370622581678305,0.321409884286296,0.3337436543271578,0.3126844246276986,0.33218119691316406,0.31406346613515623,0.32638759350268437,0.3224148049881996,0.32442092675888456,0.319660197561208,0.3299672737507075,0.3319547491234449,0.3287544717550721,0.33043189350726093,0.7670120393060064,0.6476699933342802,0.5919672264411351,0.9431421122662023,0.9078401363865776,0.648536049400535,0.9431421122662025,0.6950687551953698,0.4007665247949346,0.18961574646220516,0.16021596537649652,0.23354717175113085,0.30153801885688636,0.7632511726361798,0.7708562467369579,0.7759557493255846,0.2984655310211836,0.27813988837427334,0.77959909226883,0.0,0.0,1
2024-09-25,64248.6,64876.5,62900.0,63130.1,62.063827816606114,59.45033926012408,56.208799792875034,1291.1380649485145,767.7017647944492,65877.8337663976,58891.44623360239,66310.8349385635,53324.705061436514,64940.42585763838,53727.41414236163,2050.8385347396206,2208.492507044887,2325.4211416383687,2414.7257695255157,63274.14408094571,62405.860537633125,61138.50080690469,60548.75691854225,62384.64,59817.770000000004,59699.306000000004,76.95434151491158,85.12830267947464,75.96809774852407,96.54148793560238,19.416953553479196,15.1477633969631,-23.045658485088435,6.816951263256925,12.43016535916866,54.891817490393315,61222.25,58688.35,59955.3,56978.0,0.0,0.0,63777.25,64876.5,62900.0,63788.8,0,0.3318069235501686,0.33274441255901255,0.32976317926809146,0.33011485437998245,0.33033437748052663,0.32900375151653555,0.32702920409302927,0.32609691907980554,0.3289710088137606,0.3249291575679982,0.32473861901708767,0.3342215094996542,0.323429479541435,0.3348535465073455,0.31391020831945726,0.33283936626467836,0.31463009599606073,0.32716089537687687,0.3230976477171904,0.32514990760443496,0.320258602941164,0.33109735159900977,0.33274441255901255,0.32976317926809146,0.3311147993217723,0.6206382781660611,0.5945033926012409,0.5620879979287503,0.7695434151491157,0.8512830267947464,0.5489181749039331,0.7695434151491156,0.6966483727556093,0.4713473999305089,0.15077776196957154,0.1370485804202197,0.22339985180436897,0.34093275369133474,0.7626491516420629,0.7700518133320368,0.7752086375003533,0.3016365612256985,0.27817815507259996,0.7789755046621318,0.0,0.0,0
2024-09-26,63130.1,65850.0,62650.0,65145.8,72.92659780226387,65.02277488942234,60.02667073751633,1440.8200089555103,902.3254136266614,65582.5402554138,60578.89974458619,66675.71488579152,54081.00511420849,65508.86856685674,53544.2447664766,2215.0044583482463,2279.3144708273953,2367.0677539413036,2440.901577207999,63898.02938729715,62904.03134897255,61520.148349104245,60729.0331178151,63080.719999999994,60378.36000000001,59900.032,91.61666666666669,87.62840646939951,94.87537394980527,106.53830620486588,20.438016777812162,15.378968528839774,-8.383333333333299,11.963220761364617,20.788000148329445,58.383625876399314,62488.1,59175.1,60831.6,59175.1,0.0,0.0,63689.35,65850.0,62650.0,64193.975000000006,1,0.32907660791766413,0.33314090751578107,0.3283417308815356,0.3321043771552955,0.33024094489826694,0.3287312429678718,0.3265906833276294,0.3253461001199795,0.32900127186724837,0.3247894269547242,0.3240250779886896,0.3327484908689113,0.32510815137897203,0.3343427701749828,0.3142260822143573,0.3326401287956837,0.31327189417760426,0.3280926919578817,0.32285541327569733,0.3255083350589846,0.32285541327569733,0.3299258836048973,0.33314090751578107,0.3283417308815356,0.3306860642895333,0.7292659780226387,0.6502277488942234,0.6002667073751633,0.9161666666666669,0.8762840646939951,0.5838362587639931,0.916166666666667,0.7445206125563923,0.5381517901820104,0.18750572831646767,0.15103319438795829,0.3788994824885411,0.5327254283819584,0.7703461059755153,0.7732068638239087,0.7769829607900867,0.3065165830889236,0.27959981050648397,0.7800532349684787,0.0,0.0,1
2024-09-27,65145.8,66520.0,64789.0,65746.5,75.37786836809511,66.50023581780741,61.08821137639873,1589.5916743859998,1039.778665778529,65808.5955735161,61447.124426483904,66982.67585810395,54934.744141896066,66131.42323246923,53370.58343419745,2145.8609642984966,2240.1491514825816,2336.778813277432,2417.238191301066,64514.186258198104,63420.84383097754,61922.65803014194,60925.79652495961,63627.86,60958.71000000001,59981.558,91.47188533627343,86.68096450595056,120.3266626039626,121.23802980880262,21.66095890790255,15.747443525143897,-8.528114663726571,9.077380211729224,21.43906020558003,57.86241192766794,64021.8,59510.1,61765.95,59510.1,1.0,0.0,64137.95,66520.0,64137.95,65550.325,1,0.3330435416005804,0.33505708540469425,0.332514042825775,0.33392870801825175,0.33210429343714065,0.33045727798650704,0.3281554263647946,0.32659393063014025,0.3307712169417437,0.3266458778207274,0.3250920338192631,0.3340197642139945,0.3274135855105363,0.33572599838402073,0.3166581763318317,0.3344918233621541,0.3138929949937489,0.3313659163099648,0.32433360879104534,0.3279115665033281,0.32433360879104534,0.3315405855910152,0.33505708540469425,0.3315405855910152,0.3336404934286521,0.753778683680951,0.6650023581780741,0.6108821137639873,0.9147188533627343,0.8668096450595055,0.5786241192766794,0.9147188533627343,0.7855596504745528,0.6000247012684304,0.23611274745879307,0.1714859020812694,0.2936712846567024,0.5459158117480574,0.7671762037653563,0.7714744027357088,0.7756956532457197,0.31206435719111564,0.2818245621258096,0.7790794533891865,1.0,0.0,1
2024-09-28,65746.5,66319.9,65310.0,65823.0,75.70469791471608,66.69318910887685,61.225900971056866,1694.1382307844106,1170.6505787797055,66179.94773384291,61891.63226615708,67195.33795684914,55819.38204315087,66706.7671947772,53229.052805222804,1983.5808265415676,2152.2742120909684,2273.5941078832684,2370.326918257697,64950.457505465405,63857.59949807253,62294.119170128426,61117.84372005923,64035.79,61507.36000000001,60081.72,92.31532524807056,91.80129241700358,115.88903117348326,113.5461121981027,22.796548028700773,16.097494771632814,-7.684674751929438,6.606827903089712,20.005469462169554,57.14856973736151,64415.0,59510.1,61962.55,59510.1,0.0,0.0,65446.15,66319.9,65310.0,65799.85,1,0.33581963881168353,0.33665790459053146,0.3351767659811522,0.33593188284615716,0.33464411355920654,0.33300743373516,0.33061836451389504,0.32878257135570144,0.3332761288675023,0.3293942227068344,0.32713711271208024,0.3364539526768205,0.32999399557930303,0.3379243239030408,0.3200680631306333,0.3372195301034201,0.31551441593145113,0.333845551367489,0.3262176038985287,0.3301042919849468,0.3262176038985287,0.33537773019870853,0.33665790459053146,0.3351767659811522,0.33589792947949954,0.7570469791471608,0.6669318910887685,0.6122590097105687,0.9231532524807057,0.9180129241700358,0.5714856973736151,0.9231532524807057,0.8108225447422116,0.6529555790098078,0.22771489593890562,0.16080088595172332,0.21673497781685172,0.5165222425982097,0.7593163000313633,0.7674744852046315,0.7729556901350114,0.3169540529347102,0.2838931948192893,0.777120495857561,0.0,0.0,1
2024-09-29,65823.0,66174.5,65370.5,65571.7,72.03992749907522,65.36136374239783,60.48764502049988,1736.6947837371845,1283.8594197712014,66483.53470299751,62117.82529700251,67492.86790630006,56377.57209369995,67205.9155811111,53161.29108555558,1815.0692798927723,2055.9689112273277,2203.6134360793035,2318.11602098244,65157.53833697694,64169.25413478661,62606.269725354294,61292.504750645145,64300.68000000001,61935.22000000001,60175.28,89.54465270121277,91.11062109518559,108.58341079623749,101.62803986566391,23.85102364087055,16.430043455797282,-10.455347298787244,4.209761803352671,15.008813547430911,55.3126785069858,64435.0,59510.1,61972.55,59510.1,0.0,0.0,65784.75,66174.5,65370.5,65734.925,0,0.33808259945942415,0.33859711482861343,0.3374163216612314,0.33771312424947536,0.33710120607832195,0.3356257211297026,0.3332468500673604,0.331202565381125,0.3358231964408741,0.3322078849075378,0.3294306091637689,0.33904729418749846,0.3324916776575391,0.3405036564385554,0.32316114719697686,0.3400917675392957,0.3175257112915827,0.3360246182295486,0.32836050343285356,0.3322659661878098,0.32836050343285356,0.33802645018892913,0.33859711482861343,0.3374163216612314,0.3379532620279356,0.7203992749907522,0.6536136374239783,0.6048764502049988,0.8954465270121277,0.911106210951856,0.553126785069858,0.8954465270121276,0.8203204819742785,0.6941424675649126,0.21381605241481333,0.144171382737995,0.1394115315783192,0.40433740782251204,0.7504429708154247,0.7628988775891359,0.7698307460076235,0.32128989444858097,0.2858195352689882,0.7748941366613116,0.0,0.0,0
2024-09-30,65571.7,65604.8,62800.0,63276.8,47.52747552002526,54.63210553703712,54.21886836773187,1567.1764729880815,1340.5228304145776,66473.34421132016,62148.61578867983,67433.76650194978,57002.323498050224,67420.29513630459,53235.73819702875,1956.4593827652338,2109.4568461396616,2232.241367694575,2334.3388202830256,64530.62555798463,64006.98974664359,62670.12975151103,61370.32025061984,64310.979999999996,62218.045000000006,60266.748,63.77122430741736,81.87706741890024,19.09678319951269,49.91849662072374,22.69213745671771,15.872097580491115,-36.22877569258263,0.16304227385403441,9.816852741134634,51.530498887255554,64435.0,59510.1,61972.55,59510.1,0.0,0.0,65697.35,65697.35,62800.0,64313.325,0,0.33703962770352863,0.3370883596515152,0.3328723197640025,0.3336016790080488,0.33549464380385363,0.3347084369407783,0.33267273242460216,0.33065290101889566,0.3351656118358537,0.33197483558919894,0.32890539487567194,0.3383586720130423,0.33186722287028714,0.3397448270985137,0.32354986759938265,0.3397255164603243,0.3169916182697133,0.3353515284928631,0.32768934902701186,0.3315938070578671,0.32768934902701186,0.3372244918144192,0.3372244918144192,0.3328723197640025,0.33516913040067803,0.47527475520025264,0.5463210553703712,0.5421886836773188,0.6377122430741736,0.8187706741890024,0.5153049888725555,0.6377122430741737,0.7797703261069912,0.7132075265659447,0.03817500562640345,0.07119149934092209,0.0054346889548111356,0.2733506675888646,0.7579402678104464,0.7654659717792308,0.7711209337218864,0.3165143240217815,0.2825661226735562,0.7755912264622542,0.0,0.0,0
2024-10-01,63276.8,64096.6,60118.9,60790.0,33.23210945827729,45.84913349399091,48.499833315954255,1218.1262127375012,1316.0435068791624,67055.63437272745,61062.02562727254,67153.6992055186,57630.3507944814,67447.16808281743,53443.791917182585,2245.2080423702,2242.902785701114,2315.358445423404,2389.1175262735915,63283.750371989765,63422.082519981115,62491.06977517664,61347.562593732786,64058.829999999994,62392.025,60296.225999999995,22.502637344802434,58.606171451144185,-128.34967309695915,-20.83087605846273,22.036452463369546,15.526526851620602,-77.49736265519756,-3.9826887690230053,6.071498366788573,42.609953536164554,63319.45,59510.1,61414.774999999994,59510.1,0.0,0.0,64424.25,64424.25,60118.9,62070.575,0,0.3313655969885187,0.33260630886632814,0.32643707670452227,0.3275049765774106,0.33137618087198284,0.3315865975425238,0.3301618234803126,0.3283836161023382,0.33254948353017055,0.3300090488719193,0.32672036028616797,0.3369607437845715,0.32793461487121706,0.3371018569071769,0.32237449197147433,0.3375229663935365,0.31514394086204095,0.3314305258846911,0.3254583476787797,0.32848901379829426,0.3254583476787797,0.3330979111301216,0.3330979111301216,0.32643707670452227,0.3295116044492981,0.3323210945827729,0.4584913349399091,0.48499833315954255,0.22502637344802434,0.5860617145114418,0.4260995353616455,0.22502637344802437,0.6707383702561874,0.7050954625571075,-0.25120573744560826,-0.029749613178305455,-0.13198184219626188,0.17175202261929698,0.7716998758956236,0.7715971943824094,0.7747751595898461,0.313707785102861,0.28049667779366666,0.7779097817889598,0.0,0.0,0
2024-10-02,60790.0,62416.3,59952.9,60617.5,32.44241562227343,45.30504065475281,48.13006787106284,917.011322652419,1236.2370700338138,67408.44253991958,60122.737460080425,66940.79607993257,58094.523920067455,67479.92861496154,53511.08471837181,2276.3783220316004,2258.652586722463,2322.408043260385,2391.593608731138,62395.000247993186,62912.15842543909,62312.63455849315,61318.93268809621,63765.590000000004,62517.66000000001,60297.4,10.120144355956185,32.13133533605866,-172.64291623517494,-51.05278776504417,21.507460812935413,15.237991468122672,-89.87985564404381,-4.614326694455855,4.324427586016985,41.366454560120765,63236.45,60063.75,61650.1,59510.1,0.0,0.0,62033.4,62416.3,59952.9,60944.175,0,0.32740530927269096,0.32994674852499334,0.32607154283726875,0.32713191333318054,0.32991387713884845,0.330708956740266,0.32978666240761,0.32823898712750316,0.3320073554773876,0.3301030270476151,0.3266225966060217,0.33736746020181596,0.3263435901919767,0.3366952255041918,0.3230453950733367,0.3374698233201445,0.31516523662025764,0.3312043172997025,0.3262491873464649,0.3287574408247417,0.3253587614076784,0.3293541731694618,0.32994674852499334,0.32607154283726875,0.3276490308830924,0.3244241562227343,0.4530504065475281,0.4813006787106284,0.10120144355956186,0.32131335336058664,0.41366454560120763,0.10120144355956186,0.5450702912633242,0.6773266714806248,-0.3321881687929361,-0.07280351524867151,-0.15260931725462357,0.12293016485060775,0.7730780201595626,0.7722966357760612,0.7750790370922562,0.311384684593202,0.2787353649013505,0.7780133248468143,0.0,0.0,0
2024-10-03,60617.5,61460.0,59840.2,60725.9,33.5992227971459,45.740793451026406,48.389696138473845,679.2921201908684,1124.8480800652248,67583.79887438299,59431.381125617016,66931.08589440674,58130.19410559326,67497.08511915224,53712.30821418109,2182.5814188842296,2213.0202590994304,2288.950517390843,2365.867155106767,61838.63349866213,62514.656893541076,62161.516981493805,61295.6765042493,63507.590000000004,62530.64,60338.96400000001,13.259379023324112,15.294053574694244,-161.86400495053454,-66.27596850867687,21.073347771726784,14.99187212787651,-86.7406209766759,-4.075449523662091,0.4293300565769669,37.322116154161805,63180.1,60063.75,61621.925,59510.1,0.0,1.0,60703.75,61460.0,59840.2,60660.9,1,0.32817260616042,0.3295013932965589,0.3269307921156106,0.3283445671538469,0.3300928695361377,0.33114028704545256,0.3305945077440242,0.3292436053538886,0.3326590969273259,0.33116491868695563,0.32772938800674545,0.33866313101638523,0.3262714220751791,0.33772563211711165,0.3241433643269917,0.33853908818334,0.3165602089467381,0.332160706861165,0.3272895180149632,0.32975477010699294,0.3263987235037646,0.32830945339800366,0.3295013932965589,0.3269307921156106,0.3282414895116737,0.335992227971459,0.45740793451026407,0.4838969613847384,0.1325937902332411,0.15294053574694244,0.37322116154161805,0.132593790233241,0.42424824815010276,0.6350885263156929,-0.3128739075633559,-0.09439805281047545,-0.13501875770902058,0.012265957836516968,0.7688721660476009,0.770256526367813,0.7736285488188557,0.30943708975610207,0.277208060116041,0.7769322484198712,0.0,1.0,1
2024-10-04,60725.9,62469.0,60414.0,62063.9,46.7337053809439,50.936698025729605,51.53376268906448,592.0387037871915,1018.2862048096182,67416.90635861873,59161.3336413813,66883.9807033085,58386.8892966915,67580.72328211271,53903.743384553956,2164.355501900768,2201.7330977351853,2277.8100165627075,2355.504916603208,61913.72233244142,62432.70109471542,62152.22012611345,61325.802915847366,63289.12000000001,62635.435,60429.924000000006,33.28991885984615,18.889814079708817,-91.21130177244399,-36.56704492373414,19.987560559988648,14.453424121293105,-66.71008114015385,-3.400385378047144,3.495030683030952,40.68858978258936,63180.1,60540.15,61860.125,59510.1,0.0,0.0,60671.7,62469.0,60414.0,61418.2,1,0.32876709273862625,0.331492858772393,0.32827142585947366,0.3308659799861557,0.3306325829359195,0.33143684743527385,0.33100298782920146,0.3297135972452904,0.3327500616112361,0.3317492767839888,0.32829679164893205,0.33884835712560324,0.326255582858531,0.33808161948941107,0.32498867698054307,0.33908286946383537,0.31732153353705633,0.3325838475022383,0.3284721975650801,0.33054915312678457,0.326820926318615,0.3286811350813197,0.331492858772393,0.32827142585947366,0.32985858503093457,0.467337053809439,0.5093669802572961,0.5153376268906448,0.3328991885984615,0.18889814079708817,0.4068858978258936,0.3328991885984615,0.375398499343961,0.5907761291093233,-0.1804256279693153,-0.052191169846130175,-0.11286326121910605,0.09952742254468921,0.768033983106778,0.7697454185461327,0.7731408663139281,0.30439299079260546,0.273783060476201,0.7764934832762291,0.0,0.0,1
2024-10-05,62063.9,62365.9,61650.0,62035.0,46.50191300636287,50.82348963374688,51.462661218513325,514.6254720887373,917.5540582654421,67375.99681577363,58983.223184226365,66723.95323059314,58840.296769406865,67573.34197999346,54303.42468667321,1957.4332873435158,2095.602162182672,2203.4333491073403,2300.851419383101,61954.14822162762,62360.39180476716,62141.05630457883,61353.61456620629,63179.61,62782.125,60493.624,32.85727117578374,26.46885635298467,-63.57960293373823,-30.388625469706174,18.979329577660376,13.941898515038869,-67.14272882421626,-1.7346717334520276,4.964027803157978,40.46654273924306,63180.1,61025.05,62102.575,59510.1,0.0,0.0,61394.9,62365.9,61394.9,62028.7,0,0.33312869082827296,0.3335967944228372,0.33248356049905087,0.3330837803929707,0.3329580299397153,0.3335882762435345,0.33324849257504624,0.3320190250505227,0.3348472562425507,0.3342383779308503,0.3306587861800539,0.34105888627594017,0.32822407780201257,0.3401186690902855,0.3279905859177523,0.34134171511542266,0.3202805295157374,0.33484800455457536,0.33150151938220496,0.3331887600189877,0.32908013194226415,0.3320838626865807,0.3335967944228372,0.3320838626865807,0.33307398755065876,0.4650191300636287,0.5082348963374688,0.5146266121851333,0.32857271175783737,0.2646885635298467,0.4046654273924306,0.32857271175783737,0.33022756209209986,0.5453245664254732,-0.1264782444557914,-0.04338507059232521,-0.057758035496290154,0.14088596311259297,0.7579900089387361,0.764807329529843,0.7698225770322945,0.2994698217985784,0.27041692476043544,0.774146904305589,0.0,0.0,0
2024-10-06,62035.0,62973.3,61791.3,62792.9,53.55062346408939,53.727949163178074,53.23918949108433,508.5686612470454,835.7569788617628,66932.01023049671,58956.6297695033,66344.03526221942,59681.00473778059,67364.82360586463,55102.536394135386,1846.6571034372992,2030.3448648839098,2154.793665816515,2263.556372070331,62233.732147751754,62439.029658445856,62203.1366565237,61410.057132237416,62944.32000000001,63012.520000000004,60559.98,44.20341926404987,36.78353643322659,-35.510449069273854,-21.55251212219989,17.629849426710184,13.270796261400125,-55.79658073595014,-3.6117447325844507,7.919395033084131,43.07903717600656,63080.049999999996,61025.05,62052.55,59510.1,0.0,0.0,62049.45,62973.3,61791.3,62398.125,1,0.33465999871379953,0.33610873985929773,0.33428026546381345,0.3358318260078067,0.3349685992057426,0.335286397785956,0.33492115108660936,0.3336833053650986,0.3360643072480805,0.33616884118466983,0.33233925938470105,0.34199996017261003,0.3297539781639697,0.3411466001423489,0.3309302616975719,0.3426235050124923,0.3232516218015616,0.33627224061819755,0.3330768126418843,0.33468728953699883,0.3306539808878896,0.33468246947731795,0.33610873985929773,0.33428026546381345,0.3352231582830695,0.5355062346408939,0.5372794916317808,0.5323918949108433,0.4420341926404987,0.3678353643322659,0.43079037176006557,0.44203419264049865,0.3266252354995927,0.5058756535017103,-0.07090172952065675,-0.03077957749293002,-0.1198131877684356,0.22248445069150935,0.752167368489704,0.7616453347699589,0.767591422513768,0.2924765102278644,0.2658215229609655,0.772513415651302,0.0,0.0,1
2024-10-07,62792.9,64464.0,62055.0,62191.2,47.72631681404656,51.14529588872959,51.66291279716166,450.0287819694058,758.6113394832914,66121.78559065661,59055.79440934339,66222.56635344401,59994.083646555984,67044.15592839688,55959.98407160311,1926.9918029462565,2057.391660249345,2166.898729349062,2268.4044930013197,62219.554765167835,62393.96972054661,62201.99983209287,61440.690185875166,62588.79,63108.325,60635.67600000001,35.1956645408545,37.4187849935627,-15.895755837691953,-12.20535252919639,17.266647847876055,13.003808311468125,-64.8043354591455,-5.407588236636175,3.1789246305688397,41.198155194427216,63007.35,61909.25,62458.3,59510.1,1.0,0.0,62413.95,64464.0,62055.0,62875.774999999994,0,0.335625325361144,0.3381613941582259,0.334484683617274,0.3346962022824341,0.33474018103596764,0.3350102772203488,0.33471295529783696,0.333525060814808,0.3353111127285723,0.33610896591474354,0.33225343164573834,0.3406152676665743,0.32970978090619385,0.3407625206271909,0.3312282410060843,0.3419549418987024,0.3245296293989877,0.3359543955353317,0.33425783714044066,0.3351097141827218,0.33044787623735034,0.3350411718378754,0.3381613941582259,0.334484683617274,0.3357526241640123,0.4772631681404656,0.5114529588872959,0.5166291279716166,0.351956645408545,0.37418784993562704,0.41198155194427216,0.35195664540854493,0.2913301719827945,0.4666200739864464,-0.031780805441122724,-0.017434451117536512,-0.17832577682840267,0.09057748376999265,0.7564234223577561,0.7629680209389829,0.7681513649913658,0.29050768750595657,0.26393293148716385,0.7727272738173965,1.0,0.0,0
2024-10-08,62191.2,63189.7,61803.4,62120.7,47.027144527652815,50.836949325840706,51.47541366192954,393.4117394359928,685.5714194738317,65018.091103881365,59419.02889611863,66212.57906875676,60041.770931243234,66707.36851545863,56781.48481787471,1849.7501168110762,2009.4565416601058,2129.7273612848203,2239.001009901275,62186.60317677856,62344.28431681086,62194.25699094117,61467.35723740947,62218.56,63127.175,60690.012,34.14024371987184,37.84644250825874,-34.921909890294216,-49.10878878712428,16.749113667317058,12.670750665979714,-65.85975628012817,-5.6246296887106375,0.610588610659873,42.936733790465986,62722.5,61985.0,62353.75,59510.1,0.0,0.0,62492.05,63189.7,61803.4,62326.25,0,0.3359552694297451,0.3374931226890924,0.33535155911060227,0.3358457887857875,0.33594813459679534,0.3361925847570081,0.33596001397248076,0.33482545844296047,0.3359977249739833,0.33739751496165316,0.33359775248130874,0.34024926831958896,0.33155736823568,0.3420096846492505,0.33256229529099357,0.3427299160457023,0.3271854812392972,0.3367765013599321,0.33563471996719374,0.3362072402356472,0.331704962819134,0.33642112205873254,0.3374931226890924,0.33535155911060227,0.3361646567332927,0.47027144527652814,0.5083694932584071,0.5147541366192954,0.3414024371987184,0.3784644250825874,0.42936733790465986,0.3414024371987183,0.25642170929348895,0.4276748822765771,-0.0697304711919876,-0.07004054214775998,-0.1853212801578404,0.017443619305603734,0.752334630443874,0.760611711041612,0.7664218684582298,0.28763355804390106,0.2615258562613668,0.7714231595697767,0.0,0.0,0
2024-10-09,62120.7,62525.0,60266.0,60607.7,34.40688592997847,44.61974683242264,47.5838920031689,223.87517631794617,593.2321708426546,63563.96655705192,59880.35344294807,66286.6785263458,59736.161473654196,66529.25462861922,57199.14537138077,1908.2143858380655,2027.2810743986697,2135.8832012236385,2239.667642904566,61660.30211785238,62028.54171375433,62043.15632513724,61433.645188883616,61722.159999999996,63011.42,60722.60600000001,11.489864966016942,26.941924408914428,-79.39149292350741,-109.14185007095188,15.84752519373701,12.179870781151259,-88.51013503398305,-7.570339033454982,-3.679270471116997,41.43847572911007,62152.1,61985.0,62068.55,59510.1,0.0,0.0,62155.95,62525.0,60266.0,61379.850000000006,0,0.3358170553241464,0.3364432721074594,0.33289297537622764,0.3334381569836182,0.33509914070006236,0.3356737616577396,0.33569649910460087,0.3347438042803184,0.33519589811819606,0.3371915233765491,0.33362082348004285,0.3380347586653311,0.33227408565626876,0.3420890805776887,0.3320416974918778,0.3424424450562199,0.3278619949577918,0.33586583121520686,0.33560598869407393,0.3357359943522864,0.3316762731477902,0.3358718100616484,0.3364432721074594,0.33289297537622764,0.3346592823290261,0.3440688592997847,0.4461974683242264,0.475838920031689,0.11489864966016942,0.2694192440891443,0.4143847572911007,0.11489864966016952,0.14815169189053165,0.3760818143475525,-0.15746189307508918,-0.15466564335603272,-0.24712138466231826,-0.10473649569554588,0.7554447120111768,0.7614943951950944,0.7667103598338182,0.2824203773236257,0.2578690724864787,0.7714529155307667,0.0,0.0,0
2024-10-10,60607.7,61288.0,58900.0,60295.6,32.31957604343843,43.4395872276113,46.817289882496404,63.59923454376985,487.30558358287766,63122.279210947505,59725.8007890525,66348.07608378593,59386.94391621406,66387.06218511412,57519.69114821922,1976.755187861199,2053.0467119416217,2147.888763070132,2244.612054807747,61205.40141190159,61713.46140216263,61876.722389409886,61389.015965790146,61424.04,62867.509999999995,60706.106,18.31496062992124,21.315023105270008,-108.62499581763642,-137.91791671125588,15.760644346524126,12.07698537143531,-81.68503937007875,-4.711363406493382,-4.556002646666822,41.52311975303456,61682.0,61985.0,61833.5,59510.1,0.0,1.0,61364.2,61364.2,58900.0,60272.825000000004,0,0.33322550190627603,0.3343020647562739,0.3304709045778237,0.3327277040563493,0.3341719704234331,0.334969506428428,0.33522444370264887,0.33446093709059405,0.3345159620831909,0.3367578036391961,0.3333819465006311,0.33714831783490595,0.33181243567799856,0.341965323998276,0.33126413094623575,0.3420221449616988,0.32818758441475604,0.33492030366005665,0.3353931649146532,0.3351570137843022,0.33146375790092925,0.3344219312901865,0.3344219312901865,0.3304709045778237,0.33269128085406796,0.3231957604343843,0.434395872276113,0.46817289882496405,0.18314960629921243,0.2131502310527001,0.41523119753034554,0.18314960629921245,0.04237410052876244,0.3139040904716579,-0.21389541873589699,-0.19451511874584906,-0.15576697306481618,-0.12944121798084993,0.7589717737010794,0.7627567132168382,0.7672706133120453,0.2819033539811594,0.25708538432753725,0.7716733393223391,0.0,1.0,0
2024-10-11,60295.6,63436.0,60064.4,62499.6,54.87404408312958,52.91137861149826,52.49246973613505,113.1198017059578,412.4684272074937,63346.86648121354,59843.13351878646,66304.75838018562,59349.07161981438,66213.3258820757,58039.374117924286,2176.018732452456,2147.229089660077,2206.160726733459,2282.1783196474885,61636.80094126773,61856.39569267852,61936.04406660895,61432.5682808572,61595.0,62826.915,60748.992,48.51278319114815,26.10586959569544,-20.704038987060144,-43.5226291841304,14.871236658294277,11.573822612804346,-51.48721680885185,2.812304655370947,-1.2823894553122284,43.22283616093875,61682.0,61985.0,61833.5,59510.1,0.0,0.0,60451.649999999994,63436.0,60064.4,61573.9,1,0.33112798459535386,0.33602451837592556,0.33075784018126797,0.3345893974830355,0.33324859421078373,0.3335915571380672,0.33371566180005324,0.3329285646365582,0.3331831760580789,0.33509338315760956,0.33184989808000254,0.33588879638599506,0.3304023113723117,0.34029716992689446,0.3296038655903024,0.3401637720809453,0.32745590698524485,0.3333192822692732,0.33379186646687325,0.3335558535375932,0.3298648020159972,0.33137704385626443,0.33602451837592556,0.33075784018126797,0.3331501384596538,0.5487404408312958,0.5291137861149826,0.5249246973613505,0.4851278319114815,0.2610586959569544,0.4322283616093875,0.4851278319114815,0.07527056352412052,0.26825164823349085,-0.04138442769854026,-0.062095190261141346,0.09346984937386701,-0.03662331165426971,0.7685711665906969,0.7672399102483712,0.7699462229492445,0.2764508455780531,0.2531617082401866,0.7733323751078105,0.0,0.0,1
2024-10-12,62499.6,63467.4,62457.9,63177.5,59.69397011918323,55.38611165411853,54.075174897555605,204.7063451896538,370.9160108039257,63702.05704072009,59999.94295927991,66274.42371456053,59342.16628543948,66113.80960027034,58477.07039972967,2009.3731992449623,2065.9627261129285,2149.176882603294,2239.7557089925726,62150.36729417849,62096.59647582788,62054.27796502715,61500.99697572555,61851.0,62808.295000000006,60732.442,58.8012921850299,41.87634533536643,53.96990546365455,6.933237484735006,14.062332412629456,11.104112070800731,-41.1987078149701,4.223202870458201,-0.5859962014102327,44.32439071158898,61682.0,62044.0,61863.0,59510.1,0.0,0.0,61397.6,63467.4,61397.6,62900.6,1,0.3364002495037142,0.33788410330265395,0.336335816617037,0.33744192709883636,0.3358593450397843,0.3357758022854294,0.3357100036608743,0.3348457316156736,0.335393333538383,0.3368759437033722,0.3336326521346643,0.33824059267279977,0.33246262369761714,0.3420673921296673,0.3314001551916975,0.34183269229102964,0.3299854059350299,0.33512929669337377,0.3356940165061746,0.3354120552348282,0.33167248373746994,0.33468338504020756,0.33788410330265395,0.33468338504020756,0.3370177459083562,0.5969397011918323,0.5538611165411853,0.540751748975556,0.588012921850299,0.41876345335366433,0.44324390711588985,0.588012921850299,0.13562993593042916,0.2423576206277036,0.10752255306265648,0.009904301104395963,0.1398508318508436,-0.01674118434674703,0.7606075655084495,0.763383552667589,0.7673305388715914,0.27121970850564936,0.24935452354320148,0.7714568458038564,0.0,0.0,1
2024-10-13,63177.5,63269.5,62012.1,62838.7,56.19427213969609,53.862544169285705,53.14604679213581,247.1025676319914,346.15332216953885,63831.951078590406,60292.60892140961,66243.62380547253,59326.24619452747,66135.92695180257,58613.11304819744,1901.9484564956822,2008.208245676291,2106.711316765042,2207.01051869282,62379.81152945233,62231.52438931371,62128.98482550075,61553.455917853964,62062.280000000006,62784.935,60706.61,58.74448156544558,55.35285231387454,60.504120710562205,-7.093848746220101,13.072418388394086,10.565993351700646,-41.25551843455442,3.479240324145044,-0.7380038827344756,44.071509475590915,61682.0,62710.0,62196.0,59510.1,0.0,0.0,62838.55,63269.5,62012.1,62824.45,0,0.33886464948672657,0.339005256696464,0.3370661944708718,0.3383451368165738,0.33763715035938563,0.3374072928973707,0.33724803844653506,0.3363494456636869,0.3371443026925417,0.33826244537979766,0.33501237893694996,0.3398606001760896,0.33435215744429403,0.34344739253400086,0.3327938894896748,0.3432899335620501,0.33162818206064903,0.33655084739076463,0.33814707995681725,0.3373521485879847,0.3330922317112394,0.33834490620924895,0.339005256696464,0.3370661944708718,0.33832322674589294,0.5619427213969609,0.5386254416928571,0.5314604679213581,0.5874448156544558,0.5535285231387455,0.44071509475590914,0.5874448156544558,0.163260872070819,0.22675782556407814,0.12042103953485482,-0.010133722730861074,0.11545750172384732,-0.021082700772832207,0.7551159781535578,0.7605496015827399,0.7653357953777077,0.2644216738971247,0.2448069184921807,0.7699847171286371,0.0,0.0,0
2024-10-14,62838.7,67300.0,62422.5,66080.1,73.52150990903884,64.05124083521576,60.042888728552306,536.0762169229056,384.13790112021223,65454.500474820925,59473.29952517908,66574.0962071899,59178.9237928101,66456.50528640355,58700.00804692979,2327.0272484248703,2213.157656699413,2238.6536350143256,2296.026834736393,63613.241019634894,62931.265409438485,62505.2815087864,61730.97137205577,62463.9,62876.509999999995,60744.594000000005,85.47738095238103,67.67438490095218,235.08368087526432,109.98583404647113,13.990043061492784,10.97473451114561,-14.522619047618978,6.471072555865816,2.85064577282619,54.95701086679603,63100.0,63100.0,63100.0,59900.1,0.0,0.0,63008.1,67300.0,62422.5,64660.325000000004,1,0.3345277679316504,0.3411527314011133,0.3338867344365951,0.33938435748298923,0.33570989007477336,0.33466978080572124,0.3340145627648888,0.3328124675396398,0.3339506833025841,0.3345858000013852,0.3312599127775908,0.338465207690444,0.329222673803738,0.34010422901453796,0.3287449618979357,0.3399333400729407,0.3279628694128716,0.33492813388632703,0.33492813388632703,0.33492813388632703,0.3299112562276326,0.33478750663752127,0.3411527314011133,0.3338867344365951,0.3372860775950169,0.7352150990903884,0.6405124083521576,0.600428887285523,0.8547738095238102,0.6767438490095218,0.5495701086679603,0.8547738095238102,0.3429078400744064,0.25063656888494623,0.4383345300899997,0.1558422728628114,0.21241816121313736,0.08126740254882285,0.7752776513432689,0.7702627319721335,0.7714076505667317,0.27073861847916864,0.24827989727919758,0.7739370885135614,0.0,0.0,1
2024-10-15,66080.1,67999.0,64762.1,67057.4,76.7556439394088,66.45645577690875,61.8219947780666,834.3321960890389,474.1767601139776,67003.61767121985,58928.66232878014,67196.10353689932,58949.64646310069,66821.21575280649,58865.71091386019,2457.0090700784604,2286.2821097923124,2286.1891762041196,2327.3892735785134,64761.29401308994,63681.47169863149,62938.8166031877,61939.8509260928,62966.13999999999,63072.875,60829.502,89.65161006704027,77.95782419495562,230.58860661396966,146.97649971403422,15.087802516495668,11.499361934394509,-10.34838993295973,8.096074796485846,6.220962742020044,59.57743956016107,63449.5,63449.5,63449.5,60249.6,0.0,0.0,64459.4,67999.0,64459.4,66474.65,1,0.33807351550144116,0.34083999533023174,0.33612802330652053,0.3394920512834141,0.3361268219383774,0.3345041834245409,0.3333727225368515,0.3318302861813231,0.3334145783160161,0.3335779143411366,0.3300874812391065,0.33941450808654505,0.32703154902914067,0.33969175655788253,0.32706579958950993,0.33915107288290286,0.32692872852030763,0.33415213938673377,0.33415213938673377,0.33415213938673377,0.32916504711174926,0.3356758139694832,0.34083999533023174,0.3356758139694832,0.3386486229180335,0.767556439394088,0.6645645577690875,0.618219947780666,0.8965161006704027,0.7795782419495562,0.5957743956016107,0.8965161006704027,0.5051685363641988,0.30599244580949014,0.4310431866668587,0.20693436572316945,0.26350308428974234,0.17589339885694916,0.7807106980142955,0.7735119540063056,0.7735078908662224,0.2778061377189619,0.2525677597756963,0.7752932008609145,0.0,0.0,1
2024-10-16,67057.4,68525.0,66727.0,67595.1,78.44554317057606,67.73551753070058,62.77939305364978,1101.3939211213146,599.620192315445,68338.97529098688,58553.74470901312,67686.63413884246,58704.045861157516,67099.9573914028,59214.30927526387,2362.864917210109,2251.4048162357185,2262.942072575352,2309.7429644592294,65705.89600872663,64393.04048069849,63382.27216478887,62161.62539957935,63446.36,63195.33999999999,60994.07,90.33870129870137,88.48923077270756,201.59052970600388,162.37183341436042,16.29011820694709,12.099415992920033,-9.66129870129864,7.647679912856396,3.7597205038544357,62.42061114382815,63712.5,63712.5,63712.5,60512.6,0.0,0.0,66568.75,68525.0,66568.75,67476.125,1,0.3402277063540685,0.3423213352627287,0.3397502622051379,0.3409998683477915,0.33826014160876483,0.33631104353170543,0.33478411352353027,0.3329084976369851,0.3348816239956749,0.33449914945953374,0.33108093161955726,0.34205837192467425,0.327149720177916,0.3411307237497092,0.32739636374044995,0.340289038477957,0.32822919441384635,0.3352855452316998,0.3352855452316998,0.3352855452316998,0.33031745423426306,0.3395207733188864,0.3423213352627287,0.3395207733188864,0.3408295277031245,0.7844554317057606,0.6773551753070057,0.6277939305364978,0.9033870129870136,0.8848923077270756,0.6242061114382814,0.9033870129870135,0.6256662489607933,0.37973228929072306,0.38266750515890247,0.22788716661444702,0.24954042985889713,0.10700930216493665,0.7768053235273256,0.7719753731646566,0.7724862852677431,0.28501351363952,0.257256764852023,0.7745324381440145,0.0,0.0,1
2024-10-17,67595.1,67921.0,66650.1,67390.4,75.9917698281756,66.6929008666009,62.1563301737561,1281.7494729714235,736.0460484466407,69299.98669594781,58632.5733040522,68006.45889250458,58548.61110749541,67468.96023524752,59319.65976475249,2206.8699290372356,2181.3687579331668,2215.7019738812874,2275.1148656439213,66267.3973391511,64938.0149387533,63763.99862528517,62366.675383909576,63966.280000000006,63277.534999999996,61161.61600000001,88.21194805194799,89.40075313922988,138.36114522899493,140.1841545376041,17.353063332425172,12.644962636325776,-11.788051948052008,8.360025212570262,2.5003612359593195,62.79746559777808,63712.5,63712.5,63712.5,60512.6,0.0,0.0,67326.25,67921.0,66650.1,67389.15,0,0.34246089062587043,0.3429262424184746,0.3410991532767052,0.34216748886097453,0.3405423627372778,0.33858380709168945,0.33682166536206065,0.3346830568000422,0.337127502608833,0.33608230929765576,0.33280125033559416,0.34487167284153525,0.3287328867750431,0.3430479114235445,0.3285949401152388,0.34228019307821256,0.3298546497991545,0.33674365293451963,0.33674365293451963,0.33674365293451963,0.3317728889657662,0.34207536357654106,0.3429262424184746,0.3410991532767052,0.34216569455683876,0.759917698281756,0.6669290086660089,0.621563301737561,0.8821194805194799,0.8940075313922988,0.6279746559777808,0.8821194805194799,0.6934128868892665,0.45476974766441935,0.26986878048655305,0.19762813627178458,0.27167138006970254,0.07131761020808497,0.7699783496711258,0.76881661520835,0.7703775772921686,0.29097964996645387,0.26133704158880133,0.7730225262181849,0.0,0.0,0
2024-10-18,67390.4,69049.7,67157.0,68402.4,79.66121665707948,69.21571165790645,64.01047173362042,1489.1761933899325,886.6720774352991,70371.92652266957,58816.97347733042,68530.28856079768,58282.7214392023,68019.28560472402,59213.24772860933,2161.9885106033444,2160.7495609379403,2200.3209275059876,2262.3677034557904,66979.0648927674,65567.90313170724,64205.75113716277,62603.37046689352,64594.45,63406.50499999999,61343.348,93.62247160014579,90.72437365026504,128.83984883957146,154.29554992021573,18.744898147595386,13.385613769150577,-6.377528399854214,10.112088241117691,3.9186910350485307,61.925361207504906,63974.85,63974.85,63974.85,60774.95,0.0,0.0,67492.75,69049.7,67157.0,67999.875,1,0.34271105154720466,0.3450653644329952,0.3423753980844214,0.3441535192250337,0.3421187499120223,0.3400596646530596,0.3380310495503105,0.33559076457891374,0.3386141362169062,0.33682131127028714,0.33362914145876466,0.3469025261287181,0.3295761772851481,0.3443343348967095,0.32869764412708885,0.3436098866360525,0.330222867787555,0.33768305846541613,0.33768305846541613,0.33768305846541613,0.3327314974252481,0.3428578868830835,0.3450653644329952,0.3423753980844214,0.3435822645117223,0.7966121665707948,0.6921571165790645,0.6401047173362042,0.9362247160014578,0.9072437365026503,0.619253612075049,0.9362247160014578,0.7585469821977394,0.5306968511742168,0.252123998080373,0.21692044542579747,0.32485875686524973,0.11149709467013934,0.7679246114151316,0.7678673154735599,0.7696812880759112,0.2982895136335609,0.2666228663396074,0.7724609117390446,0.0,0.0,1
2024-10-19,68402.4,68685.0,67980.0,68369.5,79.20208289334454,69.03264785881811,63.903595872969476,1632.0948353885906,1035.7566290259574,70876.27657205651,59864.983427943465,69038.52856774037,58054.26143225963,68509.83302027425,59085.81364639242,1953.8472948028666,2056.767449442373,2129.1151690533216,2210.4554466739305,67442.54326184494,66077.28438048773,64602.29864790918,62829.49319368201,65370.62999999999,63546.395,61528.72,93.29832408839673,91.71091458016349,107.49772141373988,142.7567921661195,20.037316190253442,14.089232345334139,-6.701675911603272,12.806623580832143,4.266779723569776,61.42617708252696,64557.05,63974.85,64265.95,60774.95,0.0,0.0,67896.4,68685.0,67896.4,68359.225,0,0.34640136376378855,0.3468007754646396,0.34580137607249456,0.3463547608236144,0.34503271744969444,0.3430531666972057,0.34086954131124825,0.3381803096811803,0.342012956404757,0.33927652761685545,0.3361600793941472,0.3498448266985044,0.3335151822674578,0.347298198083526,0.3305548227329028,0.34655339185570166,0.3322520399242802,0.34080179380155595,0.33992598874338686,0.34036485006253203,0.33497044612126875,0.34568220057388765,0.3468007754646396,0.34568220057388765,0.34634020180622394,0.7920208289334454,0.6903264785881811,0.6390359587296948,0.9329832408839672,0.9171091458016349,0.6142617708252697,0.9329832408839672,0.7961701576317513,0.5983059505890522,0.21174298401644714,0.20115721203457027,0.40271682999658814,0.12130764642492746,0.7578067359293456,0.7629376911681882,0.7663931327219827,0.30462978222359,0.2713981399738506,0.7701406150903287,0.0,0.0,0
2024-10-20,68369.5,69428.0,68074.9,69034.0,81.68894416911758,70.71723556483882,65.13803271441333,1778.477306066874,1184.3007644341408,70969.24501013513,61519.694989864875,69820.93212858312,57847.577871416855,69058.15657676007,58928.17008990659,1868.0262526881722,2006.5054887679182,2092.1620657650687,2181.8769317847996,67973.02884122997,66614.86903858087,65024.365443346396,63072.80718608663,66244.47,63834.25499999999,61730.512,96.25759878419453,94.39279815757902,100.85373548860761,131.39790442293534,21.504251795454852,14.904324344031977,-3.742401215805471,14.492599791692928,9.098437341964189,61.527154546522944,65720.05,64164.0,64942.025,60964.1,0.0,0.0,68385.95,69428.0,68074.9,68726.6,1,0.34761557109586694,0.3491047526172496,0.3471971288085815,0.3485530299919092,0.3470520252464251,0.3450970962623322,0.34275806514468543,0.3398112346618212,0.3445572455268343,0.3409713651113719,0.33773277383327427,0.35123419806453116,0.337402375496754,0.34965196487272515,0.3314649870895159,0.3485869444527651,0.3332490804111296,0.3437878928872797,0.3414696133398392,0.3426354709882004,0.3365263655968679,0.3476388847195611,0.3491047526172496,0.3471971288085815,0.34812045039383827,0.8168894416911757,0.7071723556483882,0.6513803271441333,0.9625759878419453,0.9439279815757903,0.6152715454652294,0.9625759878419453,0.8292253618216094,0.6581448780792526,0.19901571879696622,0.18553722640610773,0.44871220496345166,0.2542537719565483,0.7533172853739029,0.7604648179948147,0.7646431151729722,0.3113704260044924,0.2766591043571456,0.7688398979232326,0.0,0.0,1
2024-10-21,69034.0,69555.0,66853.3,67368.1,60.52244933510038,61.661163026971636,59.758462372325155,1740.0045716288732,1295.4415258730874,70765.02852075321,62697.61147924677,70167.46707422598,58158.85292577401,69328.16760221333,58928.59906445333,1987.1225023041472,2056.1622395702097,2121.1876816810177,2199.204367391973,67771.38589415333,66751.82012247526,65247.578258265785,63241.250041534215,66731.31999999999,64163.159999999996,61932.552,79.47536367902399,89.67709551720509,68.25636167404159,93.36257479005197,21.91455995269148,15.252282964520777,-20.52463632097601,7.789649853759076,10.821023194604386,54.19340548176136,65783.55,64227.5,65005.525,61027.6,1.0,0.0,68701.75,69555.0,66853.3,68202.6,0,0.34778634194163094,0.3485150806610665,0.3446771504328142,0.3454199048362741,0.3459979370878167,0.3445300818807908,0.3423243237610329,0.33930449924048245,0.34450034603462976,0.3407034450326437,0.3372844016627914,0.3501873716874946,0.33847029162837117,0.3493650210431637,0.3312198804279225,0.3481984557423746,0.33248711668917463,0.34311584169996057,0.34080035060724867,0.34196479787764344,0.335863268720943,0.34731882504333045,0.3485150806610665,0.3446771504328142,0.3466123249286942,0.6052244933510038,0.6166116302697163,0.5975846237232516,0.7947536367902398,0.8967709551720509,0.5419340548176136,0.7947536367902398,0.8210408745731883,0.6981220298737174,0.13567099283293724,0.13258982774685268,0.2539728096113843,0.29968373027526835,0.7594946006195369,0.7629082758477688,0.7660202760918364,0.31317725143157116,0.27882333890322886,0.769630552930108,1.0,0.0,0
2024-10-22,67368.1,67847.0,66560.9,67409.5,60.816812609888466,61.79211249547585,59.84499767559862,1693.335568047769,1375.0203343080236,70423.54555487056,63885.494445129414,70434.3529153643,58571.16708463569,69582.66910522505,58931.40422810828,1886.9764305464128,2001.1577938866237,2081.4216016009696,2168.767555145574,67650.7572627689,66871.39828202521,65453.47556700238,63404.710824219146,67154.51999999999,64502.759999999995,62098.407999999996,79.86391365556076,85.19895870625976,45.83570923473539,68.83229173146158,22.07875909900263,15.484068401590116,-20.13608634443923,6.698587313521427,11.204685115684414,52.64578801337793,65988.75,64227.5,65108.125,61027.6,0.0,0.0,68201.05,68201.05,66560.9,67296.375,1,0.34676980210695824,0.3474561408200113,0.34560218888812877,0.34682932115381016,0.3471754636565662,0.3460529389545165,0.34397779099236114,0.34090122619322155,0.3464621830232044,0.34256189292771727,0.33888899525942895,0.35106999769258485,0.34163174964924187,0.35108488433226376,0.33324423242796286,0.34990488183084334,0.333835561841159,0.3447662401740046,0.3421481784111679,0.3434657768571488,0.33720877648358816,0.34796053840521557,0.34796053840521557,0.34560218888812877,0.34666660215134776,0.6081681260988847,0.6179211249547585,0.5984499767559862,0.7986391365556077,0.8519895870625976,0.5264578801337794,0.7986391365556077,0.8106391547868945,0.7243231301569953,0.09141548726383833,0.09801613781074352,0.21964800761403036,0.3096279535462966,0.7543260862806767,0.7601980774894368,0.7641286727042308,0.313891267498664,0.28023943630427073,0.7682375323352586,0.0,0.0,1
2024-10-23,67409.5,67477.7,65240.2,66659.1,52.533417877785,57.92982840192488,57.49207049809195,1577.613293811315,1415.538926208682,69194.98253771367,65878.13746228632,70536.03851951129,59062.80148048871,69750.36064997717,58987.25935002281,1937.0512261826395,2018.0393800375791,2088.853906286638,2171.0586366407215,67320.20484184593,66832.79859438427,65568.29694157359,63532.33392915173,67536.56,64799.42,62282.586,72.82121069920231,77.38682934459568,18.01374892700217,43.5047738975436,21.30883861158399,15.275313380854001,-27.178789300797693,6.079692928084141,9.770460380167282,55.611455468862786,67158.55,64227.5,65693.025,61027.6,0.0,1.0,67388.8,67477.7,65240.2,66696.625,0,0.3467270298808907,0.3468249977612055,0.3435597146476671,0.34564271015894893,0.34659861397453795,0.34589475053554475,0.3440452434601272,0.3409935661805811,0.34690947183358284,0.34290370053487684,0.3390731378039552,0.3492607242822586,0.3445016016061137,0.3511224102701965,0.33394854068303903,0.35003592246314474,0.33382509792512927,0.3463657168424968,0.3420460449389003,0.34422920353418324,0.3371068177245519,0.3466972757655037,0.3468249977612055,0.3435597146476671,0.34569721355611105,0.5253341787778499,0.5792982840192488,0.5749207049809195,0.7282121069920231,0.7738682934459569,0.5561145546886279,0.7282121069920231,0.7824827644726104,0.7369142183123876,0.03601191827830269,0.06206978102097718,0.19992692069430984,0.2721237695855366,0.7569438224600161,0.7610377122846536,0.7644849441217387,0.310498295023529,0.27896494432612634,0.7683430677301175,0.0,1.0,0
2024-10-24,66659.1,68847.2,66509.3,68171.2,64.04587255532039,62.95461535360965,60.75662531623673,1589.5925570869076,1450.349652384327,69119.73485450889,66371.6051454911,70876.52365010361,59333.046349896416,70051.00737045487,58948.119296211815,1994.3153367279758,2040.8865671777517,2100.713244082512,2176.620015419364,67603.86989456395,67076.1443044962,65816.19247094753,63714.25024565559,67745.67,65104.78500000001,62487.25399999999,85.41925694898106,79.36812710124805,54.069378864802744,71.08621029788914,21.252952885728753,15.39827620223599,-14.580743051018937,3.16449278981114,9.840341970130776,57.40555130333747,67397.6,64227.5,65812.55,61027.6,1.0,0.0,67034.3,68847.2,66509.3,67546.7,1,0.3453949574514835,0.34852420919864524,0.3451771007429477,0.34756785734173623,0.34675812345488033,0.3459989840283334,0.3441628778895171,0.34102266706608153,0.346961126078319,0.343111067658882,0.3391429462169606,0.3489071980304926,0.3449764292547565,0.3513413949741854,0.3341421117168782,0.35020494015159925,0.33351434609810193,0.346462087468274,0.3417985881017922,0.34415752060485133,0.3368597849354978,0.34593854319004297,0.34852420919864524,0.3451771007429477,0.34667616168223064,0.6404587255532038,0.6295461535360964,0.6075662531623673,0.8541925694898106,0.7936812710124805,0.5740555130333747,0.8541925694898106,0.785559875796234,0.7473387500198435,0.10771919561216495,0.10120407039854147,0.10509360076190999,0.27397152788390183,0.7598557380356036,0.7621629447317679,0.7650508121618171,0.3102474713771867,0.2797176219685993,0.7685987823359077,1.0,0.0,1
2024-10-25,68171.2,68755.0,65524.5,66666.8,49.97648277211255,55.81227430631803,56.24425923829252,1460.8538880625129,1452.4504995199643,69175.640103026,66237.57989697403,70966.80069576223,59705.94930423777,70197.69855034296,59037.2081163237,2170.9131457668364,2125.858955236484,2154.5126134119164,2211.7493482387185,67291.51326304264,67001.71806731507,65897.20271180967,63830.03651053184,67706.61000000002,65336.375,62697.58,61.70968725556489,73.31671830124942,11.479856048424375,44.81428978465289,20.559266852820354,15.209046815788529,-38.29031274443512,-0.5824860492652434,7.466430240992993,52.55773713235793,67397.6,64227.5,65812.55,61027.6,0.0,0.0,67415.15,68755.0,65524.5,67279.375,0,0.34601672743716,0.34684276856067603,0.34218377148106416,0.3438561036632006,0.344758993281607,0.3443411696820069,0.3427324896442273,0.3396503898063327,0.3453544503672824,0.34190565344551965,0.3379207600266663,0.3474337472717006,0.3432309989793007,0.34991185831391136,0.33320222994255555,0.34885530240145407,0.3321163065593189,0.3449115125334966,0.34025042237909503,0.3426081222000575,0.33531429609772645,0.34493672148627613,0.34684276856067603,0.34218377148106416,0.34474152744958453,0.49976482772112546,0.5581227430631803,0.5624425923829253,0.6170968725556488,0.7331671830124943,0.5255773713235793,0.6170968725556488,0.7504142444105395,0.7479564311328951,0.02295567855568074,0.06393309215897225,-0.019413762112633827,0.2101483811908639,0.7683363692117464,0.766240150140608,0.7675783845903734,0.3070805740491388,0.27855695317847684,0.7701991070300855,0.0,0.0,0
2024-10-26,66666.8,67442.7,66408.4,67069.1,53.18498800043997,57.210326461801984,57.13809587143456,1375.4346586210304,1437.0473313401776,69172.0930713754,66135.92692862458,71102.25207642293,59998.117923577076,70328.41075503324,59034.71591163342,2008.5398392287173,2047.890458433878,2101.1691556303967,2172.501036630761,67217.3755086951,67013.96932780324,66008.81197735161,63957.05860815805,67654.01,65550.185,62960.28199999999,67.04317967890341,71.39070796114979,-3.4330016228688627,40.28385150097277,19.915129822262553,15.02927889866344,-32.95682032109658,-0.7781629141757316,6.81000558980395,52.947862349296976,67397.6,64227.5,65812.55,61027.6,0.0,0.0,67419.0,67442.7,66408.4,66896.75,1,0.3455895762526062,0.34671038938744386,0.3452135030106087,0.3461722797724675,0.34638619304501195,0.3460926273225654,0.3446291469258679,0.34157367874142247,0.347013469661792,0.343954216502121,0.34005489468149797,0.3491642519904542,0.34481540999166604,0.35183370619533616,0.3354003468844725,0.35077200829006905,0.33383860512394375,0.34664558369186166,0.3419818016776697,0.3443408787994051,0.33704268445147995,0.34667633930238906,0.34671038938744386,0.3452135030106087,0.34592305841836,0.5318498800043997,0.5721032646180199,0.5713809587143456,0.6704317967890341,0.7139070796114979,0.5294786234929698,0.6704317967890341,0.7244544049224929,0.743397551173773,-0.0068658953553958815,0.05748491351993389,-0.025932948002627416,0.19215283898425958,0.7605661039136236,0.7625053685820975,0.7650725021857674,0.30404728120115243,0.2774416981122009,0.7684094527369502,0.0,0.0,1
2024-10-27,67069.1,68311.6,66905.2,68001.1,60.10164428379636,60.34084141871982,59.16712484674016,1367.1838702139357,1423.0746391149294,69234.96503723029,66195.19496276969,71265.87495155698,60415.48504844304,70517.12679560357,58996.30653772975,1922.5198621960446,2002.0697114028874,2068.0849101241874,2146.964335409736,67478.61700579674,67193.44763183901,66198.55369379431,64115.64846666166,67715.07999999999,65840.68000000001,63237.513999999996,78.21381002453566,68.98889231966798,34.26612375934488,56.69381710136367,19.764836294628545,15.07225068473248,-21.786189975464342,0.9062121607825621,9.341996938473624,53.71115809651296,67397.6,64227.5,65812.55,61027.6,0.0,0.0,66867.95000000001,68311.6,66867.95000000001,67571.75,1,0.34731780718592453,0.34909698897096286,0.34708073164320297,0.34865533055463016,0.34790771404184784,0.34749729741047575,0.3460521079798477,0.34295709212655395,0.3482467594870214,0.3455271080318119,0.341622998857544,0.3503989839895294,0.3460471935192453,0.35320439350906174,0.33721103406272923,0.35217924229431496,0.33491649057218437,0.34779128531418524,0.34312575018547115,0.34548572430496316,0.3381846849696995,0.34702677236302926,0.34909698897096286,0.34702677236302926,0.3480413872684682,0.6010164428379636,0.6034084141871981,0.5916712484674016,0.7821381002453566,0.6898889231966798,0.5371115809651296,0.7821381002453566,0.7218303129625758,0.7392013983577516,0.06842515760753798,0.08081454165352357,0.03019788772407271,0.2607511623365327,0.7561912048209244,0.760243613855639,0.7634861716112828,0.30332609933352206,0.2777094224997542,0.7672275851864161,0.0,0.0,1
2024-10-28,68001.1,70449.9,67571.4,69947.6,70.66286358860653,65.94467266101006,63.007376746476275,1500.4154876133543,1438.5428088146143,69874.40410813538,65864.79589186463,71656.58440731585,60807.465592684144,70939.68284042172,58848.72382624494,2059.0884533108956,2064.67187487411,2106.6761048801786,2171.348857562745,68301.61133719783,67694.20260786828,66555.60572295675,64344.3524483612,67869.6,66232.025,63539.46599999999,91.16881746896887,78.80860239080265,170.98215940170496,97.04721596690972,20.55363636033735,15.581334259278066,-8.831182531031132,2.258985064851543,12.599503869080692,61.0919453941092,67845.04999999999,64674.95,66260.0,62028.7,0.0,0.0,67535.1,70449.9,67535.1,68992.5,1,0.34756071997900495,0.3509908995205485,0.34694648884758716,0.3502968255529769,0.34798805251198056,0.3471224134011509,0.34547929064608923,0.34220894618656494,0.3473731486902443,0.34500735810248806,0.3409914953857895,0.3501952807264993,0.3444690536601156,0.3526388591727522,0.33674498234795763,0.3516630700000597,0.3335854302644975,0.34733809162161927,0.3427047369342,0.3450482468474421,0.3386655403926722,0.3468944268760381,0.3509908995205485,0.3468944268760381,0.3489636380919241,0.7066286358860653,0.6594467266101006,0.6300737674647627,0.9116881746896887,0.7880860239080265,0.610919453941092,0.9116881746896887,0.7617104608422373,0.7438432319896505,0.32922992762107706,0.13775740909761405,0.07515750776094864,0.34520154819889276,0.7630504199362231,0.7633210815611189,0.7653341247419467,0.30705445429335626,0.2808277620490885,0.7683564283977271,0.0,0.0,1
2024-10-29,69947.6,73681.8,69735.4,72757.5,79.70874971771728,72.07815134953573,67.622830335283,1811.8520483950706,1513.2046567307057,71872.9089861012,64743.891013898785,72329.45368973947,61349.57631026052,71804.6610748753,58462.79892512469,2328.7043885521975,2199.0810266688172,2194.2820046477896,2230.51722897732,69786.90755813189,68614.80213371041,67146.2623207704,64674.27980332743,68308.4,66839.515,63854.325999999994,89.05065390447305,86.14442713265919,288.87757108014586,178.98504420336758,22.297810758654936,16.62737914625374,-10.949346095526941,6.4180665355165685,20.046627738719675,63.57161205729344,69461.0,66290.9,67875.95,63644.65,1.0,0.0,68974.35,73681.8,68974.35,71530.57500000001,1,0.3476903414664618,0.3527345453743698,0.34739591352972354,0.35150948306681273,0.3474674600844956,0.3458265400090009,0.3437318723081898,0.3401037169259042,0.34539310751217,0.34328874498907747,0.33887059201203684,0.35032282691302186,0.34020770800756844,0.350937028051534,0.33500669268637007,0.35023068629069587,0.3303600079396841,0.34701389315639525,0.34249128568539317,0.3447781547151267,0.33855280456153547,0.34633276762157916,0.3527345453743698,0.34633276762157916,0.3498597887192043,0.7970874971771729,0.7207815134953574,0.67622830335283,0.8905065390447305,0.8614442713265918,0.6357161205729345,0.8905065390447305,0.836048860718325,0.7652665181454867,0.5210319063211115,0.25026258323724854,0.21073038583865425,0.5173839315159768,0.775349666664482,0.7696249468972196,0.7694065793178492,0.31483593973012336,0.2869453326609893,0.7710437004844951,1.0,0.0,1
2024-10-30,72757.5,73044.2,71455.1,72386.3,76.09265317850507,70.27745851817322,66.4724346431522,2005.5957692537486,1611.6828792353144,72967.66942169775,64319.59057830226,72569.12332767034,62318.97667232966,72556.79377219622,58317.96622780378,2223.046618759025,2155.5109533353298,2165.4638139502754,2209.1366546780755,70653.37170542126,69300.52901849034,67645.31352831608,64976.711967902826,68643.63,67444.05,64149.64600000001,84.65338324488249,88.29095153944148,203.6956701492904,188.28087274101694,23.917401271378406,17.621121788880632,-15.346616755117502,4.856012979111746,20.052375297700006,63.76408061115834,69461.0,66290.9,67875.95,64121.05,0.0,0.0,71352.55,73044.2,71352.55,72410.77500000001,0,0.35244413847466133,0.3528258458359218,0.3506915640504802,0.3519477549277192,0.34959724328969954,0.34772308395908225,0.34538120090262614,0.3414860854166574,0.3468002229627757,0.34509266663667737,0.3402474335376462,0.35272409683334105,0.34050320576348325,0.352192541557597,0.33744992091622494,0.3521760520430685,0.3310489461038963,0.34794723715120957,0.34342324951601344,0.3457108242324168,0.3402043312351842,0.3505522543225737,0.3528258458359218,0.3505522543225737,0.3519805598643384,0.7609265317850508,0.7027745851817322,0.664724346431522,0.846533832448825,0.8829095153944148,0.6376408061115835,0.846533832448825,0.8709652122326559,0.7911338477129615,0.3862554541275857,0.262668649254888,0.16046806883710227,0.517504178931066,0.7707083616823004,0.7676246895293792,0.7680851538501946,0.3215566405631434,0.292429651648319,0.7700809627296075,0.0,0.0,0
2024-10-31,72386.3,72736.4,69719.3,70332.3,58.85565984245633,61.1708317591226,60.4932421570154,1970.6816386529536,1683.4826311188424,73280.0626140365,64600.03738596349,72571.90133512423,63099.46866487577,72868.5648612953,58642.34847203804,2336.482816079163,2217.0530280970916,2206.017918047881,2236.068766188806,70546.34780361418,69488.12374240119,67901.21700180978,65186.735027985065,68940.05,67835.685,64410.084,60.32150303260048,78.00851339398534,104.30518141638774,129.93647676492395,24.250247795334847,18.00418910121585,-39.67849696739952,4.400005343775462,12.532400207361336,57.33723259678099,69461.0,66290.9,67875.95,64605.95,0.0,0.0,72571.9,72736.4,69719.3,71293.575,0,0.35077210027471445,0.35124016540978886,0.34713267396352854,0.3479809826034233,0.3482755086465406,0.34681087947162337,0.3445735237685651,0.34062639869914985,0.34604380426385434,0.34448004619137124,0.3394678013091344,0.3519626985168587,0.33975241368493314,0.35102051225313063,0.337481679725368,0.35141629473711944,0.33041594062280016,0.34677305559183946,0.34225080634733096,0.3445374922143737,0.33976125973067767,0.35102051046839533,0.35124016540978886,0.34713267396352854,0.3492969332525882,0.5885565984245633,0.611708317591226,0.604932421570154,0.6032150303260049,0.7800851339398533,0.57337232596781,0.6032150303260049,0.8652306901683888,0.8083749851686394,0.20563600604908805,0.1835205633392833,0.14562415748847374,0.34351165144311474,0.7756829909725836,0.7704385075693542,0.769939752495866,0.32288359693498425,0.2944659433875876,0.7712921701379213,0.0,0.0,0
2024-11-01,70332.3,71650.0,68800.0,69495.5,53.13474588161819,57.88021331031155,58.25183332650439,1854.1160760608327,1717.6093201072406,73373.34291309983,64923.95708690017,72422.86508928204,63880.30491071794,73022.13210020743,59080.64789979257,2409.84241378214,2262.2635260901566,2236.6837314741724,2256.533140649179,70196.06520240946,69489.46488014642,68053.0534778279,65355.706203358204,69148.65,68151.58499999999,64637.898,50.40869029567855,65.12785885772051,52.10353373313284,82.66260209194543,24.00283281726606,18.093642264310667,-49.59130970432145,3.0945193184936843,10.0003957104982,55.19727300808241,69603.15,66290.9,67947.025,64605.95,0.0,0.0,71359.3,71650.0,68800.0,70069.45,0,0.34709814695844654,0.34889716022714234,0.3449646174700788,0.3459386563767205,0.34691029051458583,0.3459302449444405,0.3439078529854762,0.3399959395118998,0.3454540832790988,0.3440478944087552,0.33892860951984616,0.3512021764090162,0.33935532544560365,0.3499374633733321,0.3377896272580729,0.3507367137599479,0.33025565744020907,0.3460885745351408,0.34136963333140263,0.3437569368585422,0.3388808392781667,0.34850304998664455,0.34889716022714234,0.3449646174700788,0.346735381721598,0.5313474588161818,0.5788021331031155,0.5825183332650439,0.5040869029567855,0.6512785885772051,0.5519727300808241,0.5040869029567855,0.8443331299007355,0.8161152403165927,0.10383149994346169,0.11754355277220711,0.10278635145461826,0.27819592136671695,0.7787731514693776,0.7724563088738953,0.7713196561403117,0.32189891311394453,0.29493554138975886,0.7722027965426655,0.0,0.0,0
2024-11-02,69495.5,69919.0,68981.6,69363.6,52.20163933026507,57.356464173039804,57.89679018522055,1731.138315328426,1720.3151191514778,73304.30206939045,65533.897930609564,72008.62836133374,64947.03163866626,73117.28979315967,59561.33687350699,2199.4934975275473,2167.6304170837166,2174.8130775944496,2212.562035960873,69918.57680160631,69466.58035648344,68177.86743232048,65512.878509108865,69419.1,68477.83,64815.844000000005,48.84619029567862,53.19212787465255,24.129674789965687,49.13041716915822,23.77309033763076,18.178622769250744,-51.15380970432138,4.057210493391,10.38356936091932,54.274664880915694,69603.15,66290.9,67947.025,65490.15,0.0,0.0,69913.9,69919.0,68981.6,69439.925,0,0.3478452046152086,0.3484340565764932,0.3471259684820056,0.34766109497143993,0.34843346987127954,0.34780486678447403,0.34599061725105706,0.3421310756501354,0.34773860470687273,0.3464158529655762,0.34109653638675347,0.3530204860587144,0.3421621070619485,0.35128985579117,0.3412920645722019,0.3527725358519316,0.332932979114724,0.34799521463394334,0.3432733148302766,0.34566213256548817,0.3420975102372001,0.3484269859126117,0.3484340565764932,0.3471259684820056,0.3477676728212197,0.5220163933026507,0.573564641730398,0.5789679018522055,0.48846190295678615,0.5319212787465255,0.5427466488091569,0.48846190295678615,0.8191052092866583,0.8167167658503388,0.04822191967288663,0.07007128819573563,0.13442182439658115,0.2882653855124879,0.7696436931249073,0.7681851103078108,0.7685157702445273,0.3209757997028499,0.29537962613114943,0.7702358277964639,0.0,0.0,0
2024-11-03,69363.6,69382.9,67456.1,68743.6,47.61600645065575,54.84425434003413,56.205997418287325,1565.6014564602665,1689.3723866132357,73302.73618774582,65649.94381225418,71966.58239500923,65255.42760499078,73200.9598041096,59922.9801958904,2160.537283595039,2150.4282444348787,2163.0029310423324,2203.0366347621766,69526.91786773755,69335.12938257735,68231.74672448043,65639.57346953597,69476.34,68611.005,64991.35600000001,41.501611068991735,46.91883055344963,-13.18988259165876,-0.29468699668237897,22.658745339896566,17.812793454238953,-58.498388931008265,0.8396507616119545,4.030714239233899,53.95594272581637,70045.1,66290.9,68168.0,65565.9,0.0,0.0,69429.55,69429.55,67456.1,68736.55,0,0.3480792299411181,0.3481061941788906,0.3453777173702576,0.34720913005874365,0.3483071738679846,0.34803944005668286,0.34648505257832046,0.342735376798831,0.34823663749572276,0.347022061203986,0.3417753103942473,0.35343724173872515,0.3427506615147105,0.35165179221188986,0.3421675366710054,0.3533023579607364,0.33393281546082715,0.3490269838967649,0.3436908527899549,0.3463945069903066,0.3426267231059036,0.34817133938578826,0.34817133938578826,0.3453777173702576,0.3471991925188707,0.4761600645065575,0.5484425434003413,0.5620599741828732,0.41501611068991734,0.4691883055344963,0.5395594272581637,0.41501611068991734,0.7793584285407952,0.8097313239168792,-0.026373647730197753,-0.0004209813989624437,0.027981052799257944,0.11465682989080798,0.767857495290412,0.7673887200309459,0.7679714994421246,0.3163732828399305,0.2934537141283856,0.7698045792077574,0.0,0.0,0
2024-11-04,68743.6,69497.0,66808.0,67838.7,41.42038393399823,51.31174052534156,53.79829608702264,1345.8799692392204,1620.6739031384327,73129.30625202665,66057.75374797334,71950.12282691002,65350.01717308996,73190.59265570638,60320.260677626946,2236.0319573671763,2188.897655546673,2188.050410516507,2219.235413603437,68964.1785784917,69063.05131301783,68194.31370310133,65725.8137256326,69593.53,68650.06999999999,65166.106,30.782079226686864,40.37662686378574,-34.10688257086507,-29.459460744760747,21.271647762343484,17.28640375228037,-69.21792077331314,1.7578464843070227,1.1651212245031912,50.41836730250002,70244.9,66290.9,68267.9,65565.9,0.0,1.0,69053.6,69497.0,66808.0,68221.825,0,0.34649935668421017,0.34755544290338414,0.34373384145812247,0.3452159820227453,0.3468097113456451,0.34694851352736517,0.345722297541494,0.34215365493176886,0.34768995232517036,0.3463674683646627,0.3413264779544309,0.3524961842470967,0.34264100732126435,0.3509188374887722,0.3415990307908883,0.3525774883991163,0.3338635566338353,0.3485929027238567,0.342981896828994,0.3458267488489298,0.341918020094682,0.3469352536558295,0.34755544290338414,0.34373384145812247,0.3457613609379142,0.4142038393399823,0.5131174052534156,0.5379829608702265,0.30782079226686865,0.40376626863785736,0.5041836730250002,0.3078207922668686,0.714957827436316,0.7933656423889415,-0.0681081594683947,-0.04206011536657091,0.058527915663025516,0.03327688660890925,0.771290524720265,0.7691610089091453,0.7691223126273921,0.31033144687586045,0.2906157819356313,0.7705368511407963,0.0,1.0,0
2024-11-05,67838.7,70540.0,67449.5,69345.7,53.24135930011752,56.35368088143103,57.017948972120024,1278.6123656416603,1552.2615956390782,72946.868575221,66695.511424779,72013.8616708677,65461.33832913231,73300.11396548882,60647.59270117785,2358.0988206004367,2253.297823007625,2231.0242004919114,2248.2775664833225,69091.35238566113,69114.44198337822,68303.9695409012,65867.7700501176,69821.19,68737.6,65389.32,48.634145185746746,40.30594516047512,6.072560791305228,22.968826405434484,20.489857978532996,17.026585717209336,-51.365854814253254,3.3944096461708764,2.589832694973439,48.04444563881034,70244.9,66873.1,68559.0,65565.9,0.0,0.0,68291.15,70540.0,67449.5,68793.475,1,0.3439572610359324,0.3477390522754463,0.343400403451061,0.34608465611847605,0.3457287595771052,0.34576112007852533,0.344618913202138,0.34110484361714893,0.3467466084137363,0.3452316552698017,0.34039996084145324,0.35099222858403817,0.3423127123242945,0.3497436858687423,0.3405063809650553,0.3514609001334978,0.33313161089846405,0.34733280578571873,0.34256996573235926,0.34497973888598904,0.3406606884692124,0.34460074127106394,0.3477390522754463,0.343400403451061,0.34531033714716636,0.5324135930011752,0.5635368088143103,0.5701794897212002,0.48634145185746747,0.4030594516047512,0.4804444563881034,0.48634145185746747,0.6923254989422424,0.7758426632299069,0.012144524466591278,0.03280083813200562,0.11266660305683084,0.07386046648205925,0.776603496941643,0.7720593816753027,0.7710664165956719,0.3067581101909128,0.28918476525170933,0.7718364362077776,0.0,0.0,1
2024-11-06,69345.7,76433.6,69256.7,75599.9,76.34916136576493,70.1629899817336,67.02990741835436,1710.2492874311429,1583.8591339974912,74996.10122983238,66166.03877016764,73520.1653837291,64775.9846162709,74210.05249311155,60631.56750688844,3046.4989890860898,2604.983692792795,2466.5420957065826,2412.564980933879,71260.86825710742,70293.61616821853,68998.82006081537,66249.42220501495,70581.07,69148.075,65695.816,92.35775636853626,57.25799359365663,172.57971283862227,213.52079619393547,21.738653290198723,17.81545720757752,-7.642243631463743,11.174525117976014,12.182002184287377,58.39161777152841,71620.8,69222.85,70421.82500000001,66941.8,0.0,0.0,68592.2,76433.6,68592.2,72658.975,1,0.3392612550407228,0.3486808186362176,0.33913715053798643,0.3476178132399225,0.34189517735710073,0.3405735914639216,0.3387766822029892,0.33485052410514754,0.3409681756334556,0.33898547129075846,0.33404097853489245,0.34684082519048764,0.33472900984389564,0.34491573325791813,0.332681235114146,0.3458201811478542,0.32631445078542826,0.34238253807395147,0.3390899085349499,0.34074977445392884,0.33585385971353826,0.33820564982265117,0.3486808186362176,0.33820564982265117,0.3437751036336898,0.7634916136576493,0.701629899817336,0.6702990741835435,0.9235775636853626,0.5725799359365663,0.5839161777152841,0.9235775636853626,0.8144700478437756,0.7840919399805445,0.3320757061386476,0.2959087118829051,0.35616267776920296,0.334651449383212,0.8022076529636287,0.7865565500102969,0.7810977831225573,0.3124066264501796,0.29346787239137234,0.7788860178680047,0.0,0.0,1
2024-11-07,75599.9,76890.0,74476.3,75874.8,76.93371475641341,70.60325205430408,67.38057888218256,2050.8656872669817,1677.2604446513894,76571.58121452422,65775.9987854758,74765.29741722198,64278.09258277803,75023.28952694437,60735.27047305563,2956.0991335023623,2591.3205718790236,2464.0258054348405,2412.6028149027493,72798.84550473827,71308.37686490608,69653.67529311866,66626.88800089672,71173.79000000001,69521.695,65978.438,91.06770489639702,77.35320215022666,183.2528098751896,228.9697893742596,23.00930754668244,18.62820170997883,-8.932295103602984,8.473771794886453,10.924178099014084,61.2098067904836,71849.0,69451.05,70650.025,67229.0,0.0,0.0,72472.79999999999,76890.0,72472.79999999999,75710.25,1,0.3476162935443705,0.3492564779585118,0.3461655388500941,0.3479680535564431,0.343959728676265,0.3419581251013946,0.3396880053967716,0.335397250064312,0.3417753957510904,0.3395047001159029,0.3344535662912148,0.34885414593655717,0.33415712480228854,0.3465406978726252,0.3319359273006332,0.3468744227556003,0.32647730001799397,0.3426887861442621,0.3394064441875338,0.34106108177228994,0.3362655959458286,0.3435252811644065,0.3492564779585118,0.3435252811644065,0.34775764528104597,0.7693371475641341,0.7060325205430408,0.6738057888218256,0.9106770489639702,0.7735320215022666,0.612098067904836,0.9106770489639702,0.8780625300119906,0.8069327081061376,0.35093144043516783,0.3159123250537779,0.2751794656424703,0.30236394171226827,0.7991964044316688,0.7860308727247206,0.7809957555158238,0.31784415696124624,0.2976967394819382,0.7788875854111469,0.0,0.0,1
2024-11-08,75874.8,77220.3,75610.0,76514.2,78.38351258536252,71.65104531040595,68.2064392413707,2345.364967055546,1810.8813491322207,77792.56618535313,65306.35381464685,75957.65453346443,63900.20546653558,75676.1200660153,61142.87326731804,2763.8421144305967,2521.247673887665,2423.3721956522295,2385.859387739324,74037.29700315885,72254.89016219588,70307.05859853594,67014.62572635175,71549.45999999999,69928.93000000001,66250.266,93.46923297477774,92.29823141323702,158.5626051346831,195.43668542791627,24.27197058689017,19.446964584028436,-6.530767025222257,5.163316496581104,11.91276812028755,64.49208159159764,72014.15,69821.4,70917.775,68060.15,0.0,0.0,75737.35,77220.3,75610.0,76304.825,1,0.349048565262443,0.3507532079373713,0.34870963507820113,0.34986225908219,0.3466726354644473,0.3443127208964408,0.3416684575849392,0.33703344678789526,0.34336312589351486,0.341146927436708,0.3359259615546658,0.3514695081140612,0.3345411764409939,0.34915437922569126,0.3324420302180832,0.34879437298109994,0.3281932896590041,0.34398966782923684,0.3409981196655011,0.3425050800307729,0.3385287202411655,0.34887277982310044,0.3507532079373713,0.34870963507820113,0.3495965390047556,0.7838351258536252,0.7165104531040595,0.682064392413707,0.9346923297477774,0.9229823141323702,0.6449208159159764,0.9346923297477774,0.9159979986160232,0.8358539538760861,0.30690521287754624,0.2721601164182294,0.17043102551512807,0.32780303728083066,0.7924738810854329,0.783290571705104,0.7793327881463366,0.32296958996375275,0.3017834440372971,0.7777733717079343,0.0,0.0,1
2024-11-09,76514.2,76950.0,75703.7,76701.7,78.83855362269684,71.96659336741489,68.45237123593161,2564.327480085849,1961.5705753229465,78950.1877638642,65011.812236135804,77003.46482802623,63621.165171973764,76167.30216128602,61745.43117204732,2547.0503837976544,2430.179982895689,2367.321138716409,2347.87407481468,74925.43133543924,73063.40104179662,70916.07206534203,67394.51099198502,71981.0,70312.315,66520.82400000001,95.01935211240547,93.18542999452673,128.6696763581864,157.93171918332678,25.444443409940202,20.224789314375563,-4.980647887594534,5.96162533518082,11.107135614334961,65.84344218491616,72014.15,70991.2,71502.67499999999,68060.15,0.0,0.0,76194.5,76950.0,75703.7,76467.40000000001,1,0.3514190159124908,0.3519701049941859,0.350385954457736,0.3516564905893915,0.3493838288738595,0.34694465314907375,0.3440558351067847,0.33912979703727836,0.3454989221268456,0.34322833592762286,0.3378691495581395,0.35446119069477855,0.3356536443320121,0.35203750505126374,0.33356752599429573,0.3509781664252194,0.33068296464463337,0.34554351127246485,0.34415832677595276,0.344853317425146,0.34007969653052306,0.35101280065825313,0.3519701049941859,0.350385954457736,0.351359654181813,0.7883855362269684,0.7196659336741489,0.6845237123593161,0.9501935211240548,0.9318542999452673,0.6584344218491616,0.9501935211240548,0.9365925118714368,0.8636957748344588,0.2518052603209174,0.22186493123989953,0.19614568703388433,0.30710585550619807,0.7843083790357486,0.7796132008143092,0.7769936602820874,0.3275046057215346,0.305516980585253,0.7761691375224797,0.0,0.0,1
2024-11-10,76701.7,81700.0,76508.2,80428.5,85.77996421380024,77.36061399571338,72.83739015513392,3003.9507882425096,2170.046617906859,81472.89951286645,64508.34048713354,78826.60111539738,63104.06888460261,77463.37581827909,61644.617515054226,2924.8717575408473,2627.438555545997,2501.820132110866,2442.671605654191,76759.78755695949,74402.50994328814,71822.0175829285,67905.64781582875,72990.62,70965.33499999999,66863.164,91.46185871608918,93.3168146010908,164.33969390204314,187.60086761606428,27.5592528178699,21.56176190096143,-8.538141283910825,14.354997632666636,19.38662363937827,67.25561462399439,74254.0,73470.1,73862.05,70300.0,0.0,0.0,76607.95,81700.0,76508.2,78834.6,1,0.3478181312653307,0.35394214689005693,0.34757334199439066,0.35241948919683524,0.3478914987704247,0.3448700407923615,0.341454323163878,0.33603665337875366,0.3430156350131192,0.3402940650825291,0.33454367498572796,0.3536718826986838,0.3310868828499781,0.3504675635135272,0.32896711227571657,0.34877591766494165,0.32671536859470995,0.3446765951792615,0.34364925784280764,0.3441642457827366,0.3393835806367608,0.34769960664066085,0.35394214689005693,0.34757334199439066,0.3504774054755846,0.8577996421380024,0.7736061399571338,0.7283739015513392,0.9146185871608918,0.933168146010908,0.6725561462399439,0.9146185871608918,0.9642131926541473,0.8950379701986428,0.3173336493920426,0.2617640068567915,0.44504144326141676,0.5034401091693659,0.7981347752027924,0.7874145243743549,0.7825173427927108,0.33519809752898677,0.3116256522027205,0.7801256943691419,0.0,0.0,1
2024-11-11,80428.5,89828.0,80267.8,88765.4,92.3387001104148,84.53110851289676,79.52285906694227,3979.203798470742,2531.878054019636,87236.17452625844,62599.04547374156,82899.51995160739,61166.74004839259,80577.34593025465,60236.50740307868,3872.7757921778684,3122.6358015784253,2837.9334591532056,2679.922552132384,80761.65837130633,77013.94449905393,73435.67305122102,68723.67731324723,74917.61,72033.12999999999,67367.474,95.38401390095567,93.95507490981679,218.19162474067926,249.26443680511883,30.51373895551942,23.492039934986053,-4.615986099044335,27.728270175766767,31.680846171533677,73.71751363221163,78318.0,77534.1,77926.05,74364.0,0.0,0.0,78565.1,89828.0,78565.1,84822.42499999999,1,0.3434358155496218,0.3541506394415806,0.3432422664941913,0.3529953330283327,0.343835886169522,0.33924047367639404,0.334646528387917,0.3282560390710076,0.3365747734027903,0.33278669141878875,0.3263384210879666,0.35130890851789265,0.319288200645659,0.34636572009915034,0.3170696416092185,0.3436147538499947,0.3156019441505534,0.34086356111918664,0.339891044873145,0.3403784852263179,0.3358587786332301,0.3411681662789358,0.3541506394415806,0.3411681662789358,0.3485877726523769,0.9233870011041481,0.8453110851289677,0.7952285906694228,0.9538401390095567,0.9395507490981678,0.7371751363221164,0.9538401390095567,0.9901216452020801,0.9338816016444814,0.4106420452786885,0.3417671749385926,0.7279138491404584,0.7188044888607348,0.8261984967273499,0.8046752923362746,0.79511837180698,0.3450423608060709,0.3198348164146228,0.7893916250139622,0.0,0.0,1
2024-11-12,88765.4,90077.0,85150.0,87968.0,87.8188342065571,81.86047052152064,77.60459344251294,4634.333606501765,2952.3691645160616,90695.24601219987,62860.853987800125,85690.06875902214,60507.08124097786,82825.2698124929,59663.87018750711,4023.379250438173,3251.5189586085376,2937.412818241148,2754.8251337279717,83163.77224753756,79005.5909537714,74819.70418919997,69478.35663429636,76778.05,73098.575,67860.716,90.93643903906485,92.5941038853699,176.9197255515227,213.94311386665382,33.27956203452334,25.341665249072175,-9.063560960935149,26.821560587974087,31.96697825203159,72.15368030312811,78442.5,77658.6,78050.55,74488.5,0.0,0.0,84596.95,90077.0,84596.95,87990.1,0,0.35032060193092923,0.3517435555992559,0.3462900728369166,0.3494455012479981,0.34400463376619844,0.3390439247315885,0.33378851746757743,0.3266545553338848,0.3362816491618239,0.33154485636066344,0.3243896281387819,0.35240733269680435,0.31704607101309895,0.34690257219378207,0.3133929384711098,0.3436098752172715,0.3120510866750507,0.33835283366628055,0.33738271732612773,0.3378689518987329,0.3333606537749375,0.3456589390194653,0.3517435555992559,0.3456589390194653,0.34946985819304943,0.878188342065571,0.8186047052152063,0.7760459344251294,0.9093643903906485,0.925941038853699,0.7215368030312811,0.9093643903906485,0.995864034233993,0.9617140996504536,0.3397761586853492,0.29645909742587495,0.7133893377003638,0.7227325582032185,0.8300125954465376,0.8087185039303888,0.7985624856815964,0.35345493175255405,0.32711519156178986,0.7921472180820112,0.0,0.0,0
2024-11-13,87968.0,93400.0,86113.6,90411.2,89.63281335005831,83.57295047693133,79.21742220829861,5289.698172833741,3419.834966179598,93892.48895358978,63997.13104641021,88656.65166750709,59764.498332492905,85356.22871747676,58754.98461585659,4489.525071804148,3539.724747279356,3144.5074459439506,2905.8776292703724,85579.58149835838,81079.3380530857,76304.60855213332,70299.25245255926,78944.81,74210.575,68383.968,88.76052948255112,91.69366080752388,159.5111993801952,194.83274695987043,36.12584246699276,27.297608391865147,-11.239470517448868,31.519443264536612,32.62374727157509,68.16333281736335,80424.75,79320.1,79872.425,76150.0,1.0,0.0,88366.7,93400.0,86113.6,89473.2,1,0.34427371304862614,0.3500793896931799,0.34221197409734966,0.3469267676492661,0.34161027802903393,0.33639053249897455,0.33053732367548444,0.3226530047015056,0.3338161250290904,0.3278581196598297,0.320001844515451,0.3505894665414545,0.3136508484271982,0.3450286664594531,0.307115340870772,0.3413575414222553,0.3054913951643801,0.33560807056366604,0.3342735827106872,0.334943052692946,0.3303419459621254,0.3447114933350405,0.3500793896931799,0.34221197409734966,0.3459165065842647,0.8963281335005832,0.8357295047693133,0.7921742220829862,0.8876052948255112,0.9169366080752388,0.6816333281736335,0.8876052948255113,0.9982717539231589,0.9792880150512422,0.3086227015679874,0.27136106604195936,0.7820582009465354,0.7315747669444529,0.8409724916394415,0.817208671604319,0.805373050618069,0.36143132895789976,0.3342777291956722,0.7974834804478619,1.0,0.0,1
2024-11-14,90411.2,91889.7,86661.0,87367.3,73.68380666621653,74.17730591005005,72.3970103307721,5500.060745625626,3835.8801220688038,94580.34228169959,67214.99771830041,90333.4162228996,60157.78377710041,86980.48153929657,58484.7251273701,4595.121490117841,3660.365836759402,3243.75471042281,2983.305041628026,86175.48766557226,82222.60386161557,77358.19821383491,70968.58765049811,80897.67,75245.6,68868.712,77.31385379061372,85.67027410407657,115.41110600455656,149.058063180468,38.768817154285784,29.155754377518473,-22.686146209386273,28.78681342655447,31.0506878986242,62.6736097222411,81328.35,79320.1,80324.225,76150.0,0.0,0.0,89189.6,91889.7,86661.0,89082.3,0,0.3443800750652834,0.3459507447944989,0.34028179133584724,0.34106659533375605,0.33973872073607536,0.33520390244343823,0.3293254579606383,0.32103830227227814,0.3336367069890138,0.3266607448622867,0.3181576924762857,0.34874731977663515,0.3158292373209983,0.34429675518876696,0.30523399671764617,0.340637545771363,0.3025485444680648,0.33414883518522837,0.33173807200379757,0.3329507181424952,0.32781020756674384,0.3430634455487469,0.3459507447944989,0.34028179133584724,0.3429469660873324,0.7368380666621652,0.7417730591005005,0.723970103307721,0.7731385379061372,0.8567027410407657,0.6267360972224111,0.7731385379061373,0.9986941750243215,0.9880539023176884,0.22680841330487017,0.20977893136409492,0.7440807399873343,0.7099894114477281,0.8432968072500444,0.8205591536223741,0.8084795036272743,0.3683083116617015,0.34063757632545544,0.8001122181845612,0.0,0.0,0
2024-11-15,87367.3,91948.0,87083.7,91125.2,79.05241972516035,77.5351726141714,75.16840656485707,5901.971470797333,4249.09839181451,95593.74284515489,70557.4971548451,92539.28899330166,60357.52100669835,89077.37444865663,57956.50555134335,4633.57556295815,3746.361134133731,3320.92353373601,3046.0048735737587,87825.39177704818,83841.25770495819,78669.34124108872,71759.0430367531,83075.62,76448.405,69388.3,91.44554753309264,85.83997693541916,105.40425431479078,140.2557339485289,41.22793645043429,30.924462035547016,-8.554452466907351,31.40713843828817,35.867635021194545,65.47091323193541,83938.15,79320.1,81629.125,76150.0,0.0,0.0,88889.25,91948.0,87083.7,89381.05,1,0.3390560579910485,0.34399829285522004,0.33874189436471336,0.34312835996417346,0.33956144288919077,0.3350780591443979,0.3289410964704898,0.32010545136724944,0.3341929685407045,0.3261855848669245,0.3168849156929978,0.3477643446793724,0.31848617520476374,0.3446188123916857,0.3035688618687249,0.34092979037313603,0.29970841633702505,0.3351895119714253,0.3297343149203621,0.3324991078028468,0.3258094999569505,0.34072537234625255,0.34399829285522004,0.33874189436471336,0.3412588882988576,0.7905241972516035,0.775351726141714,0.7516840656485706,0.9144554753309264,0.8583997693541916,0.6547091323193541,0.9144554753309265,0.999235684842818,0.9930968323715224,0.20774024614232098,0.1977263967749289,0.7806000218616869,0.7718101733246635,0.8441299901629653,0.8228807173688771,0.8108299271767443,0.3743082003210959,0.34633725508932117,0.8021914378450712,0.0,0.0,1
2024-11-16,91125.2,91856.3,90125.0,90625.4,76.62682798245515,76.11748018321995,74.1290341816015,6109.72977147832,4621.224667747272,96748.53930287607,72407.80069712392,94304.57151784873,60854.66848215126,90836.82326515709,57746.05673484291,4218.964768249843,3602.428195981322,3245.2271749866763,3002.1813777879665,88758.72785136546,85074.73812223852,79808.01350384219,72498.9001725667,84578.17,77579.62,69885.87800000001,89.56603489771358,86.1084787404733,94.87447070801629,125.52152826959646,43.51140436828648,32.60473431067413,-10.433965102286423,19.875026289717315,33.27049121264213,63.985474233794214,84505.0,79320.1,81912.55,76150.0,0.0,0.0,89246.25,91856.3,89246.25,90932.975,0,0.34453098355929856,0.3453046960862528,0.3434626950246943,0.3439985862546197,0.3419847231177131,0.33788713675462995,0.33172120300320435,0.3224807830953185,0.3373217523073716,0.32899336842914084,0.3189585680685996,0.3503335130243236,0.32236005041433385,0.3478529239247098,0.30573047068551795,0.3442241446960277,0.30073989291694136,0.3372381712515328,0.33113026543023116,0.33423084423575367,0.32720331956256576,0.34251461283717977,0.3453046960862528,0.34251461283717977,0.34432655680930685,0.7662682798245516,0.7611748018321995,0.7412903418160149,0.8956603489771358,0.861084787404733,0.6398547423379422,0.8956603489771358,0.9994205602927124,0.9957912614009689,0.18750398534536822,0.17741893328402022,0.5800253283558897,0.7400479880108192,0.8347582058239246,0.8189640947977905,0.80852487317583,0.3795745434277635,0.35146669591467866,0.8007427465023185,0.0,0.0,0
2024-11-17,90625.4,91601.8,88735.7,89900.0,72.84227882447513,74.0025504963752,72.5992210358383,6145.010152108982,4925.981764619614,96993.36132187225,74968.01867812776,95736.83869663595,61417.64130336406,92315.69073034558,57700.362602987734,4025.69837278558,3549.8333248398,3227.173499987311,2997.645331861701,89139.1519009103,85952.0584636497,80769.15507490483,73181.29624423076,85980.69,78577.24,70367.418,86.838146811071,89.28324308062572,75.49553244482958,102.27406563076315,44.81204043916004,33.79773182515042,-13.161853188929001,18.484661574066745,28.524781407796684,61.52949124809228,84551.85,79320.1,81935.975,76150.0,0.0,0.0,90875.29999999999,91601.8,88735.7,90215.725,0,0.3441449472887392,0.3451824521639349,0.3421058857087246,0.3433671208130546,0.34254473080099745,0.339024399299345,0.33302096613574145,0.3235257976128031,0.3390565825760651,0.33036943456992074,0.3197620754800854,0.3507253157379439,0.32584414336690565,0.34946071765722153,0.3067523883952946,0.34593426474617306,0.3008083788218424,0.3374377203271555,0.3312759610980236,0.3344042923026006,0.32734879453432386,0.34441151314659274,0.3451824521639349,0.3421058857087246,0.3437064078796994,0.7284227882447513,0.7400255049637521,0.725992210358383,0.86838146811071,0.8928324308062572,0.6152949124809228,0.86838146811071,0.9994471789114721,0.9971946645523638,0.14985398653130377,0.1450749734959543,0.5484455148518121,0.6723358552600269,0.830070205682585,0.8174937594313973,0.8079671776392565,0.38245469482548927,0.3549552207218081,0.8005915909622014,0.0,0.0,0
2024-11-18,89900.0,92757.6,89424.0,90535.0,74.14634095531028,74.66613143288004,73.10930024669706,6153.278140898154,5171.4410398753225,96649.18996676097,78116.35003323901,97161.17539766719,61771.05460233281,93736.88926615723,57756.864067176095,3926.827176673355,3534.388087351243,3232.241428559344,3008.8438207996446,89604.43460060688,86785.32056116793,81699.2355439615,73861.83364641778,87382.76999999999,79466.115,70866.68400000001,88.95975029382863,88.45464400087108,73.6216415822975,96.10343684743127,46.17299706986234,35.02067620113539,-11.040249706171364,18.32444173761211,24.43390715733773,54.55351281394663,84954.1,79462.25,82208.175,76150.0,0.0,0.0,90262.7,92757.6,89424.0,90654.15,1,0.3430062946219265,0.3460356458068029,0.34249264758159237,0.3436874351977069,0.3426876634572077,0.33959640963064963,0.33376550928431103,0.3240568604197648,0.3402595603346472,0.3310938825541937,0.3200825728203676,0.35001887711754887,0.32944376723140645,0.35053130422027035,0.3069439453434282,0.3470530336197495,0.30054697225759697,0.33753597405687563,0.33108919617347854,0.3343645273025988,0.326990062274945,0.34339591724912943,0.3460356458068029,0.34249264758159237,0.3438147275739786,0.7414634095531027,0.7466613143288003,0.7310930024669706,0.8895975029382863,0.8845464400087109,0.5455351281394664,0.8895975029382863,0.999453238077385,0.9979768905227624,0.14618832426006373,0.13643449429814034,0.5447003501720523,0.603167787781021,0.827584167071451,0.8170578356562601,0.8081240451262486,0.38538216329046715,0.3584093112507064,0.800964346961923,0.0,0.0,1
2024-11-19,90535.0,93980.0,90435.9,92341.4,77.70014859289908,76.50348011897113,74.52576373678842,6233.733366976288,5383.899505295516,95293.67882195076,82599.80117804925,98691.95105633693,62235.788943663065,95283.71825738612,57763.861742613895,3872.151865720019,3535.081795397583,3247.091836723185,3026.6856934396565,90516.75640040459,87795.51682277376,82712.77501596516,74586.52252302886,88946.74,80463.87,71447.97600000001,93.37224399655383,89.72338036715115,80.4341731473087,94.62197681810157,47.59159686421612,36.273924008722304,-6.627756003446165,20.390291219099442,27.567509321515242,53.893605948987044,87123.9,79752.25,83438.075,76440.0,0.0,0.0,90217.5,93980.0,90217.5,91823.07500000001,1,0.34311527684945686,0.3467311710498748,0.3430093012896646,0.34502758006667095,0.34309577594120383,0.3401435586516433,0.3343844981009316,0.32442694313763043,0.34140314938611704,0.3317265329688041,0.32029907657329526,0.348076298238571,0.3342526471050045,0.35147423481719975,0.3070949019803565,0.34806616700158216,0.29999661167796143,0.33940132562009045,0.3308705438884326,0.33522687498002846,0.32678696956498504,0.3427753514462916,0.3467311710498748,0.3427753514462916,0.3444825983073657,0.7770014859289909,0.7650348011897112,0.7452576373678842,0.9337224399655384,0.8972338036715115,0.5389360594898704,0.9337224399655384,0.9995088411299929,0.9984755902433621,0.15949487807137747,0.13435692096258764,0.5913089643190265,0.657071798562789,0.8261823890137696,0.8170774555672564,0.808582297573504,0.38834506119283485,0.3618293993935633,0.8015553809116787,0.0,0.0,1
2024-11-20,92341.4,94898.9,91511.0,94315.3,81.0252570311865,78.3511359974397,75.97760806142028,6383.190500034922,5583.757704243397,94217.98530535994,86452.85469464006,100219.79171768809,63106.24828231189,96908.83896553036,57935.221034469636,3802.973027760015,3524.568810012041,3253.7969873554143,3038.726170325001,91782.93760026974,88980.93194590579,83817.77739539705,75360.20007114537,90335.42,81663.01999999999,72118.482,97.14238147934155,93.15812525657468,91.06852948276297,93.88742200282928,49.021249614844464,37.53138348109637,-2.857618520658445,17.266018886340046,34.09955312139657,54.25488871242423,90024.45,80653.65,85339.04999999999,76899.45,0.0,0.0,91438.2,94898.9,91438.2,93266.65,1,0.34464318310025305,0.3472892403705221,0.3437687494280014,0.3466915683960734,0.34405594992568556,0.3410563824716085,0.3352818967936611,0.3250371826678872,0.34251760946341814,0.3327697812703859,0.32081436240186045,0.3465915588036652,0.33827061476241227,0.3525797321459033,0.30804105109974633,0.3493207295143735,0.2999008273254809,0.34218401714994934,0.33157094834815326,0.33701821325648557,0.326981513335665,0.34369172324920816,0.3472892403705221,0.34369172324920816,0.34560857398755684,0.810252570311865,0.783511359974397,0.7597760806142029,0.9714238147934156,0.9315812525657468,0.5425488871242423,0.9714238147934156,0.9995975640983519,0.9988319823357588,0.1801493646134689,0.1333263549110201,0.5194118477747888,0.7505759992582612,0.824380133314593,0.8167797066770934,0.808788518322155,0.3912447907441388,0.3651473064588207,0.8019522714792234,0.0,0.0,1
2024-11-21,94315.3,99111.0,94032.0,98382.9,86.03236199979894,81.5677167315162,78.61476132901174,6752.024544453685,5817.411072285455,97321.55791250896,85272.78208749104,102141.83579302451,64072.944206975495,98965.11409545378,57943.839237879525,3985.26259522287,3635.5996092968953,3340.7114165289663,3106.7352979808343,93982.9250668465,90690.38068301382,85204.93192916876,76263.05104874751,91297.17,83107.39,72873.79,96.90183396451212,95.80548648013583,132.52014865845697,110.04665089152309,50.779391856324644,38.99442692416123,-3.098166035487876,10.834739662075538,41.56729572418357,63.59655862887542,92612.3,82959.5,87785.9,79005.5,0.0,0.0,93328.35,99111.0,93328.35,96460.29999999999,1,0.344547998874329,0.34935327665092986,0.3442567786048444,0.3486384246566786,0.3442062453818001,0.34075616776581186,0.33472997991489856,0.3240545339824728,0.3414010010567648,0.3323261599400785,0.319690462996039,0.3475871541033341,0.3348067807601768,0.35227524647277353,0.30737983820713294,0.34921045397148176,0.2978130180009129,0.3427844753204654,0.33215447462921094,0.3376106546666851,0.3274514603152577,0.34352976593639484,0.34935327665092986,0.34352976593639484,0.3467258707493682,0.8603236199979893,0.815677167315162,0.7861476132901174,0.9690183396451212,0.9580548648013583,0.6359655862887542,0.9690183396451212,0.9997538760486351,0.9991445036708259,0.25900381838004116,0.15592704285432873,0.34623361415626286,0.8298445773224306,0.8290609377986348,0.8198804350748918,0.8114238354896985,0.39469922294943716,0.36887401175110734,0.8041649539900707,0.0,0.0,1
2024-11-22,98382.9,99690.0,97210.0,98947.0,86.60428977647759,81.96785427087286,78.95123638468759,7009.0503679219255,6055.7389314127495,99497.62746449004,85292.51253550994,103716.60567087043,65456.5143291296,100826.15164035751,58235.328359642466,3770.225081619603,3553.056780061403,3299.7251585990152,3085.844121381473,95637.616711231,92191.58419519312,86513.70031686698,77152.61767428683,92395.06999999999,84586.56000000001,73638.212,96.90239845244994,96.98220463210122,150.02629311754305,111.98675988518995,52.462443324899766,40.41709630483153,-3.0976015475500596,12.48067479083303,42.649747129618405,61.900556313057656,93175.5,83249.0,88212.25,79295.0,1.0,0.0,96349.1,99690.0,96349.1,98557.475,1,0.34929255702446105,0.35057251049218496,0.34812990185034753,0.34984695215197825,0.3465497375475795,0.3429967692759526,0.3368524994450165,0.3258177732302673,0.34321011342582086,0.33467819464963966,0.3213390057206934,0.35038515829818506,0.3354801864345506,0.3544155623269473,0.3100626684572342,0.35167191051947144,0.2989299933392676,0.34402415861009517,0.33314080312305294,0.3387304671357071,0.32845276945107726,0.3472678361276794,0.35057251049218496,0.3472678361276794,0.3494644572456508,0.8660428977647758,0.8196785427087286,0.789512363846876,0.9690239845244994,0.9698220463210121,0.6190055631305765,0.9690239845244994,0.9998252825870804,0.9993773230927131,0.29136073532176127,0.1586300658568092,0.39357431532610665,0.8392301322968363,0.8235155182992271,0.8175844984968912,0.8101897468344174,0.3978979413461743,0.37236937498121236,0.8034904528047926,1.0,0.0,1
2024-11-23,98947.0,98970.9,97185.9,97740.2,78.57413663685938,78.0635612359719,76.25609331080187,7034.279712600182,6251.447087650236,100753.69112736774,85502.24887263226,104528.39886847038,67544.38113152962,102347.88044099383,58684.86622567284,3486.621498531088,3426.767010057017,3227.5953891419194,3042.4826506687573,96338.47780748735,93200.42343243073,87582.89076287966,77959.97384392263,93127.97,86036.39,74351.738,91.58909144242465,95.1311079531289,132.0389583493573,101.87160609978491,54.01032851037893,41.76139680285043,-8.41090855757535,8.106296565027343,42.18079937623283,61.50265599081524,93386.85,83249.0,88317.925,79295.0,0.0,0.0,98664.95,98970.9,97185.9,98211.0,0,0.35121958531641406,0.35124301635996735,0.3494777564991098,0.3500292698241759,0.3486286707093099,0.3454201423883114,0.33940603900558675,0.3281805637770458,0.3453448321953686,0.33768483433025265,0.32362382656759875,0.35297552650332714,0.3370834021727046,0.35654761497163545,0.31441702182430814,0.3544997356623371,0.3010053244861065,0.34561365924052967,0.33450570550208913,0.3402138364387609,0.3298152599720986,0.3509426540925531,0.35124301635996735,0.3494777564991098,0.3504953258409071,0.7857413663685938,0.780635612359719,0.7625609331080188,0.9158909144242464,0.951311079531289,0.6150265599081525,0.9158909144242464,0.999831061684881,0.9995203027970684,0.2581057735499841,0.14451208508378802,0.26382012353090706,0.8352234775785266,0.8156975263811266,0.8139664310680003,0.8079802457593164,0.4007520958699729,0.3755635751733011,0.8020757747463898,0.0,0.0,0
2024-11-24,97740.2,98653.3,95800.3,98027.7,79.11243320614895,78.32839728551306,76.45712945712846,6996.818034355529,6400.521276991295,101260.45689186738,87127.56310813261,104732.10642460737,70359.57357539263,103642.38464806952,59481.08868526378,3396.104141598076,3385.7836521958016,3209.757513468495,3036.166562313132,96901.55187165823,94078.11008107969,88577.63449974827,78746.94349710215,94194.01,87545.84,75071.59199999999,91.44123734695347,93.31090908060935,103.81675383629982,95.148850974364,54.5871692448765,42.62272000856422,-8.55876265304653,12.20181921611403,44.50114757505671,64.14982767072232,94212.85,83249.0,88730.925,79295.0,0.0,0.0,98343.6,98653.3,95800.3,97555.375,1,0.35023081489898417,0.35113280036146804,0.34828709109648853,0.3505156938747816,0.3493951455847088,0.34652926743519114,0.3406986206496924,0.3293475023347351,0.34664854012936736,0.3395659869809281,0.3247493672847987,0.3536643267630308,0.3391031515666413,0.3569387581040724,0.31852701772147857,0.35592243980660443,0.30248468821489466,0.34666791495271604,0.33470619806211166,0.34086580331933913,0.3300154010106166,0.3508277809990101,0.35113280036146804,0.34828709109648853,0.35004724537827664,0.7911243320614895,0.7832839728551306,0.7645712945712846,0.9144123734695347,0.9331090908060935,0.6414982767072231,0.9144123734695347,0.9998224098749093,0.9996067550392891,0.20470027067964142,0.13509593628652475,0.3856903454458501,0.854193230884846,0.8130678624622691,0.812763597483897,0.8074262173788066,0.4017952405648238,0.3775578115742811,0.8018680307899156,0.0,0.0,1
2024-11-25,98027.7,98979.9,92620.0,93004.1,52.31743563583119,63.82788577997993,66.17706213528895,6486.988878644144,6417.814797321866,101207.790232342,87556.00976765799,103877.35914162318,73580.16085837684,104198.18488201856,60654.28845131477,3819.503549941207,3598.2205341818153,3359.7642985414236,3146.9576769026944,95602.40124777216,93882.83552088338,88999.20264262939,79306.0476736864,94381.9,88728.76000000001,75675.81599999999,54.01719394773044,79.01584091236951,41.47665000929785,68.2333634780303,53.43211936204617,42.58873717769524,-45.98280605226956,2.0618884787084237,34.11660708594766,54.36577741379631,94212.85,83249.0,88730.925,79295.0,1.0,0.0,97883.95,98979.9,92620.0,95657.92499999999,0,0.3470412138001434,0.3479779573961805,0.3415481546775344,0.3419484302974454,0.3446148742578501,0.34285819084328906,0.3376939846247319,0.3265792329644922,0.3433712141105224,0.3374000599672141,0.3220765791882062,0.35013599630575065,0.33611539044458544,0.3526619899348859,0.31938190429046504,0.35296131053853697,0.3009336552670613,0.3431977304016657,0.33125047192889134,0.3374024163836282,0.32656583331479994,0.3468990317351095,0.3479779573961805,0.3415481546775344,0.34467108540597796,0.5231743563583119,0.6382788577997993,0.6617706213528894,0.5401719394773044,0.7901584091236952,0.5436577741379631,0.5401719394773044,0.9996495689378637,0.9996157170300394,0.08276354816199608,0.09716867515769056,0.06862159931084542,0.7507886748675952,0.8248137512269549,0.8188472582717905,0.8119923696893911,0.39969544090763864,0.37747987953717194,0.8054509165006858,1.0,0.0,0
2024-11-26,93004.1,95063.1,90835.5,92025.6,48.578518710492666,61.4419458533769,64.40597786523725,5935.567302190539,6321.365298295601,101086.2705420096,87957.5694579904,103495.74174006595,75604.34825993405,104581.0754579347,61873.03120873196,3877.8030428067495,3643.176210311686,3401.089808134689,3182.9790876726047,94410.13416518144,93545.15633526821,89287.43096237896,79804.85364726733,94521.92,89550.045,76272.504,43.54615361951624,63.00152830473339,-13.305812002430438,39.91233399888198,51.55787138750463,42.133811900636815,-56.45384638048376,1.5450414563687573,21.727145141726396,51.051110522427635,94557.0,83249.0,88903.0,79295.0,0.0,1.0,95515.9,95515.9,90835.5,92732.07500000001,0,0.3408477457359995,0.3429657764175532,0.33856737707156626,0.3398252475931316,0.3422989351722726,0.3414086737636731,0.3369071123718525,0.3260876425222864,0.342413412371182,0.33719070777585003,0.3217379325389225,0.3489158914086493,0.33545852262594733,0.3512004130227907,0.3208934585196084,0.35221265788229983,0.30174310174428837,0.3424493099610336,0.33015401573860526,0.3364905117652004,0.3254713759288781,0.343425601134087,0.343425601134087,0.33856737707156626,0.3405645368227788,0.4857851871049267,0.614419458533769,0.6440597786523725,0.43546153619516237,0.6300152830473339,0.5105111052242763,0.43546153619516237,0.999269154186118,0.9995629917183265,-0.02660534385689907,0.05695591197742002,0.05145589617986351,0.5516677982605563,0.8263281890901247,0.8200885613498231,0.8132145171236026,0.39619148746405947,0.37643071884060003,0.8065886979000684,0.0,1.0,0
2024-11-27,92025.6,97276.0,91857.6,95908.7,61.362650254989596,66.75324472752683,67.97706110408458,5745.663020898501,6206.224842816181,100942.6632566596,89302.91674334042,103246.3419864187,77857.13801358128,105327.52408962436,62857.322577042316,4097.8883224057845,3769.977909575137,3497.1521982235126,3257.493118083518,94909.65611012097,93974.89154703762,89918.02801358096,80436.377033649,95122.79000000001,90551.73999999999,76948.26400000001,70.97781871210375,56.180388759783476,34.02861219646135,65.40248107982498,50.32563112443036,41.94149057035413,-29.022181287896252,6.683759733036704,26.403891674179036,51.98033497171216,95062.95,83249.0,89155.975,79295.0,0.0,0.0,92514.85,97276.0,91857.6,94266.975,1,0.3375894470598889,0.3429533019458101,0.33741297474476817,0.3415839243649158,0.3405713712771492,0.3396145914165644,0.33535271210142403,0.32462078214952933,0.3407882491787083,0.33603053678853834,0.3203637379433656,0.34653557126582596,0.3346903593560489,0.348722307749485,0.3214905436001063,0.3506575517508254,0.30104349449868756,0.3407274054767138,0.3279261558692359,0.33453148095023816,0.3232476453842211,0.33810160319537796,0.3429533019458101,0.33741297474476817,0.33991453841999303,0.6136265025498959,0.6675324472752684,0.6797706110408458,0.7097781871210376,0.5618038875978347,0.5198033497171216,0.7097781871210376,0.9990586613757909,0.9994904966145519,0.06795234320851276,0.09316118805909172,0.21917754923867924,0.6377647614968598,0.8318471075050429,0.8235089639265898,0.8159990164701627,0.39381902594573603,0.3759838504711551,0.8089020133781105,0.0,0.0,1
2024-11-28,95908.7,96648.0,94707.0,95702.8,60.43319863157685,66.2322687258773,67.59946004395167,5514.974902838963,6067.974854820738,100591.14714838222,90687.99285161776,102618.24314590057,80404.09685409942,106057.08452942746,63657.44880390586,3789.761419204958,3639.33663031977,3423.049712593822,3213.6100141474008,95174.03740674732,94289.0567203035,90468.9586789542,81035.06028723139,95639.56999999999,91511.17,77650.166,68.37136987062027,60.965114067413424,40.99450993878827,69.13979188200305,49.181408023004245,41.75878530658557,-31.628630129379726,5.708068702711662,25.07848216409504,49.25638537375643,95262.75,83249.0,89255.875,79295.0,0.0,0.0,93967.15,96648.0,93967.15,95741.625,0,0.3428959622041411,0.34363904074203766,0.34167621282288646,0.3426880229949188,0.3421520341602223,0.341248480851695,0.3372517218544739,0.326637786609958,0.34262407989613863,0.33835807143033947,0.32253710410584085,0.34751168795284065,0.337485253575609,0.34944566234421337,0.32588603820719303,0.3526433319541714,0.30353713496823104,0.3422421599281708,0.32923171460819733,0.33594837781177933,0.324550773146757,0.34091778293965713,0.34363904074203766,0.34091778293965713,0.34272726560645383,0.6043319863157685,0.6623226872587731,0.6759946004395166,0.6837136987062027,0.6096511406741343,0.4925638537375643,0.6837136987062027,0.9987198691250961,0.9993873962903345,0.08180579701318515,0.09845118468859713,0.1880056691580091,0.6147540973138996,0.8240322180063231,0.8199831437211775,0.8138579256021252,0.39156445999906964,0.37555746785172794,0.8075461327338115,0.0,0.0,0
2024-11-29,95702.8,98735.3,95420.3,97526.7,65.78852504133118,68.57212767391793,69.19122600218711,5416.883928258525,5937.756669508296,100687.55433004693,91628.64566995308,101630.05777193083,83474.78222806916,106844.47579743896,64546.08420256103,3721.9383593185353,3616.1697281540723,3417.904488184592,3216.989680342487,95958.25827116489,94877.71913479378,91141.12451905379,81681.79125635957,96158.1,92552.42,78394.788,80.25159069954262,73.20025976075554,71.08399339333177,88.33174088785253,48.57203571708619,41.80151445338108,-19.748409300457375,5.615357791846347,27.150636817697656,48.757426209278435,95262.75,83249.0,89255.875,79295.0,1.0,0.0,95805.75,98735.3,95420.3,96846.27500000001,1,0.34258632760913804,0.34560589152235244,0.3423003341195939,0.3444133525019023,0.34284424261380264,0.3417487388071313,0.3378651228769684,0.3273013693999857,0.34304554350173055,0.33934972791831997,0.3233527545472307,0.3475026591208333,0.3383804638583282,0.348405655682061,0.3293912935865272,0.35325929464049,0.30475713731839227,0.34214047980963347,0.32913051133344806,0.3358469206273852,0.3244497571839548,0.34269034770993734,0.34560589152235244,0.3423003341195939,0.343735659235441,0.6578852504133118,0.6857212767391794,0.6919122600218711,0.8025159069954262,0.7320025976075555,0.48757426209278437,0.8025159069954262,0.9985411319088728,0.9992712837522486,0.14121784701025158,0.1255226557144816,0.1850228143039902,0.6502504340318792,0.8222268517012188,0.8193447155969775,0.8137075453649386,0.39034268787116516,0.37565734863865285,0.807651212069277,1.0,0.0,1
2024-11-30,97526.7,97539.8,96151.0,96484.0,60.34130588685724,65.76646578742015,67.20922663216166,5195.1228065415635,5789.22989691495,100735.23899725013,92014.70100274988,100670.88319332023,86039.50680667975,107262.38735731236,65871.61930935433,3388.6328794158876,3457.071890428782,3321.2804649377067,3156.050024331071,96133.50551410993,95169.7702011949,91649.96980295343,82262.27003061998,96374.97,93355.19499999999,79074.47600000001,70.73295418237588,73.11863825084626,50.54916419287437,72.63046580883635,48.006190004447994,41.84210714283682,-29.267045817624123,2.2994148351327905,19.962451121182166,48.619670841450784,95262.75,83569.75,89416.25,79295.0,0.0,0.0,96614.75,97539.8,96151.0,96925.375,0,0.34626532309922486,0.34627833341910524,0.344889531234831,0.3452242939038036,0.3448719131230957,0.34389654068600517,0.34025116541262185,0.32982393449315484,0.34511481012097883,0.3420338276899027,0.3260205342543928,0.34940238011606195,0.3406351404073324,0.3493404155899888,0.3341509973627291,0.3554955871761166,0.30851861756458177,0.34399105895604387,0.33134301642477004,0.3378668707689223,0.3262883530804009,0.34535543021730447,0.34627833341910524,0.344889531234831,0.34566628515030023,0.6034130588685724,0.6576646578742015,0.6720922663216166,0.7073295418237587,0.7311863825084626,0.48619670841450785,0.7073295418237587,0.9980397119511558,0.9991117614673933,0.10075529307416403,0.10338706352797157,0.07649741778871967,0.5156204919159725,0.8128476899352597,0.8148466455624817,0.810840671314104,0.38919466167534783,0.3757521430710668,0.8057393333960192,0.0,0.0,0
2024-12-01,96484.0,97929.4,95750.0,97265.4,63.01844356743297,66.86074747763361,67.93204158842693,5024.508562386778,5636.285630009315,100466.36484147058,92060.07515852942,100966.39641256041,86593.9935874396,107524.4939630027,67460.83937033065,3215.8853252136173,3365.8096125410116,3266.9052047025775,3123.4950235200354,96510.8036760733,95550.79380097764,92184.77267886263,82850.62806863489,96263.22,93780.195,79756.234,76.38223261250725,75.78892583147525,49.803908575875184,71.17492740562722,47.26916180348619,41.77583170308229,-23.61776738749275,-1.1358681234238877,9.57580318457417,48.10513119305581,94907.7,84473.35,89690.525,79877.2,0.0,0.0,97005.35,97929.4,95750.0,96857.20000000001,1,0.3462284838287606,0.3476691518143697,0.34548886302590404,0.3470099019092853,0.3462553895052596,0.3452871839559963,0.34181639866699315,0.33150937819865983,0.34600658783436233,0.34347650241978733,0.3278437934290092,0.3501486872572112,0.3416854770070107,0.35063022918336956,0.33577131431413176,0.35674013170743646,0.3117855652727176,0.3446333169873258,0.33337924068686475,0.3391645131508828,0.32798964068270126,0.34675052321717115,0.3476691518143697,0.34548886302590404,0.3466024542874912,0.6301844356743297,0.6686074747763361,0.6793204158842693,0.7638223261250725,0.7578892583147525,0.4810513119305581,0.7638223261250725,0.9975395930848836,0.9989109450769237,0.09927969244897748,0.10132950942280257,-0.03784418864375761,0.26696622940435927,0.8076168880104955,0.8121720872430475,0.8091904448430224,0.3876792884770984,0.37559732632615234,0.8047027956639443,0.0,0.0,1
2024-12-02,97265.4,98270.7,94455.0,95886.6,55.32954621567892,63.03204728810225,65.26651475120977,4723.587333349409,5453.745970677334,99760.79034365785,92153.56965634217,100895.16620715783,87457.08379284217,107448.21779316023,69305.31554017309,3301.573135897386,3397.9446402166536,3293.038290192931,3146.568522736034,96302.73578404887,95611.84947352715,92537.3276618281,83361.84265417862,95957.18000000001,94176.125,80417.192,58.900379291341224,68.67185536207478,13.08736864751851,48.390500891971314,45.91353569205818,41.37843704042549,-41.099620708658776,-3.0929689631823036,9.001682429974544,53.57171200641905,94907.7,87083.15,90995.42499999999,80851.05,0.0,0.0,96874.7,98270.7,94455.0,96469.42499999999,0,0.3462968907352234,0.34729308764762634,0.34345810630251594,0.34491423284114703,0.34533355086742007,0.34463641444853926,0.3414737509171339,0.33139291470554766,0.34498547650844313,0.34317196933080585,0.32792974383436246,0.3487516653825101,0.34107187594025434,0.3498479612929201,0.3360182023575957,0.35595604467817477,0.3136610172243241,0.34392085846435,0.33560463452541556,0.3398491710704096,0.3284475946327186,0.34590703474067314,0.34729308764762634,0.34345810630251594,0.34550102280424466,0.5532954621567892,0.6303204728810224,0.6526651475120977,0.5890037929134122,0.6867185536207479,0.5357171200641905,0.5890037929134122,0.9963272234154836,0.9986110522443121,0.026168761348002816,0.06901937739129127,-0.10273521865789648,0.2516662400721924,0.8102457181767434,0.8131220262483942,0.8099869534893743,0.38483062413196695,0.3746639672509905,0.8054385536209259,0.0,0.0,0
2024-12-03,95886.6,96389.0,93605.4,95919.6,55.48121602409839,63.08653045553517,65.30073086521514,4436.6252612164535,5250.321828785159,99389.50363298379,92160.73636701623,100979.56912693803,87923.52087306196,107076.70399119293,71488.56267547373,3227.5769736263314,3354.062880201179,3268.779323993268,3134.4695719781666,96175.02385603258,95667.80411470403,92859.44883689209,83854.30372656377,95775.12000000001,94451.545,81013.98199999999,57.41826190072851,64.23362460152566,-39.15960089050262,22.586505384767772,44.233184630967685,40.787949826178576,-42.58173809927149,-1.8626931395679478,6.0926079954695975,59.293823362975395,94907.7,87650.0,91278.85,80851.05,0.0,0.0,96576.0,96576.0,93605.4,95450.15,1,0.345287268722171,0.34579335272171996,0.3429565654932878,0.34532058941092375,0.34557812057575943,0.34506606532836764,0.34218248753250957,0.3323319103553934,0.34517462320048153,0.34382742256032334,0.3290122555430729,0.34876366919296564,0.34145195402240247,0.35030268601185754,0.3369036596963778,0.35599383208455926,0.31699892385933026,0.3442937723643752,0.3366028266793609,0.34052221961305235,0.32881844337068034,0.34598107179781384,0.34598107179781384,0.3429565654932878,0.3448455297098918,0.5548121602409839,0.6308653045553517,0.6530073086521514,0.5741826190072851,0.6423362460152566,0.592938233629754,0.5741826190072851,0.9946198920845909,0.9981786786049321,-0.07815945972423351,0.03225524314996319,-0.062010105917668326,0.1723373025159022,0.807979675369847,0.811822579146597,0.8092477776596734,0.3811830990716338,0.3732608016299193,0.8050534225575652,0.0,0.0,1
2024-12-04,95919.6,99117.6,94638.0,98671.8,66.53636747601684,67.40156636636289,68.05636762396443,4380.78631283631,5076.4147255953885,99630.81339752926,92048.24660247074,100921.1740180517,89112.36598194831,106522.9168872922,74097.88977937447,3406.437405965428,3434.458388758238,3326.4374514221604,3179.3072529122283,97007.2825706884,96213.98518475784,93413.0060905214,84435.38201179657,95839.53,95016.77,81646.27,88.50076232424193,68.27313450543723,59.32674922588022,73.97239899624945,43.4338349723252,40.56907893252914,-11.499237675758057,0.657059178171074,12.939051567348425,61.170011299927516,94976.55,87696.85,91336.70000000001,81056.25,0.0,0.0,95903.1,99117.6,94638.0,97086.75,1,0.34394550864996054,0.34712161123044727,0.3426438199096111,0.34668486859575315,0.34503710175341173,0.34424213028150163,0.3413835837974044,0.3316285341490604,0.3438646779252223,0.3430302939990252,0.32839337878043573,0.3476220470017946,0.3399606003109934,0.348869327070605,0.3368290595234814,0.3541106313762571,0.31907355908960716,0.34298932674228416,0.335283434226583,0.3392105881010457,0.3276953799207738,0.34392885723145594,0.34712161123044727,0.3426438199096111,0.345116389739511,0.6653636747601683,0.6740156636636289,0.6805636762396443,0.8850076232424193,0.6827313450543723,0.6117001129992752,0.8850076232424194,0.9942052492680009,0.9977039257989132,0.11809978930245656,0.10528324169803426,0.021898471178383127,0.35371806838153547,0.813371579391273,0.8141905642262206,0.810995775262367,0.3794001228152567,0.372735659599548,0.8064733091519422,0.0,0.0,1
2024-12-05,98671.8,104698.8,90530.0,96977.9,56.46761989753714,62.554794172209874,64.73412023575972,4151.988432335216,4891.529466943354,99560.26305551197,92913.55694448804,100989.17511840136,89629.63488159864,105611.21895185731,76851.734381476,4943.917776541796,4201.197075275507,3842.7404299258674,3545.6236778151538,96997.48838045893,96352.87878752915,93752.51979618604,84927.24546231436,96236.91,95309.405,82233.92599999999,45.507735305742145,63.808919843570855,53.83790610979901,67.31974837700116,43.80198980531525,40.91112782147118,-54.49226469425786,4.272714858807287,6.422701952917522,55.20235448010869,97614.4,90603.5,94108.95,84730.45,1.0,1.0,97295.70000000001,104698.8,90530.0,97719.625,0,0.33613880731301776,0.34186777759942044,0.3278384889845718,0.3344677690363153,0.3344872535026956,0.3338440619012636,0.3312065832385661,0.3216981865432733,0.33372790785598455,0.3327940343933974,0.3186066553148305,0.3370042410516763,0.3303405843930508,0.3383805942613713,0.326876814415585,0.3427071694986553,0.3121267239493333,0.33509895796721356,0.3279165871143538,0.33157224174916505,0.32147550284231385,0.3347834152556367,0.34186777759942044,0.3278384889845718,0.33520292226796833,0.5646761989753714,0.6255479417220987,0.6473412023575972,0.4550773530574215,0.6380891984357085,0.5520235448010868,0.45507735305742136,0.9921463113865822,0.9970629855161126,0.10726159906892187,0.09587567051969786,0.14146857766540785,0.18147332858344253,0.8506115616323384,0.8343362780656303,0.8254201241776344,0.3802252553731825,0.37355513721325495,0.8173751353237287,1.0,1.0,0
2024-12-06,96977.9,101998.7,96319.6,99789.9,66.33442835571945,66.82027184917598,67.49958985622075,4149.733814480089,4743.170336450701,99580.1948384317,94446.4851615683,101339.60402330494,90195.65597669507,105504.91871690523,78570.70128309476,5048.943808464396,4306.761569898684,3930.186123738921,3616.7395552213147,97928.29225363929,96977.79173525111,94327.50838702547,85510.09465987065,97013.34,95767.63,82881.916,65.35415843261245,66.45421868753216,151.03850172518216,120.75535495770553,44.1438478645203,41.23607426596613,-34.645841567387556,8.43710880450656,10.11250708962388,55.31626814549603,97614.4,92483.3,95048.85,84969.5,0.0,0.0,97824.85,101998.7,96319.6,98771.525,1,0.3325526026873912,0.33742316238614256,0.33189604341889606,0.3353096227713006,0.33349294186012407,0.3325524950625639,0.3298825473605197,0.32044875141434825,0.33258782698838474,0.33134219087296823,0.3174555926470146,0.33510662024856935,0.33000394761892937,0.3367971543623648,0.32557240511765306,0.34068904461223415,0.3123429557901152,0.3331833468004612,0.3279816782948269,0.33061633042936156,0.31984035911560504,0.3333910215839023,0.33742316238614256,0.33189604341889606,0.33431991574522624,0.6633442835571945,0.6682027184917598,0.6749958985622075,0.6535415843261245,0.6645421868753216,0.5531626814549603,0.6535415843261245,0.9921227595705339,0.9964217115567195,0.29321220298616396,0.17081656499599074,0.2740495284878013,0.2811485586071415,0.8527132395170746,0.8368173690852968,0.8276696471983243,0.3809854010656737,0.37432746962997193,0.8193604677521492,0.0,0.0,1
2024-12-07,99789.9,100540.2,98883.4,99913.0,66.71967719702172,66.99750527879077,67.616317156912,4110.496905169319,4616.635650194425,100384.03706819098,94443.502931809,101425.3426281232,91111.2173718768,105177.30138717862,80500.86527948803,4564.351835826626,4117.478600620207,3821.9296416561156,3551.4082367139376,98589.8615024262,97511.46596520545,94859.45996921352,86074.91447713063,97413.76999999999,96268.28,83512.128,66.22296877646659,59.02828750494039,152.39524032707854,129.1615827807777,44.46128749092499,41.54477338823633,-33.77703122353341,4.175116543129041,11.13793103448276,56.44415235460811,97614.4,94924.4,96269.4,84969.5,0.0,0.0,98383.9,100540.2,98383.9,99781.625,1,0.33706929710910905,0.3377927148625632,0.3361882367804561,0.33718834605672804,0.3359012641276152,0.334839862878234,0.332180703598,0.3228304845897981,0.33474314762345475,0.3336021229555498,0.3199293942459209,0.3376425776967624,0.3317571339244151,0.33863946940791684,0.32829750501224053,0.34215116660028755,0.31640946978305606,0.3349416625264764,0.33224667051289214,0.33360324497239485,0.3215894564146885,0.33569941678736964,0.3377927148625632,0.33569941678736964,0.33706128934196633,0.6671967719702172,0.6699750527879077,0.6761631715691201,0.6622296877646658,0.5902828750494039,0.5644415235460811,0.6622296877646658,0.9917014399884895,0.9957654851794999,0.2956904155305745,0.18245063825505317,0.1382789527497057,0.3079025251927676,0.8426250862529374,0.8323239102451867,0.8248772329565801,0.3816861139425135,0.3750557012885557,0.8175381029015243,0.0,0.0,1
2024-12-08,99913.0,101464.8,98729.1,101186.8,70.7592369022684,68.85161820805114,68.83255171471441,4134.526142545001,4520.213748664541,101446.8293854177,94477.51061458232,101671.69687070532,91930.04312929467,104764.82718156159,82558.1794851051,4303.115859279964,4018.7801291473343,3770.204420624872,3524.217962156806,99455.50766828415,98179.70851698628,95462.06378166938,86667.53743881179,97962.17000000001,96800.87,84168.474,75.21314437355316,68.93009052754407,153.70473840813503,147.9890299423731,44.924378224975726,41.92308060691461,-24.786855626446837,5.730239867590081,11.765394598773957,57.57724359350421,97614.4,95406.20000000001,96510.3,84969.5,0.0,0.0,99851.45,101464.8,98729.1,100323.425,1,0.3379306281974274,0.33941971969073714,0.33677946869605363,0.33915457890367395,0.33748735733714325,0.3362407353813498,0.3335322715345397,0.32422794624105394,0.33602661237976894,0.3348757235981108,0.3214180008998452,0.33940260156439284,0.3325326560109622,0.33961659102188235,0.32989886343632774,0.3425145439072848,0.31956463904675625,0.3356833474012959,0.3334758197209879,0.33458567491053326,0.32232730090724365,0.3378711057923876,0.33941971969073714,0.33677946869605363,0.3383266296560164,0.707592369022684,0.6885161820805114,0.6883255171471441,0.7521314437355316,0.6893009052754406,0.575772435935042,0.7521314437355316,0.991962051698717,0.9951859397110285,0.29807857059153786,0.20831848164245007,0.18871848665242086,0.3240396500381416,0.8367327020456997,0.8298982485875326,0.8235149704387605,0.3826996092086853,0.3759409690743946,0.8167697546570747,0.0,0.0,1
2024-12-09,101186.8,101296.1,93888.0,97329.0,49.52090758050704,58.18921590545447,61.48884686970082,3798.490631741952,4375.869125280024,101438.94052914872,94445.85947085127,101472.30863710388,92628.19136289612,103559.66272574247,85138.49727425753,4746.685022239971,4260.8744056368105,3943.4375434522594,3653.6806967515795,98746.6717788561,98025.0342411706,95639.8672310342,87085.63400983879,97942.4,97050.25,84734.37400000001,47.9857150923155,63.14060941411176,23.50920440710142,28.099450338516537,43.140077663658985,41.15456306807994,-52.0142849076845,-0.20271371839711289,5.401260972868081,58.06591814515821,97614.4,95679.9,96647.15,84969.5,0.0,1.0,100549.9,101296.1,93888.0,98424.975,0,0.3356704893936291,0.3357746887107598,0.3284544711420344,0.33192139543277505,0.33331550851846414,0.3326082918944504,0.33023455238296767,0.3212255652373114,0.33252698890214927,0.3316449763134668,0.3186001763088756,0.33591069986837496,0.32902476096166106,0.3359424459712975,0.32715449870763186,0.3379085643555987,0.31905634906468244,0.3322036195267353,0.33027486185105,0.3312438907495297,0.3188658386977784,0.33506114228618333,0.3357746887107598,0.3284544711420344,0.33300085808354235,0.49520907580507045,0.5818921590545447,0.6148884686970082,0.479857150923155,0.6314060941411176,0.580659181451582,0.479857150923155,0.9874470957639778,0.9941672437810336,0.04698379107841117,0.0401205243439135,-0.006757021107896119,0.1531082330352432,0.8465412414489425,0.8357464343814414,0.8280061648578443,0.37873681603118403,0.3741342936431348,0.8203764007697831,0.0,1.0,0
2024-12-10,97329.0,98299.0,94190.8,96552.8,46.26150723228984,56.30005754431094,60.13346765539155,3430.008215793787,4186.696943382776,101434.56755978322,94463.99244021678,101411.60020612663,92912.64979387337,102534.37688242103,87238.73645091229,4655.472876205689,4249.969090948466,3951.2833747164377,3668.8313401931937,98015.38118590407,97757.35528823048,95726.81320903095,87456.89542121766,97949.28,97162.125,85318.06800000001,42.50748122635651,55.235446897408394,-49.47953465065642,-33.2187328291917,41.4832271424363,40.424471406187,-57.49251877364349,0.07130715973633235,2.3723616422786122,57.590985421004326,97614.4,95891.25,96752.825,84969.5,0.0,0.0,99257.9,99257.9,94190.8,96592.9,0,0.3315225869291124,0.33247842090838003,0.3283660943197044,0.3307510871549995,0.33219988798322747,0.33194581331491646,0.3299235119849949,0.32123669902905466,0.33213486050397756,0.3313572239598904,0.3188615985032257,0.33550714415959276,0.3286448730277733,0.33548528962045027,0.32705138407133794,0.33654811421637,0.32099700763052363,0.3318047687464281,0.3300888119055439,0.3309504709156797,0.31846912222482426,0.3334144213450819,0.3334144213450819,0.3283660943197044,0.3307910904749744,0.4626150723228984,0.5630005754431093,0.6013346765539155,0.4250748122635651,0.5523544689740839,0.5759098542100433,0.4250748122635651,0.9795642112065985,0.9925001509382442,-0.09863729766913641,-0.047419741401190436,0.00237690084830389,0.06767814685500409,0.8446013547013079,0.8354902257325174,0.8282048760425793,0.37491093425613176,0.3723871802970188,0.8207900983641963,0.0,0.0,0
2024-12-11,96552.8,101961.0,95574.3,101128.3,63.006534003919064,63.7675268091797,64.91958570803382,3467.219904543308,4042.8015356148826,102260.58465479803,94410.55534520195,101863.46312195928,92735.3268780407,102914.99319282628,87682.31347384036,4902.7910367477325,4402.59272730929,4067.2555949680354,3759.426962186754,99053.02079060272,98370.25432673402,96241.24052245657,87993.02893411109,98335.56999999999,97299.39499999999,85992.444,74.80026537180284,55.09782056349161,104.24003863429357,112.1468204007592,40.8177186102595,40.14414147749637,-25.19973462819716,3.9715047694246968,2.7905255893046546,58.80416002389794,97614.4,96717.25,97165.825,84969.5,0.0,0.0,96940.9,101961.0,95574.3,98804.09999999999,1,0.32840210493349015,0.3336531586227679,0.3274218618422574,0.33286239689434594,0.33086398906665593,0.3301976848830555,0.32809103186988003,0.3194827711725097,0.330163718050678,0.329143620086649,0.3172782331412998,0.33393613230197283,0.326243394736675,0.3335608567829665,0.3245222100403723,0.3345514851323748,0.31914355108318115,0.32945483989820545,0.32856590884252745,0.32901136211514154,0.3161319415368516,0.328788250449941,0.3336531586227679,0.3274218618422574,0.33062158397245067,0.6300653400391907,0.637675268091797,0.6491958570803382,0.7480026537180283,0.5509782056349161,0.5880416002389794,0.7480026537180283,0.980543779299906,0.9909211218028066,0.20551122641970723,0.15885296181538033,0.1316155180824526,0.07956079095526533,0.8497763865930803,0.8390176015661887,0.8310969585816134,0.3733320139912237,0.37170815470603347,0.8232287783710271,0.0,0.0,1
2024-12-12,101128.3,102636.2,99300.0,99982.5,57.74922423286582,60.95833980383979,62.93297503291307,3365.4590349932987,3907.333035490566,102408.58106692354,95081.73893307647,102011.30790143435,92691.03209856564,102987.96904421302,88410.3042891203,4678.992317212342,4326.421818215769,4032.443423779081,3745.3193967805287,99362.84719373516,98663.38990369147,96597.55094888929,88463.2042700283,98745.16,97351.17,86658.91200000001,66.7134831460674,61.340409914742246,124.4968353328805,148.25211945065092,40.342305483941225,39.94748757963373,-33.286516853932596,4.2716083373484866,1.0465198540632863,59.50764255215695,97614.4,96717.25,97165.825,84969.5,0.0,0.0,98840.55,102636.2,98840.55,100761.75,0,0.3332249100904626,0.3346524972419578,0.3314661986081847,0.332126344778575,0.3315271698746963,0.3308464861228883,0.3288086125320341,0.3203545674346556,0.3309263010808385,0.3295568501833829,0.31837841742669554,0.3344383032781936,0.3272864537471497,0.3340633585927153,0.3248376321214296,0.3349826191769357,0.32029718102507504,0.3298168868104605,0.3289278314789329,0.3293733471656709,0.3164920049082529,0.3310193298551859,0.3346524972419578,0.3310193298551859,0.3328747819324433,0.5774922423286583,0.6095833980383979,0.6293297503291307,0.667134831460674,0.6134040991474224,0.5950764255215695,0.667134831460674,0.9777479230479018,0.9891335826449877,0.24397246499796751,0.20867798536509505,0.14143243160187663,0.02989165963764789,0.845105174728905,0.8372727220616982,0.8302375737696055,0.37218863215409115,0.37122904550501856,0.8228529142791773,0.0,0.0,0
2024-12-13,99982.5,101935.7,99168.0,101415.8,62.335736219957,63.14551889072643,64.36525609369181,3361.7163704171544,3798.209702475884,102740.31868275757,95849.24131724243,102520.5050790243,92549.3949209757,103361.01745063791,88770.89588269545,4405.9505576105785,4215.084545486071,3972.2175464562674,3712.732083554511,100047.16479582344,99163.82810302029,97056.43181089984,88971.14920061543,99294.78,97534.95,87323.804,76.82937157698605,72.78104003161876,107.42681421837405,137.78965830554674,39.84185455154897,39.73084166324905,-23.17062842301394,5.730007214375369,3.760581623528503,60.734195032934174,97614.4,97061.4,97337.9,84969.5,0.0,0.0,100555.4,101935.7,99168.0,100625.5,1,0.3329688119935587,0.33483488870215095,0.33218023600980323,0.3343415700357345,0.33303115299061287,0.33217618084662115,0.330106437882697,0.32174265607595376,0.33230339021565575,0.3305801796459018,0.31994929050991544,0.3355936033813242,0.32890122822606455,0.3353869011212603,0.32553069438198196,0.33617498287590597,0.3215263617629812,0.33065861980580064,0.3301113680284278,0.3303853682722818,0.3173291538257398,0.33351977581504255,0.33483488870215095,0.33218023600980323,0.333586983738366,0.6233573621995699,0.6314551889072643,0.6436525609369181,0.7682937157698605,0.7278104003161876,0.6073419503293418,0.7682937157698606,0.9776378474562009,0.987442422440567,0.2116075238201507,0.1943388187447042,0.18871100772987884,0.10703362378663062,0.8390938245720868,0.8346662143503544,0.8287331510534074,0.3709707402440502,0.3706985585901738,0.8219792602410958,0.0,0.0,1
2024-12-14,101415.8,102748.0,100577.1,101419.9,62.34937619472782,63.15187809629193,64.36939132507402,3320.8009908156964,3702.7279601438468,103205.64102323643,95933.53897676356,102968.65498637562,92440.46501362437,103322.10973285564,89746.64360047769,4086.6576208090664,4069.071363665637,3886.44052043454,3661.3376807693608,100504.74319721563,99574.02299338023,97472.00020986176,89459.33550647365,99569.59,97704.56,88018.86600000001,76.85830839591209,73.46705437298851,113.8465175515551,139.21202671709577,39.56380710030084,39.613829951761474,-23.14169160408791,2.7850915864512364,3.460450464511559,59.761859160829125,98318.0,97567.35,97942.675,85111.65,0.0,0.0,100699.15,102748.0,100577.1,101540.20000000001,1,0.33568661578286996,0.33694647660261123,0.3348852377802668,0.33569051760214647,0.33481579897328484,0.33391828693620634,0.3318611256120252,0.3236067646013104,0.3339139927791154,0.33209081526169293,0.32204779074245005,0.33737563041900265,0.3303282156897775,0.3371536262072589,0.3267579507138436,0.3374845558237814,0.32391482270855937,0.3326941653818337,0.3319553624599964,0.33232544620656,0.31882538437496444,0.33500225661314503,0.33694647660261123,0.3348852377802668,0.33580493497457964,0.6234937619472781,0.6315187809629194,0.6436939132507402,0.7685830839591209,0.7346705437298852,0.5976185916082912,0.7685830839591209,0.9763988124265732,0.9857496542741334,0.22383810929339695,0.19629325713371598,0.09257059607994512,0.0985491073194268,0.8315727376127853,0.8311415812353102,0.8265506256160675,0.3702876218297678,0.3704108647809272,0.8205856933099336,0.0,0.0,1
2024-12-15,101419.9,105338.2,101243.4,104515.6,71.45541692328248,67.68572337480481,67.3712542836012,3497.8513231414545,3661.752632743369,104571.49527769284,96075.22472230719,103869.83427966479,92690.4357203352,104042.48774565755,89918.95892100914,4087.820817836343,4070.909123403806,3896.362400413848,3675.7864247437155,101841.69546481044,100472.49154003836,98142.81923749397,90049.77725131782,100323.36000000002,98280.135,88767.796,94.44496967896171,82.71088321728661,158.1631255951371,174.02781749998493,39.84841010386766,39.76795262449969,-5.555030321038286,7.77259561198996,12.377411318425747,60.18772276926171,99613.1,97934.1,98773.6,85431.35,0.0,0.0,101417.85,105338.2,101243.4,103129.275,1,0.3353104131560622,0.3389709086921631,0.3351423297825761,0.33821346524400236,0.33571095414037244,0.334404853048765,0.3321425751337147,0.3238603873853242,0.3342615588754226,0.33227734740898734,0.32248314358100955,0.33826511523743386,0.33009100896320576,0.3376148033291151,0.32663886446296575,0.33777521434752145,0.3237207139540137,0.3335762682005522,0.3319373734841407,0.3327601782746361,0.3188072322924089,0.33530846253366875,0.3389709086921631,0.3351423297825761,0.33692382141215194,0.7145541692328249,0.6768572337480481,0.673712542836012,0.9444496967896171,0.8271088321728661,0.6018772276926171,0.9444496967896171,0.9813151255460113,0.9849554633408666,0.30618133105582124,0.24361269618097647,0.2534409260148574,0.3396000079147648,0.8316011898870462,0.8311867240546107,0.8268055295732404,0.37098679002026386,0.37078962978733676,0.8209794395508727,0.0,0.0,1
2024-12-16,104515.6,107850.0,103304.3,106094.2,75.0459466920789,69.73097913897368,68.77959794170539,3722.632622563149,3673.928630707325,106400.26512539788,95507.31487460213,104784.73416914903,93182.39583085098,104878.33772793255,90114.36227206746,4153.2321295740085,4104.822757446391,3927.283238489379,3704.783543918925,103259.19697654029,101494.62035094047,98900.09359582787,90678.97030028576,100953.79000000001,98983.565,89529.65800000001,89.86258660508082,87.05528822665154,189.7396533834018,199.97331231684177,40.55720636397451,40.14248287560973,-10.137413394919186,6.317573221338034,15.287702552333254,62.97618483454925,100869.0,99190.0,100029.5,87129.2,0.0,0.0,102967.75,107850.0,102967.75,105441.02500000001,1,0.33745449019739715,0.34048909681210404,0.33632888894450963,0.3389026437343792,0.3362867312791745,0.334623279954145,0.33212606327345784,0.32377441248852723,0.3341078537074349,0.33220738247772674,0.3225492363542027,0.33918100636370274,0.328763513237102,0.337702872302648,0.3263922368001929,0.3377891140003791,0.3231744114013315,0.3340268050533724,0.33240821127850106,0.33322078293744956,0.31994086493438145,0.33601388732399184,0.34048909681210404,0.33601388732399184,0.3383059847030923,0.750459466920789,0.6973097913897368,0.687795979417054,0.8986258660508082,0.8705528822665154,0.6297618483454925,0.8986258660508082,0.9861202874246069,0.9851959411242294,0.3622551896559618,0.2781503150969918,0.20752711403498986,0.4109813981155849,0.8331882883850703,0.8320161429926856,0.8275957774433127,0.37270709446255673,0.3717041234265882,0.821764999820996,0.0,0.0,1
2024-12-17,106094.2,108421.6,105300.0,106084.6,74.9790321389514,69.70208679442013,68.7606467445554,3855.5543514825695,3710.253774862374,107754.58423901975,95387.31576098024,105880.79133966277,93103.92866033726,105483.65692899637,90588.01640433694,4005.856111063437,4034.5925604859344,3888.9173699898847,3685.3440924549604,104200.9979843602,102329.16210531493,99584.33230098712,91283.11264145102,101570.95,99492.36000000002,90252.39799999999,86.93800442665832,90.41518690356695,176.75534339904246,190.48236480897086,41.30975429200737,40.54763802324366,-13.061995573341676,6.176973967351602,10.609986372456316,60.091734950326895,101154.8,99475.8,100315.3,87614.8,1.0,0.0,105304.9,108421.6,105300.0,106475.1,0,0.33941103123970134,0.34150893758803424,0.3386849517525268,0.33940228605875333,0.33767143870011024,0.33592120378749707,0.33329798862852233,0.3249180904288763,0.33520343743317316,0.3332088886294279,0.32382683468788404,0.34091217885620095,0.3291489621051135,0.33921644456889266,0.32681722716759665,0.3388533251784962,0.32418347545503823,0.3348072855061464,0.3331928373621254,0.3340033194522657,0.32097884680340694,0.3386894476688279,0.34150893758803424,0.3386849517525268,0.3397573987956421,0.749790321389514,0.6970208679442013,0.687606467445554,0.8693800442665832,0.9041518690356695,0.6009173495032689,0.8693800442665832,0.9883614015508049,0.9858909294743591,0.339485317030253,0.26559422356547385,0.20303798090835629,0.29418576121822115,0.8295762200598684,0.8302908425060906,0.8266143194739041,0.3745017657388415,0.372684067307296,0.8212390485054305,1.0,0.0,0
2024-12-18,106084.6,106470.3,99800.0,100148.6,45.629199049744976,54.62939672485313,58.32654175113693,3442.2303003341804,3656.6490799567355,107707.67655878614,95226.58344121386,105865.12809474883,93564.17190525116,105295.50905295883,91417.07094704115,4386.490952340089,4222.857377594082,4021.3641618951287,3784.842622706462,102850.19865624014,101932.69626798494,99638.0720818455,91630.77881237451,101467.13,99714.65,90800.22,53.760423886069454,76.85367163926954,39.0459483241245,67.52794447088259,39.69680316963583,39.751417141002875,-46.239576113930546,-1.0260231571706953,4.645423122416484,45.985339104674566,101306.20000000001,99475.8,100391.0,87614.8,0.0,0.0,106089.4,106470.3,99800.0,103125.875,0,0.33682884688188974,0.3371792851523737,0.3309386705571594,0.3312746412669148,0.33384078683352447,0.33297665031404555,0.3307822242932393,0.3227238004928893,0.3325352907826068,0.33085624036780525,0.32184952563767466,0.3382953189287418,0.3264230951442607,0.3366288900989908,0.3247298301968311,0.33610804751689083,0.3224995735298583,0.33238227402451526,0.3306251995958841,0.33150759589874224,0.3184237261597143,0.33683321560811313,0.3371792851523737,0.3309386705571594,0.33409897645838077,0.4562919904974498,0.5462939672485313,0.5832654175113693,0.5376042388606945,0.7685367163926954,0.45985339104674566,0.5376042388606945,0.9798912150884301,0.984853518066713,0.0779335391662387,0.09617035114424123,-0.034187443342912516,0.13195244584254692,0.8386512805627285,0.8348504060041927,0.829962510872396,0.3706149543163041,0.37074906155485127,0.8239023762681953,0.0,0.0,0
2024-12-19,100148.6,102742.4,95640.5,97399.4,37.663169651411,49.31094258084916,54.31822046439404,2859.8638180915877,3497.292027583706,107696.15891741037,95252.18108258962,105868.06342240167,93548.50657759834,105107.99631791306,91941.78368208691,4774.406530577218,4428.503279194504,4168.056344662027,3895.4112019495797,101033.26577082677,101108.46058289678,99424.86521690783,91856.99925110492,101474.17,99708.285,91300.48199999999,24.16056586117681,54.95299805796819,-71.46514718513365,-28.481503485796814,36.939334246696525,38.29355420197071,-75.8394341388232,0.07233198738299394,-0.13052835787533354,44.189369667404165,101997.95000000001,99475.8,100736.875,87614.8,0.0,0.0,103116.6,103116.6,95640.5,98982.725,0,0.3285014748762013,0.3309638905050682,0.3240719250156198,0.3258235942353323,0.3293481606929153,0.3294197978122956,0.3278034398094343,0.32019665566921907,0.3297674745560097,0.328077376131782,0.31961375567357114,0.33550462650331786,0.3236810325609918,0.3338528574543357,0.32194777647543427,0.33315798978944977,0.3202851619703489,0.330263331583503,0.32785272561671114,0.32906529220064795,0.3156651318394288,0.3313141836889573,0.3313141836889573,0.3240719250156198,0.3273745898596087,0.37663169651411005,0.4931094258084916,0.5431822046439404,0.2416056586117681,0.5495299805796818,0.44189369667404166,0.24160565861176805,0.9567968927582314,0.9813013168469206,-0.14196487172689082,-0.04066542403358161,0.0024110615740747243,-0.0037293643639063788,0.8471234386584514,0.8396042730159863,0.833544499293987,0.36359884168225054,0.3671060490206218,0.826781120384123,0.0,0.0,0
2024-12-20,97399.4,98221.5,92230.0,97757.3,39.27337172142897,49.99347880259548,54.74335202196547,2399.5531688349583,3277.7442558339567,107467.71196644983,95721.52803355019,105822.46427781021,93721.43572218978,105042.78193154375,92236.46473512292,4948.277026209044,4540.145902109182,4254.886994916216,3965.28082855126,99941.27718055119,100499.15865873372,99266.04948196422,92088.38359419885,101594.62000000001,99771.95,91848.98199999999,34.136836384298036,37.352608710514765,-130.36348310178929,-94.70787037442048,35.06008430817905,36.41890075025126,-65.86316361570196,1.247503956384486,1.3197006757597145,48.69838943682798,100325.8,99475.8,99900.8,87614.8,0.0,1.0,98774.0,98774.0,92230.0,96402.05,1,0.3241148035729275,0.3249225643851735,0.3188803621180458,0.3244672632669419,0.32659153351323034,0.3271270042053045,0.3259395715802394,0.31873303602350644,0.3281701892703591,0.3264284395733319,0.31848348757435513,0.3335846769318973,0.32244566804587194,0.3320972232341619,0.3204188908743849,0.33138451703179184,0.31888708232079177,0.32696091643112496,0.32614255038025897,0.3265525705570974,0.31396371103773724,0.3254617845646194,0.3254617845646194,0.3188803621180458,0.3231260084701234,0.39273371721428973,0.4999347880259548,0.5474335202196547,0.34136836384298036,0.3735260871051477,0.4869838943682798,0.34136836384298036,0.9216237019676323,0.9750216619587172,-0.25497536287895917,-0.1344774090106507,0.041559513284004916,0.0376878747212042,0.8506996789584317,0.8420934660533168,0.8356058478722593,0.35851865557696383,0.3622175944419037,0.8285584115587339,0.0,1.0,1
2024-12-21,97757.3,99482.8,96326.7,97249.7,37.66360034014038,48.9860178482498,53.99503882853222,1971.073279316668,3016.410060530499,107637.60892635316,94775.91107364683,105822.98381694134,93719.34618305867,105023.96258611063,92179.73741388938,4692.25173675061,4441.285480529956,4202.563804682111,3938.3081342662185,99044.08478703414,99908.34799350941,99074.01619796763,92290.78815913222,101206.76,99771.16500000001,92404.06599999999,31.001877516737043,29.76642658740396,-75.84604538184652,-53.134127985625256,32.96624064155624,34.803271341332376,-68.99812248326296,-3.8353260165552134,-0.01614140280099305,47.64509215686119,100325.8,99475.8,99900.8,87614.8,0.0,0.0,97578.35,99482.8,96326.7,97704.125,0,0.3251232894060171,0.3268057858262607,0.32370655385152924,0.32462290295937274,0.3263806807564277,0.3272164127203853,0.32640974112413346,0.3195980544671941,0.3284589774361994,0.32708422388647984,0.31971570206440236,0.33439540061704687,0.3221477777444837,0.33275567110594145,0.32107168159354127,0.33202504585874,0.31948258536636065,0.32761759578063765,0.3267990171529864,0.3272091440531856,0.3146167997131374,0.32494716810237473,0.3268057858262607,0.32370655385152924,0.32507098733712686,0.3766360034014038,0.489860178482498,0.5399503882853223,0.3100187751673704,0.2976642658740396,0.4764509215686119,0.3100187751673704,0.8652963080139624,0.964792406199177,-0.15053919792124648,-0.07576044985499791,-0.12715222295711948,-0.00046118290447494565,0.8453880955257269,0.8398924270856141,0.8343687969402014,0.3525367109035089,0.35780392674814243,0.8278760386432371,0.0,0.0,0
2024-12-22,97249.7,97431.6,94200.0,95144.7,31.430614235411852,44.941407360038546,50.96173438281478,1444.9870606990298,2702.1254605642052,108106.71544477172,93339.2445552283,105888.89521834579,93579.24478165423,105013.98849705908,91936.22483627427,4483.587202929095,4354.879374777816,4156.327433030582,3914.7511964573446,97744.28985802276,99042.23017650768,98699.795607685,92402.70627053881,100722.98000000001,99734.07,92919.68800000001,18.00130932088241,27.713341073972497,-107.4456392953635,-107.76785008496286,31.52155549551003,33.14847911646964,-81.9986906791176,-4.83864676318356,-0.7737264643860651,43.40084810055395,100325.8,99475.8,99900.8,87614.8,0.0,0.0,97503.5,97503.5,94200.0,96006.5,0,0.3251995646308955,0.3253792094170205,0.32213859481707346,0.3230968410960859,0.32568727030333006,0.3269559468342279,0.3266227928331976,0.32028978084110177,0.32857524294113866,0.3276256689822003,0.3208250931760469,0.3353938743297572,0.3212574293004021,0.3333941962059187,0.3215039020324615,0.3325942128081022,0.3198042876286837,0.32819494444946123,0.32737618007486724,0.3277864002287,0.315191010796417,0.32545012909645665,0.32545012909645665,0.32213859481707346,0.323963061164968,0.3143061423541185,0.4494140736003855,0.5096173438281478,0.18001309320882408,0.277133410739725,0.4340084810055395,0.180013093208824,0.7457561933971684,0.9469525556399001,-0.211643487798624,-0.15274916128684507,-0.15990404864621027,-0.022102870000025972,0.8408401730776311,0.8379281791928799,0.8332627702816712,0.3481903115500951,0.3530718049636186,0.8272762466508707,0.0,0.0,0
2024-12-23,95144.7,96500.0,92465.8,94837.0,30.567909367344228,44.36476986312607,50.52607964513801,991.7982904350647,2360.0600265383773,108217.04634084269,91913.15365915732,105985.20572648491,93374.67427351509,105042.58719911375,91714.0794675529,4419.389031082081,4331.973705150829,4150.511840981507,3918.7328232420996,96775.19323868185,98277.6428716881,98331.910311715,92498.16876973337,100065.1,99679.94,93441.556,16.10094122878529,21.701376022134912,-117.24716499608552,-131.67455078951392,30.561386264552418,31.801230707598187,-83.8990587712147,-6.486957653541167,-1.1286535807071816,43.66978193133361,100325.8,99475.8,99900.8,87614.8,0.0,1.0,96197.2,96500.0,92465.8,94736.875,0,0.3229992038373707,0.3243580429592411,0.32025773986858996,0.32268811138366366,0.3246317138578947,0.32611278721073905,0.32616587425657806,0.3202913171810571,0.3278467091268753,0.32747561769910793,0.3212650073058414,0.3353942108835157,0.31968271317145824,0.3333838356178778,0.3211962886218208,0.3325224614904658,0.31947476438025285,0.3280971074195429,0.3272783744460783,0.32768857883507263,0.3150937041921226,0.32405605005527005,0.3243580429592411,0.32025773986858996,0.3225866734335869,0.30567909367344226,0.4436476986312607,0.5052607964513801,0.16100941228785293,0.21701376022134913,0.4366978193133361,0.16100941228785304,0.5791606962875249,0.9175606824901162,-0.2302887157145189,-0.1859188027993392,-0.21292371559091167,-0.032236072003641716,0.8393982987280474,0.8374009353212571,0.8331227845915652,0.34519344197453433,0.3490466036259297,0.8273778773125493,0.0,1.0,0
2024-12-24,94837.0,99435.7,93508.6,98628.3,50.212310607101756,52.458909441420744,55.45290924323944,927.8732050096296,2073.622662232628,107924.3718146421,91647.5081853579,105984.45010749389,93371.07989250611,105061.88205311107,91734.8246135556,4634.776312356068,4445.911297640055,4235.111277125245,3985.678395800696,97392.89549245458,98341.39871319935,98360.13790107548,92738.56607288108,99785.94,99677.765,94057.34799999998,39.516168877689665,24.539473142452454,-63.33821596482848,-62.54792920110121,28.823489431729648,30.30119775930506,-60.48383112231033,-2.752517010961351,-0.04408554419803834,50.03506248160208,100325.8,99475.8,99900.8,87614.8,0.0,0.0,94990.85,99435.7,93508.6,96602.40000000001,1,0.3210619581739299,0.3256104159921374,0.3197086158068241,0.32482666300374397,0.3236154230858671,0.3245466786213905,0.32456498997431726,0.31891565543348116,0.3259484972391138,0.3258441995289082,0.3202698892080043,0.33349878904042507,0.31778123646948486,0.33175012347589733,0.31956746168964034,0.33090765863630134,0.31787249829406194,0.32646738725913005,0.32564918189195535,0.32605912139823706,0.31347289592343797,0.32121752000202947,0.3256104159921374,0.3197086158068241,0.32283262105377974,0.5021231060710175,0.5245890944142074,0.5545290924323943,0.39516168877689667,0.24539473142452453,0.5003506248160208,0.3951616887768967,0.5501400586395512,0.8814909215984242,-0.12600316435851366,-0.08911713525882917,-0.09149397383034658,-0.0012595863109507326,0.8441558953156669,0.8399965043750047,0.8351400975763715,0.33952963189806246,0.34436563638843914,0.8290713680922661,0.0,0.0,1
2024-12-25,98628.3,99590.0,97562.6,99405.2,53.36658543597129,53.937770618530536,56.38738831699851,929.1903237787774,1844.7361945418581,106778.20171111217,91771.59828888782,105985.59614186041,93612.6638581396,104973.79407561812,92249.65259104857,4262.293982019486,4273.160490665765,4129.982168690709,3920.402449274006,98063.6636616364,98534.81712898127,98459.66762478257,93000.00269747397,99274.9,99799.13,94658.538,44.31433582845423,33.31048197830973,-24.84727172533358,-21.317973002223507,27.166874563631357,28.896554485276916,-55.685664171545774,-4.8896049967660415,2.5029413918016403,55.99076021666786,100325.8,99475.8,99900.8,87614.8,0.0,0.0,96732.65,99590.0,96732.65,98796.52500000001,1,0.3264143517415255,0.3273477800247489,0.32536970067405646,0.3271690876841534,0.3258622272318842,0.3263231506790543,0.32624977513161035,0.3207695761994048,0.3270429018945322,0.32754961386800774,0.3224663338925014,0.3340616916260751,0.319494039394853,0.33334311280231976,0.3213997147959042,0.33241824225726757,0.31999237168836914,0.3280561118506585,0.3272373920439954,0.32764758982263914,0.3150529310351153,0.32454851648270633,0.3273477800247489,0.32454851648270633,0.3265782613427056,0.5336658543597129,0.5393777061853053,0.5638738831699851,0.4431433582845423,0.3331048197830973,0.5599076021666786,0.44314335828454227,0.5507520877610663,0.8425283051441396,-0.04965367613872369,-0.030444835593669194,-0.16155877317389747,0.07139095361234578,0.8357797375686923,0.8360342985634027,0.8326270470924294,0.3338146626625106,0.33977432391505,0.8274204636472856,0.0,0.0,1
2024-12-26,99405.2,99950.0,95137.5,95743.2,39.57772458555992,46.58220297883122,51.08373204927731,627.5078347941599,1601.2905225923187,104436.72096835029,92042.87903164972,106030.97731866996,93162.61268133004,104712.93705244256,92758.34961422409,4340.894841730988,4311.684741332496,4162.483017800675,3950.139034298206,97290.17577442426,98027.25037825739,98200.95642242231,93107.57906227892,98239.8,99596.795,95061.40400000001,21.697670396995946,35.17605836771328,-58.28521394778147,-66.528334001124,26.216709684776596,27.66981225511999,-78.30232960300405,-9.756424008098463,-4.055220017256253,55.74060119798897,99350.15,99475.8,99412.975,87935.55,1.0,0.0,99016.75,99950.0,95137.5,97558.975,0,0.3264422167685012,0.3269679459409142,0.32222539244589016,0.3228348087798536,0.3243746268351069,0.3251000339435298,0.32527022683572254,0.3201555056615475,0.32530824521821955,0.3266274201999794,0.32214856627937277,0.33119560871202597,0.31905246834931994,0.3326557904686963,0.3202121915423387,0.3314501273156053,0.31979504050917207,0.32638893972802896,0.32651050148305827,0.32644973907711783,0.3146794517146025,0.32606566940119575,0.3269679459409142,0.32222539244589016,0.32463978110419306,0.3957772458555992,0.4658220297883122,0.5108373204927731,0.21697670396995947,0.3517605836771328,0.5574060119798897,0.21697670396995947,0.3955298328385108,0.788527700822061,-0.11604527003727336,-0.09475535015733992,-0.3142139304384,-0.11534773489699306,0.8376066131289818,0.8369315898991925,0.8334107266839809,0.3303831111326782,0.33558447313952877,0.8281759179439986,1.0,0.0,0
2024-12-27,95743.2,97500.0,93380.1,94251.0,35.24810063038561,43.95196595790811,49.1074944378729,264.9599265036959,1334.0244033745942,100870.6661717916,93242.2138282084,106152.81975291138,92474.5702470886,104790.36887913143,92570.40445420188,4309.324150055132,4297.985831237317,4160.455255048261,3955.7977331549323,96277.11718294951,97340.65940039241,97824.77009647732,93152.4190990523,97056.44,99313.69499999999,95428.92800000001,12.481780676400104,26.164595633950096,-85.75129953399912,-102.04969190212165,25.726638965197797,26.72792455550975,-87.5182193235999,-11.154870735243385,-5.66693022929949,47.174236968099954,97486.2,99475.8,98481.0,88839.15,0.0,0.0,97574.2,97574.2,93380.1,95218.57500000001,0,0.322697334076872,0.324444092999304,0.3202985576505005,0.32118931529948663,0.32323143435641016,0.32428691533189274,0.32476369168138086,0.32006437107662233,0.3240059391854482,0.32621597223050447,0.3223816153876905,0.3277123974864953,0.3201567970747911,0.33262850269723293,0.31936388892282813,0.3313834136483708,0.31946322134246014,0.3244304900915055,0.32637282194316763,0.3254063717594861,0.3155209912457837,0.32451720156646696,0.32451720156646696,0.3202985576505005,0.32216973582103303,0.3524810063038561,0.43951965957908107,0.491074944378729,0.12481780676400105,0.26164595633950094,0.47174236968099953,0.12481780676400106,0.1748254399985893,0.7110723393802594,-0.1698406725871568,-0.14476117121253876,-0.35559050474559656,-0.1605120977609269,0.8368768389099248,0.8366134420663289,0.8333620113007297,0.3285660782072696,0.3322440012092087,0.8283190323868416,0.0,0.0,0
2024-12-28,94251.0,95699.9,94070.2,95255.8,40.37252573156348,46.15663952004921,50.46247400232047,58.04791942139855,1078.829106583955,99893.28116339442,93241.03883660558,106018.10619642763,92016.18380357238,104806.5422866153,92524.43104671803,3926.5207000472556,4107.393986148937,4039.943100045963,3878.261142049768,95936.67812196635,96961.59405486652,97580.1062777652,93234.90462457966,96567.16,99017.145,95803.76,18.687467575780044,17.62230621639203,-78.30688393320811,-92.96211462582792,25.271573297017483,25.83313124088003,-81.31253242421995,-4.885540087430082,-5.861436471950887,49.68965635878491,96090.0,99475.8,97782.9,91448.95000000001,0.0,0.0,94997.1,95699.9,94070.2,94819.22499999999,1,0.3230898706894888,0.3245555980989976,0.32290545397030734,0.32410861931300783,0.3247930970222614,0.3258146772433707,0.32642616472177294,0.322049006195915,0.3254227612851746,0.3278326104020932,0.32465984372219736,0.3286804880319995,0.32205532255709013,0.33441509127020175,0.32078611608065455,0.33330650875733847,0.3213147234579636,0.3249465853113893,0.3282773686476233,0.32662584398555605,0.32019284073836596,0.3238473184676116,0.3245555980989976,0.32290545397030734,0.3236672582513384,0.4037252573156348,0.4615663952004921,0.5046247400232047,0.18687467575780045,0.1762230621639203,0.49689656358784906,0.18687467575780048,0.0386793063890834,0.6164255512151781,-0.15534573972901916,-0.13202775653130927,-0.16142680994682665,-0.16592135857335677,0.8275763640656244,0.8320787473496628,0.8304233384317614,0.3268487491398529,0.3289637364332271,0.8263399987176976,0.0,0.0,1
2024-12-29,95255.8,95300.0,92926.7,93699.0,35.31995130022405,43.31382621088239,48.36751659619306,-228.91331597838143,817.2806220714879,99875.27863366174,92518.96136633828,106181.95395170394,91489.33604829607,104922.51369459424,92153.2796387391,3704.632028611934,3983.5301299954417,3960.5791429009178,3828.095770648109,95190.78541464424,96368.39513579989,97210.47710845423,93253.10444322361,96197.12000000001,98835.645,96143.70599999999,9.072605548556037,13.41395126691206,-91.79050959115067,-107.51099803790727,25.113409104928163,25.131686761174716,-90.92739445144396,-3.799202048472572,-3.7296180994359336,49.361412348043096,96207.9,99475.8,97841.85,92015.8,0.0,0.0,94753.4,95300.0,92926.7,94295.375,0,0.3253599431560178,0.3254045418711499,0.32298124076369034,0.32377627530018754,0.3252943059260012,0.3264765675410416,0.32731348618930267,0.32331802521910846,0.3263054820174791,0.3289091503178797,0.3262520672196719,0.3299167163033542,0.32255893591938745,0.33582042309981647,0.3214845217403871,0.334668978249781,0.32217866747606216,0.3263162587191969,0.329530759685291,0.3279364249167584,0.32203532904997045,0.32485160825941806,0.3254045418711499,0.32298124076369034,0.32438590997448136,0.3531995130022405,0.4331382621088239,0.4836751659619306,0.09072605548556037,0.1341395126691206,0.493614123480431,0.09072605548556041,-0.15143508431926841,0.49665327442589063,-0.1815460985423815,-0.15239077107795132,-0.12596737788558118,-0.10615900405814188,0.8217609111201121,0.8290174674610051,0.8284397998219349,0.3262448941209283,0.3263148630115552,0.8250383963086181,0.0,0.0,0
2024-12-30,93699.0,95000.0,91463.7,92739.3,32.40341710535043,41.6123580002795,47.10180096734995,-527.6890609100665,548.286685475177,99736.43135486027,91654.20864513972,106404.71455793393,90885.22544206608,105093.02158960766,91733.12507705898,3680.5845959530866,3951.585120710053,3940.3753741913506,3818.369244959839,94373.62360976284,95708.55965656354,96784.65071717287,93232.9552493717,95695.31999999999,98644.97,96389.92199999999,7.522157814352044,11.760743646229374,-110.19106120598846,-118.17183008430344,25.293439410219072,24.650784884736407,-92.47784218564796,-5.133120493303314,-3.949652418158769,46.8643938936785,95706.85,99475.8,97591.32500000001,92062.65,0.0,1.0,94477.4,95000.0,91463.7,93225.5,0,0.3240207075993926,0.3253460078758271,0.3217018210081699,0.3230317006358104,0.3247101240632417,0.32606048175280167,0.32713588444734687,0.32354165248219174,0.32604717828066987,0.3289681636452032,0.32674274999372155,0.3300277514731817,0.3219015631495438,0.3362682914432332,0.3210928525906041,0.3350711191254764,0.32198418774810356,0.32605876395514966,0.3297757497416925,0.3279345258335104,0.32232846076868127,0.324815755476392,0.3253460078758271,0.3217018210081699,0.323533970427596,0.3240341710535043,0.416123580002795,0.4710180096734995,0.07522157814352043,0.11760743646229374,0.468643938936785,0.07522157814352042,-0.33796444961016564,0.3500708146294483,-0.21688223983068813,-0.1672312609339489,-0.16945356123361038,-0.11237062209961413,0.8211098535209193,0.8282125104768255,0.8279285021121818,0.3269319455982448,0.3244574170943406,0.8247840568846497,0.0,1.0,0
2024-12-31,92739.3,96322.1,91981.4,93530.0,37.374184112497154,43.57888486014974,48.27282723879486,-692.683287726526,300.09269083483645,99408.2171540187,91238.48284598131,106242.24072040826,90287.86927959176,105185.17713491576,91391.94286508423,3774.886796531219,3979.3790406593357,3959.4384516108103,3835.7802701278442,94092.4157398419,95312.45790082471,96474.68398220403,93244.60406312183,95323.35,98265.05500000001,96485.214,13.769274852398292,10.12134607176879,-83.36954579765236,-89.34630499513383,24.961754745417288,23.97174060680454,-86.2307251476017,-3.8248961179314667,-7.513524898569443,39.76753631351324,95706.85,99942.65,97824.75,92464.9,0.0,0.0,93219.15,96322.1,91981.4,93643.20000000001,1,0.3225947865328807,0.3262374869298615,0.3218069129267507,0.32341019425960926,0.32398616419514803,0.3252243211086148,0.3263897144668654,0.32311664653919114,0.3252353061761611,0.3281588031647483,0.3264002113429617,0.3292722219431279,0.32102854288386073,0.33568165217111506,0.3200236464211792,0.33471672591267193,0.32118982344155766,0.3256213122942132,0.3297885273880373,0.3277266253726939,0.3223102508459067,0.3230904235273505,0.3262374869298615,0.3218069129267507,0.3235263893396539,0.37374184112497155,0.4357888486014974,0.48272827238794863,0.13769274852398292,0.10121346071768791,0.3976753631351324,0.13769274852398297,-0.43154105799436066,0.19743470608479338,-0.16521086188454398,-0.12694893623159448,-0.1268101654738871,-0.21143415533094762,0.8236390547083792,0.8289132330090357,0.8284110018223249,0.3256624483750937,0.32177448097838857,0.8252388822547205,0.0,0.0,1
2025-01-01,93530.0,95158.4,92840.0,94564.6,43.69473845835736,46.13528442924905,49.79962920779427,-731.5262484775885,93.76890297235144,99375.1080374421,91155.5719625579,106086.79279715479,89901.52720284522,105218.3986897198,91270.58797694686,3566.8172541696154,3860.73768061224,3881.293763438867,3785.200927790249,94249.81049322794,95176.48373703839,96292.77122199413,93296.36860966608,95265.34,97994.16,96617.14600000001,27.493416794488812,16.261616487079717,-68.7696280962691,-77.20511438126265,24.65376184238706,23.32664854276927,-72.50658320551119,-0.6097029051539301,-5.4188482984522235,40.77166726694564,95706.85,99942.65,97824.75,94344.70000000001,0.0,0.0,93134.65,95158.4,92840.0,94023.25,1,0.32468562336460427,0.3263451029440998,0.3239740615603212,0.3257431549951063,0.3254225703504895,0.32636337808721644,0.3274850632899172,0.3244452577430358,0.3264531263526682,0.3291708371422427,0.3278086611997345,0.3305185205256788,0.3222154283157609,0.3368217024004029,0.32088575663012675,0.33602819349358387,0.3223365000102715,0.3268978780038317,0.3310671680524409,0.32900425017891394,0.3255193149854366,0.3242785387089827,0.3263451029440998,0.3239740615603212,0.3251912012850342,0.4369473845835736,0.46135284429249046,0.49799629207794266,0.2749341679448881,0.16261616487079716,0.40771667266945644,0.27493416794488806,-0.45237645189669506,0.0624312996206257,-0.13667849001039825,-0.1098479643145012,-0.02032063249186568,-0.15359891070577622,0.8179709274386424,0.825887253748433,0.8264181434085579,0.3244690221385088,0.31915723973180976,0.823911840162101,0.0,0.0,1
2025-01-02,94564.6,97844.8,94339.9,96960.5,55.7583226658853,51.60391060853966,53.161293745100245,-562.4963601944764,-37.48414966101414,99695.01855485325,91260.36144514673,105718.99684897842,89823.79315102156,105216.74541486196,91341.63458513805,3557.971932145386,3835.320703425652,3863.370250894159,3775.857563530574,95153.37366215196,95500.85033030414,96356.36443894707,93440.06003673801,95477.68999999999,97771.39499999999,96748.13200000001,64.77263353876248,35.34510839521653,38.041473150849754,-30.213454155914793,23.383444838932906,22.27115385320862,-35.22736646123751,2.239104990668199,-4.39310245543594,48.88465626884959,95706.85,99942.65,97824.75,96785.8,0.0,0.0,94047.3,97844.8,94047.3,95927.45000000001,1,0.325980798879681,0.32926193109037066,0.3257520455181861,0.32838792568103325,0.32657772323640655,0.3269283454485095,0.3277864006600582,0.3248306933329451,0.3269050136592506,0.32918967065992355,0.3281768875089837,0.3310662656898085,0.32256305456159506,0.33672500304366715,0.3210399125745292,0.33626524912936634,0.3226485360854061,0.3271356309680229,0.33130530454272566,0.3292421989033355,0.3282143521425652,0.32545338078656705,0.32926193109037066,0.32545338078656705,0.3273571325529141,0.5575832266588531,0.5160391060853966,0.5316129374510025,0.6477263353876248,0.3534510839521653,0.4888465626884959,0.6477263353876249,-0.35835528342787526,-0.024984232674531776,0.07593648047180825,-0.043135294178499116,0.07449854908549175,-0.12486218397872798,0.8177226999034977,0.8252269036112926,0.8259554011366689,0.31939044118128407,0.31472145615257346,0.8236647610465901,0.0,0.0,1
2025-01-03,96960.5,98950.0,96062.1,98140.0,60.605998039501735,54.075802016100724,54.72837699621821,-329.5641530189023,-95.90015033259178,99508.19121106644,91349.52878893359,105380.53668296045,89834.26331703954,105197.63295553616,91325.29371113051,3462.24737041033,3767.647796038105,3816.9192865658656,3746.2589780795547,96148.91577476799,95980.69572479429,96526.2344923807,93624.37140784632,95428.86000000002,97607.4,96963.58600000001,78.67150583882257,56.97918539069129,89.22801485064966,1.4535150160036312,21.83617668938326,21.21728879524136,-21.32849416117742,-0.4950911655174052,-3.233980707928123,52.74192837191054,95706.85,99942.65,97824.75,97267.6,1.0,0.0,95762.55,98950.0,95762.55,97528.15,1,0.3291455181216318,0.3311017953375732,0.3282494200908395,0.3303099346833687,0.3283363647518728,0.3281678262333711,0.32871336785918626,0.3257766892901592,0.32761294298808513,0.32978582384477867,0.32914858241716616,0.3316438595820883,0.3234126939702698,0.3371752732911406,0.32180645304941696,0.33700752605988143,0.32338720581034053,0.32789285303346377,0.33206374203589467,0.3300000413524931,0.32944999888355697,0.3279488436491829,0.3311017953375732,0.3279488436491829,0.3297076017062169,0.6060599803950173,0.5407580201610073,0.5472837699621821,0.7867150583882256,0.5697918539069129,0.5274192837191054,0.7867150583882259,-0.21624110111408837,-0.06384646678174288,0.17658545145422727,0.002076447038562567,-0.016501540811297087,-0.09213738542258153,0.8149961974253885,0.8234471541311915,0.8247460863822808,0.3128345975389616,0.3100870760351095,0.8228779912519384,1.0,0.0,1
2025-01-04,98140.0,98759.6,97442.8,98177.2,60.76418707746166,54.15533323087676,54.77848033007153,-140.3441712942149,-104.7889545249164,98949.88504431548,91662.23495568451,104399.64237726959,90181.3176227304,105221.3628239637,91381.5171760363,3155.7548889231402,3592.5872391782405,3697.865987205586,3665.2770121435697,96825.010516512,96380.06013846805,96683.46930263015,93802.91370557784,95306.06,97290.48,97104.62599999999,79.10985942047769,74.18466626602091,103.66471658233125,18.954120996386436,20.399427693372875,20.21611699017246,-20.890140579522317,-1.2353478490058871,-6.064549215619495,52.386655095145834,95206.85,99942.65,97574.75,97541.3,0.0,0.0,97550.25,98759.6,97442.8,98129.90000000001,1,0.3324158024222637,0.3330225707067335,0.3317286098547486,0.33245233609344704,0.33111571657183775,0.3306719539147651,0.3309747666433239,0.32806221601192437,0.3295926367479488,0.3315778455880135,0.33139358142195363,0.33320817845418416,0.32584145414080273,0.3383828236385482,0.3242757561578973,0.33914034239439805,0.32554654251247084,0.32949234532937194,0.33417099268547,0.3318590286885096,0.3318259829375417,0.3318348258453347,0.3330225707067335,0.3317286098547486,0.33240588102984175,0.6076418707746166,0.5415533323087676,0.5477848033007153,0.7910985942047769,0.7418466626602092,0.5238665509514583,0.7910985942047768,-0.09329071747334938,-0.06974587912663728,0.20440891943687275,0.027070700124580713,-0.04115500277971877,-0.1715593257693976,0.8057299845037995,0.8186906213552245,0.8215781561710237,0.30633641783698645,0.3054761128230917,0.8206931988050015,0.0,0.0,1
2025-01-05,98177.2,98828.5,97216.0,98340.5,61.55482592414329,54.527614938699045,55.00799394933763,22.531246539016138,-79.3249143121299,99641.85625995955,91489.72374004047,102789.93371943625,91015.65628056375,105151.01017142154,91355.24316191181,2935.289904791263,3451.152436379795,3598.562844957701,3596.851111738784,97330.17367767467,96736.50374965568,96841.28174999871,93980.85826614342,95565.79000000001,96902.795,97258.92799999999,81.03413737435632,79.6051675445522,86.83924504049797,34.25245785059822,19.144865569491238,19.22690541971944,-18.965862625643677,2.712777513181096,-7.308316571499665,55.1510827166881,95206.85,99942.65,97574.75,97752.65,0.0,0.0,98158.6,98828.5,97216.0,98140.55,1,0.334269639944034,0.334907547990288,0.3333207067186,0.3344299648283523,0.33343389573426124,0.3328439419133294,0.33294831730153174,0.33005903083001037,0.3316702570149575,0.33300954347038575,0.3333632795278671,0.33569850826440994,0.32747290193222495,0.33870225949663857,0.32697309092548493,0.34089732319008215,0.3273313722096739,0.3313076293184477,0.3359894421635018,0.3336759324533457,0.33385161789432416,0.33425136249545917,0.334907547990288,0.3333207067186,0.3342336223145633,0.6155482592414329,0.5452761493869904,0.5500799394933763,0.8103413737435632,0.796051675445522,0.551510827166881,0.8103413737435632,0.015019701434463609,-0.052834032782723514,0.17195301420593534,0.048893066520885056,0.09018025429280828,-0.20582627883690785,0.7984902126273712,0.8146753210086919,0.8188567685114551,0.3002949445475909,0.30070136696179406,0.8188092032814576,0.0,0.0,1
2025-01-06,98340.5,102471.7,97861.0,102185.9,75.25416740079143,62.292731381204575,60.02450522554903,456.6389813480928,27.86786481991463,101921.17572918984,90797.38427081016,101527.35528079295,91888.36471920705,105346.91726761211,91310.86273238789,3174.634204106796,3533.9772623526665,3646.7598523406673,3630.6460746808243,98948.74911844978,97727.3030679001,97350.2930119036,94302.6246086476,96359.28,96707.86,97504.646,97.40370639534882,85.84923439672762,158.7026265660331,143.77414527221302,18.778930530951264,18.849419781021986,-2.5962936046511893,8.418902717212545,-3.675085733461795,63.27193984418058,96967.7,99942.65,98455.17499999999,98578.65,0.0,0.0,98258.85,102471.7,97861.0,100214.775,1,0.3335279277199364,0.3374993542849601,0.33305658759661,0.33722962828708175,0.3341226471545059,0.33292476879626565,0.3325521162670454,0.3294875720904936,0.3315658827214782,0.33191389158678486,0.3327048531523678,0.33697914198027884,0.325842734625637,0.33660533794868586,0.32699146791347034,0.34017314056990255,0.32638503907681743,0.3321725202475378,0.335086892225711,0.33364032281594713,0.3337612018822291,0.33344782397503975,0.3374993542849601,0.33305658759661,0.3353492843182576,0.7525416740079143,0.6229273138120458,0.6002450522554903,0.9740370639534882,0.8584923439672763,0.6327193984418058,0.9740370639534881,0.29535775526267166,0.01857643929281455,0.3071588564698216,0.20255135590087808,0.2734881434282291,-0.10461824186673048,0.8063262640704527,0.8170462146160812,0.820186851907686,0.2984617256530162,0.2988174776530775,0.8197441288574524,0.0,0.0,1
2025-01-07,102185.9,102702.1,96113.4,96908.1,47.914909245219604,49.73852575739087,51.714859796908684,370.5269333341421,96.39967852276013,102043.4677280117,91005.55227198829,101102.45734786749,91989.2126521325,105139.78906102928,91232.74427230404,3662.357889234398,3752.171743613191,3786.852240324446,3729.247872191464,98268.53274563319,97578.35705555463,97308.1793917223,94404.80011419083,96524.51,96545.83499999999,97632.108,48.4446184510251,75.62748740691008,70.72501611863252,78.51760134373187,17.803295334254372,18.189553228905762,-51.5553815489749,1.734592539246957,-3.235691762041606,54.19584212689735,97082.9,99942.65,98512.775,98578.65,1.0,0.0,100263.2,102702.1,96113.4,99477.375,0,0.3346431711296705,0.33512935858947335,0.32873888549462404,0.3295316869504624,0.33087444839198094,0.3301954911282062,0.329928444468876,0.32701278101510617,0.32914979800145633,0.32917106676259933,0.3302485342241923,0.3345086029110247,0.3234874839972905,0.3336149686380542,0.32452046093178355,0.3373939093349657,0.32372701583776264,0.32970522925020795,0.33250245135486384,0.3311136205480662,0.33117803025503423,0.33281117094121543,0.33512935858947335,0.32873888549462404,0.33205264556275005,0.47914909245219606,0.49738525757390867,0.5171485979690869,0.484446184510251,0.7562748740691008,0.5419584212689734,0.484446184510251,0.24211345585582805,0.06417812100301296,0.14051413902868998,0.11169993747760061,0.05775540449542428,-0.09218585744608178,0.8206135461864799,0.8230356559775487,0.8239554446239051,0.2934032138212439,0.2954366028295009,0.8224229964100548,1.0,0.0,0
2025-01-08,96908.1,97224.3,92378.5,95022.2,41.61267770416811,46.15874620978244,49.161376791233884,148.3955346527364,106.79884974875539,101957.60650013467,91356.0534998653,101012.26392257462,91841.68607742539,105149.59195549527,91069.15471117137,3831.421047915199,3830.2880476408204,3837.2783241185202,3766.466276451749,97186.42183042213,97113.60122727197,97090.46706870112,94429.01187441865,96656.82999999999,96426.975,97685.724,31.66375996583141,59.17069493740178,-46.51022954466879,-57.33483453373926,17.309583809749313,17.569229233158303,-68.3362400341686,1.4121815601020258,-2.4406721191300944,52.330483528572984,97341.75,99942.65,98642.2,98922.8,0.0,0.0,99547.0,99547.0,92378.5,95383.27500000001,0,0.32857559638798534,0.3288891854963542,0.32397198831523666,0.3266845649679644,0.32885167189372305,0.32877951261122174,0.32875657764284716,0.3260822932263779,0.32832569802748207,0.32809654954926176,0.3293450421059487,0.3334695378483718,0.32290285078382563,0.332571356047945,0.3234120857396812,0.3364440242886936,0.32260078528067077,0.32900541568389774,0.33154527867698097,0.3302834105937378,0.33055703614576604,0.33116304937926644,0.33116304937926644,0.32397198831523666,0.3270494010853935,0.41612677704168105,0.4615874620978244,0.49161376791233885,0.3166375996583141,0.5917069493740178,0.5233048352857298,0.316637599658314,0.09860886407902271,0.0710791658024791,-0.09275308846406798,-0.08172423258301571,0.04703798090821003,-0.06962067615019006,0.825125200985933,0.8250956330503941,0.8252779191947337,0.29074246282123173,0.29215058684805073,0.8234157979286534,0.0,0.0,0
2025-01-09,95022.2,95356.6,91151.0,92507.7,34.54483903830662,41.835355361342,45.982782176075034,-227.9170487546653,39.855670048071254,102004.273443225,91263.06655677503,101008.81970896467,91320.17029103535,105278.83204815071,90670.24128518262,3884.875183927314,3857.096044237905,3854.817451541448,3781.1040672366903,95626.84788694809,96276.16464049523,96654.01306215816,94353.66631071595,96633.67000000001,96164.49500000001,97649.57199999999,11.745201755676918,30.61786005751114,-95.44861596260975,-114.23155763452421,17.176718035131223,17.149948242543545,-88.25479824432308,-0.24973231413220268,-5.370033746840395,49.34088885041371,96926.55,99786.3,98356.425,99428.75,0.0,1.0,95965.15,95965.15,91151.0,93509.375,0,0.32631149979071206,0.3266493785570002,0.32231458937923135,0.3237336002797594,0.3269216061738207,0.32757266608791363,0.3279495870043108,0.32563256936128526,0.32792933002323255,0.3274609980370085,0.32893595224598304,0.33313962528230673,0.32243256892163064,0.3321941571827244,0.32249263213900864,0.33618815554592146,0.32180687896525445,0.3282205757184479,0.3310206599498934,0.3296304181036446,0.3306748285373077,0.3272613453590562,0.3272613453590562,0.32231458937923135,0.32476850848275096,0.3454483903830662,0.41835355361342,0.4598278217607503,0.11745201755676918,0.3061786005751114,0.4934088885041371,0.11745201755676916,-0.15078607230971447,0.0265641956528186,-0.18861166556977302,-0.16175462393833587,-0.008324218194148417,-0.15223682299098734,0.8265103509999856,0.8257929087981596,0.8257338313204571,0.29001415463321367,0.28986677090563007,0.8238035765295859,0.0,1.0,0
2025-01-10,92507.7,95873.6,92161.2,94684.2,44.12800415937858,46.50590561900208,48.980844798399005,-346.52756796269387,-37.42097755408177,101892.74245361504,91605.43754638496,100894.65438387157,91177.78561612843,105059.42611871152,90460.04054795516,3860.2358719376994,3846.760612506627,3848.035668134713,3778.813931662134,95312.63192463206,95986.71652404155,96466.4118181431,94366.62841617808,96749.09,96036.22,97575.59800000001,30.58756308922956,24.665508270245965,-51.8828206603993,-63.54770057262009,16.866350680989832,16.665651399417637,-69.41243691077045,1.2340425531914863,-2.6380544104506236,50.49686995234831,96926.55,99786.3,98356.425,99475.8,0.0,0.0,93764.95,95873.6,92161.2,93806.675,1,0.32379180810493896,0.32722780847650196,0.3234312955584785,0.3260270798881931,0.32666329336071687,0.3273412551741107,0.3278209255907947,0.32570402983631197,0.3281025154321162,0.3273908626868719,0.3289213217888663,0.333092557337669,0.3228503300279401,0.33214354933337936,0.32240097546474955,0.33604525580202294,0.32164223787759305,0.328278887905601,0.3310790349303644,0.3296887621269992,0.3307787732130812,0.32508909524321106,0.32722780847650196,0.3234312955584785,0.32513186176849995,0.44128004159378575,0.4650590561900208,0.48980844798399004,0.3058756308922956,0.24665508270245964,0.5049686995234831,0.30587563089229547,-0.22699448044165038,-0.0249421441808359,-0.1033948128178812,-0.09053385586443133,0.04111156653562819,-0.07523057328282763,0.8258742585291218,0.8255246598963369,0.8255577920098359,0.2882919093486757,0.28716221552751736,0.8237430062974065,0.0,0.0,1
2025-01-11,94684.2,94991.9,93800.0,94569.4,43.7339878828799,46.29474711008101,48.83074698291658,-444.6648400719714,-118.86975005765972,101892.40777854019,91606.73222145982,100893.3966248954,91121.51337510458,104917.79945774302,90240.7938755903,3479.045033089456,3657.1277116132956,3721.5530172711547,3692.5834672733963,95064.88794975472,95729.02261057944,96285.744025939,94374.58024299463,96749.57,96007.45499999999,97488.046,29.593718347170334,23.97549439735894,-43.06784727060269,-52.403919353821685,16.578152423572824,16.205569398448027,-70.40628165282966,0.005075895208131117,-0.6046579578263456,50.64448772422759,96926.55,99786.3,98356.425,99475.8,0.0,0.0,93595.95,94991.9,93595.95,94511.375,0,0.3282478496136184,0.32856013853254723,0.3273449968397759,0.3281310872733817,0.3286340721127959,0.3293043115300048,0.32986270977214666,0.32793262482014807,0.3303255634684325,0.32958397230874653,0.3310580990395805,0.3353189893106454,0.3250696290322988,0.3343683169401377,0.32455917593645867,0.33814406702636457,0.32362594396046596,0.33050160933823325,0.33330412277083343,0.3319126833351907,0.33300361046474103,0.3271354795335243,0.32856013853254723,0.3271354795335243,0.3280720185094873,0.437339878828799,0.46294747110081014,0.4883074698291658,0.29593718347170334,0.2397549439735894,0.5064448772422758,0.2959371834717034,-0.2880543154643952,-0.07908102615164542,-0.08592330100057326,-0.07472320041047198,0.00016919650532314862,-0.01727422314208994,0.8154800513227739,0.8204706741302903,0.8222165006839859,0.2866656791374219,0.28452331336421277,0.8214352395135922,0.0,0.0,0
2025-01-12,94569.4,95439.9,93660.0,94510.0,43.49952412060324,46.17791451148509,48.74958495705753,-521.2240721795679,-199.34061448204136,101814.60995539436,91194.43004460561,100894.76053295555,91087.44946704444,104624.76439553028,90073.44227113639,3236.31002836239,3523.040017926631,3629.0933497820515,3628.8273516976165,94879.92529983648,95507.38213592864,96116.62554727815,94379.89082170073,96504.51999999999,95991.105,97423.442,29.079481607812227,29.753587681404042,-42.410238369365366,-49.33013591575821,16.130970187843722,15.688448276090213,-70.92051839218777,-2.5273178252999933,-0.3448021341881333,49.94374255187004,96926.55,98810.65,97868.6,99475.8,0.0,0.0,94626.79999999999,95439.9,93660.0,94544.825,0,0.3298078611311656,0.3306904272474606,0.32887746033145887,0.329747352938352,0.3301235851159257,0.33075852054484484,0.33137119172808116,0.3296146883189365,0.331759321874138,0.33124527161039813,0.33267283488310095,0.33692651173953414,0.32631051578793746,0.33605032148404074,0.3261976310651121,0.339556699396765,0.32512128587023137,0.3321799041691614,0.3340362606846487,0.33311238993944653,0.33468347197079945,0.3298662972475962,0.3306904272474606,0.32887746033145887,0.3297828320891608,0.4349952412060324,0.4617791451148509,0.4874958495705753,0.29079481607812224,0.2975358768140404,0.4994374255187004,0.29079481607812224,-0.3341411989663103,-0.13211689615073074,-0.08461764640966436,-0.07035519412707271,-0.08404519749343523,-0.009851170858854251,0.808249802578804,0.8167363342816403,0.8197013643121643,0.28408879475006876,0.2814716760079455,0.8196940364612004,0.0,0.0,0
2025-01-13,94510.0,95954.8,89100.0,94508.2,43.49128099915207,46.174111727876195,48.747006957577334,-575.4100908145338,-274.5545097485399,101451.10986032165,90831.57013967834,100573.09825605499,90997.10174394502,104301.2967949648,89936.12987170187,3753.2371671677633,3761.0228737890147,3782.6984283638585,3736.359773307696,94756.01686655765,95325.71265666888,95963.44216182308,94384.92255418305,96141.34,95785.1,97353.052,39.76003705310206,32.811079002694875,-86.13001496005897,-87.62627745399514,16.973147421735753,15.845031321909962,-60.23996294689795,-3.700631750560427,-4.177401415212476,51.475783261531454,95901.05,95921.2,95911.125,98760.8,0.0,1.0,94539.7,95954.8,89100.0,93518.25,0,0.32693663846142534,0.3283965189969423,0.32127265561621365,0.3269348063156914,0.32718673358684314,0.3277634833102643,0.32840518755619336,0.32680924734810957,0.3285834620448206,0.3282261482228075,0.32978935755121186,0.33376323684675996,0.32312065965242087,0.33292502241102734,0.32329554653012044,0.336436802348537,0.32216927309665505,0.32834258794087234,0.3283628092240432,0.3283526990935831,0.3311723273870474,0.3269668640207225,0.3283965189969423,0.32127265561621365,0.3259220567847728,0.43491280999152065,0.46174111727876194,0.4874700695757733,0.3976003705310206,0.32811079002694876,0.5147578326153145,0.39760037053102054,-0.365835599887097,-0.18101931923328513,-0.1705761599438216,-0.12453060455873396,-0.12273251045068187,-0.11879078485792885,0.8230640392339929,0.8232712090062856,0.8238457230474653,0.2888878834136289,0.2824055736275604,0.8226134698147654,0.0,1.0,0
2025-01-14,94508.2,97395.5,94330.3,96523.3,54.70248919382025,51.03547041227072,51.746540710056166,-450.55742631695466,-309.75509306222284,101122.27952326028,90829.62047673971,100149.8670371315,91132.14296286849,103489.89973474012,90214.70693192654,3654.946143286654,3711.321239946942,3748.531836537008,3713.987780864106,95345.11124437177,95543.45581000182,96016.76195593517,94468.7804932347,95975.95,95641.00499999999,97423.436,54.57466126553987,41.138059975484715,2.0120175354182326,17.4268461639785,17.183122607661023,15.733739136641068,-45.42533873446012,-1.6846070167004092,-2.8991441091612855,59.44951169574125,95901.05,95901.05,95901.05,98760.8,0.0,0.0,94509.1,97395.5,94330.3,95689.325,1,0.32751259617493844,0.33040977942265964,0.32733131198138304,0.3295434080063142,0.32836104589711373,0.32856107422470276,0.3290367879146542,0.3274724551234228,0.3289958574003601,0.32865930492930934,0.33043740506100633,0.3340293601178866,0.32369550181971307,0.3330974780343593,0.3240149729220271,0.33626263392126055,0.3230429754622689,0.3289206962024874,0.3289206962024874,0.3289206962024874,0.3317510622547889,0.3275135124606546,0.33040977942265964,0.32733131198138304,0.3287079267977796,0.5470248919382025,0.5103547041227072,0.5174654071005617,0.5457466126553987,0.41138059975484714,0.5944951169574125,0.5457466126553988,-0.29165265657458256,-0.20361726249842754,0.004024013350767315,0.02489035250468168,-0.056094619996405866,-0.08264376194451904,0.8204110201417029,0.8219412631095622,0.8229386267580715,0.2900493834597586,0.28174269889292075,0.822013066801162,0.0,0.0,1
2025-01-15,96523.3,100700.0,96450.0,100465.0,68.81974695972507,58.86218245128441,56.924313533645204,-33.16622277822171,-254.43731900542264,101856.58814366463,90520.21185633536,100852.9345980865,90901.2554019135,102518.61134619625,90810.71532047044,3739.9538371028466,3749.7982942364465,3772.4112728923888,3731.854854835302,97051.74082958119,96438.28202636511,96440.40367441754,94703.92635624511,96188.4,95877.095,97592.22399999999,83.55327486196981,59.29599106020391,92.13292245135618,120.5443532445629,16.2309439749635,15.085023106294036,-16.446725138030192,2.1603510252642604,4.931734055264502,64.71500163362983,95901.05,95901.05,95901.05,98760.8,0.0,0.0,95515.75,100700.0,95515.75,98534.575,1,0.3290813094693428,0.3331629361868904,0.3290081692809376,0.33293765549592974,0.32960702109978063,0.3289964718942067,0.3289985899162541,0.32724989779850333,0.3287467026233249,0.32843466283641953,0.3301418691307453,0.3342643533811296,0.3229067363888041,0.333309273456714,0.32331020273655725,0.334889380539967,0.3232144820940842,0.3284587089889213,0.3284587089889213,0.3284587089889213,0.33128857458882943,0.3280712396661478,0.3331629361868904,0.3280712396661478,0.33106760750219805,0.6881974695972507,0.5886218245128441,0.569243135336452,0.8355327486196981,0.5929599106020391,0.6471500163362982,0.8355327486196981,-0.022107212651477144,-0.16801653768864208,0.18220827067185158,0.1705239141620165,0.07188748183302089,0.13998148139384226,0.8227095894550773,0.8229723974772105,0.823573471823592,0.2846706835746211,0.2777888597201866,0.8224928596517982,0.0,0.0,1
2025-01-16,100465.0,100866.1,97291.0,99945.8,65.67438985306757,57.557116094230615,56.091869832665544,252.80997626527096,-152.98785995128392,100779.66302606823,91149.11697393174,101378.79841956559,90944.8715804344,101328.84615660376,91591.22717672958,3716.403288945298,3737.319844648129,3763.0154979927515,3726.6296930074586,98016.42721972079,97076.01256702599,96774.25094352063,94909.49002854922,95964.38999999998,96161.83499999999,97672.96600000001,79.7362172017556,72.62138444308842,81.92831451929061,109.0812525377219,15.293384949253015,14.44288993080006,-20.263782798244403,-2.192181113049835,6.0421640088699355,69.1530249557491,94983.05,95901.05,95442.05,98760.8,0.0,0.0,98494.15,100866.1,97291.0,99641.97499999999,0,0.3330727539216761,0.33345697857780265,0.32997907953906813,0.3325731956225747,0.3306946327630361,0.3297660310556706,0.329466223237909,0.32759332626699533,0.32865713419869874,0.3288549952814871,0.3303564846266519,0.33337430293651255,0.3237063848057922,0.3339459666037555,0.32349087603447896,0.33389842944250353,0.32417129108116916,0.3276678755860848,0.32859357769112846,0.32813179779026613,0.3314235896282355,0.33116307232742875,0.33345697857780265,0.32997907953906813,0.3322797028673906,0.6567438985306757,0.5755711609423062,0.5609186983266554,0.7973621720175559,0.7262138444308842,0.691530249557491,0.7973621720175559,0.16696207684446374,-0.10163972018487592,0.16240574700710372,0.15458114515105065,-0.07294292080026692,0.17093850482382034,0.822078066291731,0.8226391550071431,0.8233241618123136,0.27907591941067234,0.27371486987661375,0.8223527839596981,0.0,0.0,0
2025-01-17,99945.8,105815.8,99906.1,104048.8,75.85044816457908,64.2943900420232,60.843250578799385,801.2892208006087,37.86755619909461,103529.30732347614,89827.61267652384,102824.04093217816,90378.92906782184,102021.63697711487,91158.44968955177,4029.7313905245405,3892.489855744691,3865.238569516906,3799.398703240543,100027.21814648053,98343.79210029398,97467.0651393758,95267.89434115514,96678.45999999999,96601.485,97839.886,89.4291628279831,84.23955163056951,157.5483807621665,188.66972560170038,15.361143398586304,14.305507680919243,-10.570837172016892,7.368527501829049,9.230933969375092,68.98328621513801,97457.9,97457.9,97457.9,98760.8,0.0,0.0,100205.4,105815.8,99906.1,102429.125,1,0.33070950622584666,0.3362133220976789,0.33067123207108995,0.3345881852602572,0.3307879544009413,0.3291532842019015,0.3282912480398376,0.3260956528723128,0.32750945735940906,0.3274328190821624,0.32865873026530795,0.3341053326172266,0.32044761067462146,0.3334460553347981,0.3210347270766069,0.33269065063948633,0.3218590273785192,0.3282821971124138,0.3282821971124138,0.3282821971124138,0.32956071123822017,0.3309594221231831,0.3362133220976789,0.33067123207108995,0.3330749839299306,0.7585044816457908,0.642943900420232,0.6084325057879938,0.8942916282798311,0.8423955163056951,0.6898328621513801,0.8942916282798311,0.48857957130391483,0.025239675845130982,0.30506668332289616,0.2631857509321865,0.24079472575344868,0.25779124694028616,0.8301703124956565,0.8267061169580152,0.8260037367516903,0.27949092186215546,0.2728212742766491,0.8242861262115966,0.0,0.0,1
2025-01-18,104048.8,104963.0,102244.0,104520.0,76.77302905013529,64.98187105294639,61.34761477990034,1259.4665295299928,282.18735086527425,105802.85936787151,89453.6206321285,104099.90189021686,90185.16810978315,102957.166947406,90697.62638592736,3842.4840490210345,3808.669151762927,3810.6557804922913,3763.385413132525,101524.8120976537,99466.73899114961,98138.77322134,95630.72201405102,97628.24,97142.535,97979.75200000001,92.24805274052093,87.13781092341988,141.5136884014166,171.4231653992325,15.4240619586815,14.174994543532463,-7.7519472594790715,9.99534845541358,11.548682483270898,70.28052041503796,97457.9,97457.9,97457.9,98760.8,0.0,0.0,101997.3,104963.0,101997.3,103943.95,1,0.33550717611745035,0.3363515572623159,0.3338189837254023,0.3359432801477162,0.3331382400300276,0.33116417854545566,0.32986941957161087,0.327377390234891,0.3293671569992554,0.32888696735453526,0.3297132448337229,0.33712104133620957,0.32096112452032816,0.33555456388067584,0.321742840135763,0.334489482980633,0.32228682476731485,0.3291990136766628,0.3291990136766628,0.3291990136766628,0.3304779797855733,0.33358599287778506,0.3363515572623159,0.33358599287778506,0.3354098763388781,0.7677302905013529,0.6498187105294639,0.6134761477990034,0.9224805274052094,0.8713781092341988,0.7028052041503795,0.9224805274052094,0.6856206421918013,0.18593656619584856,0.2757046653379087,0.2401094318541281,0.32137370685612626,0.31848695228493956,0.8254134538662463,0.8245297627542583,0.8245818961770428,0.2798747452157246,0.27196489773759724,0.8233339890025613,0.0,0.0,1
2025-01-19,104520.0,106476.5,99600.0,101310.7,58.89481089068146,56.940416567836245,56.17320129585171,1348.07192492162,495.36426567654337,106167.58185610574,90849.49814389425,104446.22603645352,90695.98396354647,103276.93094809866,90614.75571856799,4275.914899160887,4027.7999266370034,3956.648362373611,3867.155899361441,101453.4413984358,99802.0046291224,98440.8614859743,95853.46624879411,98508.54,97571.105,98076.28600000002,70.2713434811383,83.98285301654744,93.8272511027808,120.84615592665465,14.617792921904405,13.634043394676317,-29.728656518861698,9.515964616999451,9.242467864217213,63.555738642970205,97788.25,97788.25,97788.25,98760.8,0.0,0.0,104284.4,106476.5,99600.0,102976.8,0,0.3333190266834583,0.33510803131954986,0.32867349009011193,0.33031334557557235,0.33044896787411837,0.3288685352629198,0.32754687140624317,0.32498531704490796,0.32761300125644577,0.326693101927362,0.327189884117702,0.3348276786578335,0.31983705186620803,0.3332509382817094,0.3196748430949073,0.33216552075147077,0.3195889077590272,0.326906939302172,0.326906939302172,0.326906939302172,0.32785910431374055,0.3331014211652477,0.33510803131954986,0.32867349009011193,0.33188500868075,0.5889481089068146,0.5694041656783625,0.5617320129585172,0.702713434811383,0.8398285301654744,0.635557386429702,0.702713434811383,0.7156714182726834,0.31873896597174783,0.185482390937737,0.17094249299236525,0.3069718882549163,0.2580988606410275,0.8360987210708609,0.8301223825640388,0.828340527996558,0.27484108362144605,0.26833505537899766,0.8260533160663094,0.0,0.0,0
2025-01-20,101310.7,109951.7,99500.1,102258.7,61.94854770286266,58.57131259354813,57.29051494362587,1477.7533951011283,691.8420915614604,106758.73646438672,91773.24353561329,104909.27823624061,91105.80176375937,103725.09965837702,90500.520341623,5158.1556278521875,4486.642789020074,4265.931773689153,4086.637369382726,101721.86093229052,100248.6765147365,98804.46515397675,96104.6518860963,99265.99,98007.54,98176.15199999999,63.1061256396361,75.20850728709844,110.79168221286908,137.18804492739554,14.748819952990981,13.572558778636813,-36.89387436036391,7.999750750389188,9.332513631989734,53.09347512485057,99525.85,99525.85,99525.85,99525.85,1.0,1.0,102915.35,109951.7,99500.1,103255.3,1,0.3250014900816649,0.3328812211753208,0.323268683113892,0.32589692255447716,0.32539083675893443,0.32398874117853005,0.3225948699062939,0.31993587784723176,0.32304242350381773,0.32181732220195697,0.321982339368685,0.33004137288000357,0.31551650785244933,0.32835879371975757,0.31481780449515084,0.327266405753522,0.31417992404375816,0.32329353841937397,0.32329353841937397,0.32329353841937397,0.32329353841937397,0.32651249350136025,0.3328812211753208,0.323268683113892,0.32682969426686076,0.6194854770286267,0.5857131259354813,0.5729051494362587,0.631061256396361,0.7520850728709845,0.5309347512485058,0.6310612563963609,0.755294796105701,0.4310845861388814,0.21802667922653562,0.19351169237138213,0.2605127013915824,0.26049861520306733,0.8548528207072306,0.8409082851570551,0.8358650293767729,0.2756765438845107,0.26791402244608664,0.8315722421829234,1.0,1.0,1
2025-01-21,102258.7,107265.6,100000.0,106133.3,71.90203298543781,64.49099227020787,61.502402932921676,1871.600092306151,927.7936917103985,108221.93728579379,92622.8227142062,106144.44511183388,91027.50488816614,104794.72937249842,90163.46396083491,5459.21910958759,4685.139732661497,4408.773117799194,4192.602790403302,103192.34062152702,101318.60805751166,99502.44942502659,96497.93220428859,100422.37999999999,98585.975,98381.08600000001,81.68782401434898,71.68843104504113,101.5326606932687,132.0010176972486,14.870487910428517,13.514148393399285,-18.312175985651024,12.227951113150775,12.233647686343511,57.61849980667923,99525.85,99525.85,99525.85,99525.85,0.0,0.0,101784.7,107265.6,100000.0,103914.4,1,0.3234365897682317,0.3280327925653382,0.3212919404202347,0.32701170060287393,0.3243098248449936,0.322549547912998,0.3208132669511599,0.3178730071096853,0.3216965048185293,0.3199255211950732,0.31972597232093614,0.32888715571000027,0.3139484603871626,0.32702180208280823,0.3122869402503766,0.3257909924684448,0.31137538381356367,0.32083583112804126,0.32083583112804126,0.32083583112804126,0.32083583112804126,0.32299032144634754,0.3280327925653382,0.3212919404202347,0.3249799771114961,0.7190203298543781,0.6449099227020787,0.6150240293292167,0.8168782401434898,0.7168843104504112,0.5761849980667924,0.8168782401434898,0.847646826858196,0.5501030920452369,0.2003194353678351,0.18636902418198747,0.38643158267570865,0.33596113427353497,0.8605244197894862,0.8452364437799748,0.8391578519906371,0.27644612782641187,0.2675123924959617,0.8341315497964595,0.0,0.0,1
2025-01-22,106133.3,106387.4,103310.0,103670.4,60.22015862580124,58.74490970703493,57.704274332365806,1962.3700107168406,1134.708955511687,108245.94744405542,94430.89255594458,106752.31188145732,91090.62811854268,105346.64671423573,90200.43995243091,5118.959236789362,4570.301180328533,4345.374397903994,4155.429364056525,103351.69374768468,101746.20659250954,99899.39709883358,96779.20545117924,101338.42,98921.47,98536.102,69.87631703889849,71.55675556429452,88.02727016304071,114.75294789368762,14.983465299477658,13.458658527423632,-30.12368296110151,9.692519310125906,6.920240716580457,52.54811324642042,102141.0,99525.85,100833.425,99525.85,0.0,0.0,104196.0,106387.4,103310.0,104875.275,0,0.3278685979704111,0.3280987282231758,0.3252753448851415,0.3256101474579733,0.3253141347192178,0.3238094940929341,0.32205021780749943,0.31900573675977706,0.3234236891664942,0.3211059545748284,0.3207313893908565,0.3297660426882148,0.3166516769379881,0.3284282936072149,0.31320478622064546,0.3271527749011019,0.3122657718106711,0.32418159349206194,0.3216905812388219,0.32294384359246686,0.3216905812388219,0.3260964160310639,0.3280987282231758,0.3252753448851415,0.32672137742900165,0.6022015862580123,0.5874490970703493,0.577042743323658,0.6987631703889849,0.7155675556429452,0.5254811324642042,0.6987631703889849,0.8638310993701563,0.6389945723797533,0.17425786375218658,0.1624798911559663,0.31229280208654797,0.1951842785273353,0.8540901756437282,0.842755316553513,0.8377097304805827,0.2771554769111778,0.26712934411562567,0.8332411658734722,0.0,0.0,0
2025-01-23,103670.4,106875.0,101205.1,103862.4,60.79940754404728,59.05121391832286,57.91700396074786,2026.4390919706348,1313.0549828034766,107574.90791142864,96972.77208857135,107316.53843586922,91098.64156413077,105826.84221631475,90069.18445035192,5197.665060105166,4648.843953162208,4408.447045622851,4205.911718587974,103521.92916512312,102130.96903023506,100276.82594656372,97056.97778642712,102273.84,99207.59,98639.914,70.7971052719922,74.12041544174656,70.11302687067533,93.01989253629175,14.351563830393712,13.057273020295792,-29.202894728007802,9.89776548489972,5.830853882209083,51.517784328483046,103200.85,99525.85,101363.35,99525.85,0.0,0.0,104901.85,106875.0,101205.1,103903.225,1,0.3244494221284508,0.3273767782509114,0.32213760184972334,0.3246272455421925,0.32431169671216964,0.32301210871731906,0.32125307802910985,0.3181228913976181,0.3231463754704125,0.32022444434377617,0.3196739941504075,0.32800488986817306,0.3180397012688967,0.327773482964813,0.31205865002701155,0.3264286996853102,0.31097259755721574,0.3240132050705339,0.3205317265332338,0.3222876159027903,0.3205317265332338,0.3255844945805663,0.3273767782509114,0.32213760184972334,0.32466501543982107,0.6079940754404728,0.5905121391832285,0.5791700396074786,0.7079710527199219,0.7412041544174656,0.5151778432848304,0.7079710527199219,0.8742795448200874,0.7040922207954885,0.13931412125013196,0.13210885673979803,0.31845384827215867,0.16507150260057724,0.8556157152400956,0.8444588939558564,0.8391504574099271,0.2731217347045519,0.26431399145339124,0.8344484098960546,0.0,0.0,1
2025-01-24,103862.4,107118.6,102691.8,104800.1,63.80263750773057,60.59017385987037,58.9751140836185,2128.3446218193567,1476.1129106066528,106933.80600059783,99269.23399940215,107986.17896850825,91091.29103149178,106369.42180749927,89886.26485916738,5087.541480090143,4632.983670793479,4409.320995831287,4213.274661301709,103947.98611008209,102616.2655701923,100707.6139516529,97360.62963793978,103101.51999999999,99538.73500000002,98796.358,75.29410072080456,71.98917434389841,75.08925415735828,97.07708708509769,13.838007218979046,12.711424485396396,-24.705899279195425,8.574924396492872,6.7458636017323865,49.426746279655184,103621.35,99525.85,101573.6,99525.85,1.0,0.0,103766.4,107118.6,102691.8,104618.225,1,0.3244591498433344,0.32742754277484837,0.3233701113381258,0.32532304033867204,0.32453830941371964,0.32329943075792106,0.3214966449766547,0.3182546480075334,0.32375263467818266,0.32037633545229394,0.3196582330210651,0.327261420058539,0.320116242534659,0.32820379488375206,0.3118837543516612,0.32675234507612505,0.3106112978437129,0.3242358625792188,0.32036391564451894,0.3223186279076961,0.32036391564451894,0.3243702837202611,0.32742754277484837,0.3233701113381258,0.32515606368354255,0.6380263750773058,0.6059017385987037,0.589751140836185,0.7529410072080457,0.7198917434389841,0.4942674627965518,0.7529410072080458,0.8893684751805145,0.7548246499841647,0.1490595803474514,0.13779927206703704,0.2782929966091358,0.19038725659688274,0.8534746522331126,0.8441172181203955,0.839170275396232,0.2697191944286898,0.26182293893728115,0.8346232770527191,1.0,0.0,1
2025-01-25,104800.1,105276.1,104036.9,104709.4,63.255764825908024,60.353897831787734,58.82489743558836,2176.6951694578893,1616.2293623769,107021.59082855984,100030.32917144014,108575.76260351912,91138.5973964809,106946.32326432726,89907.11006900603,4537.778411505838,4390.570551451089,4258.362853172655,4114.138839258319,104201.79074005473,102996.83546652096,101088.73643244785,97648.81671096175,103525.95999999999,99857.18000000001,98894.748,74.8591241961087,73.6501100629685,64.90878792307451,83.35233514943626,13.361133222665428,12.382868377241971,-25.14087580389131,4.224754889762599,6.476375450602746,47.95168646372127,104725.9,99525.85,102125.875,99525.85,0.0,0.0,104331.25,105276.1,104036.9,104705.625,0,0.32761312342420335,0.32804921228451117,0.3269099219235938,0.3275298121989184,0.3270622692060929,0.325943590138732,0.3241461092752219,0.3208216604834176,0.3264363705439409,0.3229685542057231,0.32203857258425417,0.3296322705455947,0.32313495120425184,0.33102102727187666,0.31421042018206136,0.3295645217993075,0.31290912702816404,0.3275449732104276,0.3226493709348326,0.32512712773342295,0.3226493709348326,0.3271817178939699,0.32804921228451117,0.3269099219235938,0.3275263432201316,0.6325576482590802,0.6035389783178773,0.5882489743558836,0.748591241961087,0.736501100629685,0.4795168646372127,0.748591241961087,0.895916109851037,0.7922650465517881,0.12909320378714687,0.11851515902651039,0.13990155363431803,0.1829559402904996,0.8420413182473391,0.8387442198684367,0.8356874863094514,0.2664525475733833,0.2593975409694661,0.8322427852337457,0.0,0.0,0
2025-01-26,104709.4,105591.5,102457.1,102553.7,51.10872470743122,54.876553899457996,55.30915817154624,2017.806337329006,1696.5447573673214,106469.74957994367,101103.75042005633,108615.24885567804,91135.89114432194,107201.90674597882,90205.03992068786,4337.295781290718,4300.844083490297,4204.840812545386,4081.480877949709,103652.42716003649,102916.26538169896,101228.25677221472,97841.16507523776,103786.75,99875.56999999999,98947.562,64.52087839360819,71.55803443684049,36.918138347889354,59.88127130210828,12.476143010799905,11.799319764680423,-35.47912160639181,2.6093142483225846,0.3599322411409039,47.11701513061091,104725.9,99525.85,102125.875,99525.85,0.0,0.0,104754.75,105591.5,102457.1,103827.925,0,0.32829676326053964,0.32910431539907703,0.32620472984696025,0.3262953601438753,0.32732044896318996,0.3266347888402427,0.3250446007330842,0.32177542697223116,0.3274450514908066,0.3237517958673697,0.32285510353287733,0.32990191547270037,0.32492630207036494,0.3318240520333157,0.314970252153184,0.3305620106651111,0.31398783570098043,0.3283119288228915,0.3234148205848373,0.3258933487952932,0.3234148205848373,0.32833844005373924,0.32910431539907703,0.32620472984696025,0.3274832157798579,0.5110872470743122,0.5487655389945799,0.5530915817154624,0.6452087839360818,0.7155803443684049,0.47117015130610906,0.645208783936082,0.872916580918068,0.8113714276688023,0.07370238856052413,0.08533661342271812,0.08675847524307304,0.010283415809562463,0.8375236872854647,0.8366799066374584,0.8344229507839647,0.260092093774682,0.254939202612907,0.8314460140926659,0.0,0.0,0
2025-01-27,102553.7,103217.8,97694.2,102024.2,48.44293879349691,53.590049797532835,54.469550850998466,1828.086524836821,1722.8531108612212,106456.51761277342,100712.0623872266,108807.91741293651,91454.83258706349,107408.78014709208,90449.39318624126,4506.767812534902,4388.183791812419,4267.638869090844,4129.551515351385,103109.68477335767,102754.0716759355,101304.06088914664,98005.20566052255,103584.29000000001,100131.375,98964.31,49.252307731701364,62.877436773806075,-49.45003651490047,16.446616991142818,13.052786457315335,11.876940763324331,-50.747692268298636,-1.9458177316797558,5.279331655455004,54.06100943581453,103822.95,99525.85,101674.4,99525.85,0.0,1.0,103631.54999999999,103631.54999999999,97694.2,101372.475,0,0.32516953688440525,0.32579010433768,0.32050745832257566,0.3246719720015457,0.32568933826753843,0.32535717996810254,0.32399126793850974,0.3208124280966386,0.32613092859295467,0.322872785673366,0.321747104096523,0.3287625314752919,0.3234281963143115,0.33086654840775287,0.3141840651354054,0.3296199504394919,0.313126607026846,0.32635225204478985,0.32229031414001363,0.32434190584913025,0.32229031414001363,0.3261747944829677,0.3261747944829677,0.32050745832257566,0.3240561352256146,0.4844293879349691,0.5359004979753283,0.5446955085099847,0.49252307731701367,0.6287743677380607,0.5406100943581453,0.49252307731701367,0.839277480005217,0.817279377552804,-0.09857887505111483,0.023490844794682924,-0.06476978992306993,0.14970440170777202,0.8413557368184337,0.8386898564366824,0.8359050289385103,0.26428207004801585,0.25554381740888105,0.8326166215865565,0.0,1.0,0
2025-01-28,102024.2,103800.0,100205.7,101278.0,44.61676760019265,51.74885780926659,53.272909074935924,1599.0868253077642,1698.09985375053,106359.5475402122,100160.6324597878,108806.77546857296,92081.55453142703,107472.58156108522,90890.85843891479,4376.41526788706,4331.477806682961,4235.575113419852,4111.709798173006,102499.12318223846,102485.69500758359,101301.5788997041,98133.5505365805,103260.09,100444.165,99043.29,35.75846004577202,49.843882057027194,-49.876916432735804,25.045325211462558,13.369833309913384,11.85064429160725,-64.24153995422799,-3.101798698813624,6.583514168268049,46.85713172791999,103822.95,99525.85,101674.4,99525.85,0.0,0.0,102288.95,103800.0,100205.7,101826.975,0,0.32508814894559157,0.32674744396304656,0.32335993171933025,0.3243826050054678,0.3255346177985948,0.32552202149855314,0.32440497555993875,0.3213535488866096,0.32624586245970594,0.3235882664286421,0.32223937581952616,0.32909164212492853,0.3233167200653835,0.3312827237791358,0.31525203865683993,0.3300941330322121,0.31400649740216285,0.3267687090879865,0.32270608591476524,0.3247580272165292,0.32270608591476524,0.3253372826710859,0.32674744396304656,0.32335993171933025,0.324902153015968,0.4461676760019265,0.5174885780926659,0.5327290907493593,0.35758460045772017,0.49843882057027195,0.46857131727919993,0.3575846004577201,0.7879713958736091,0.8117253563223142,-0.09942426686821115,0.03576377644529485,-0.10302642790953322,0.18591291719664285,0.8384213707693302,0.837389489905684,0.8351510465546219,0.26651311001568057,0.25533939495089786,0.8321837408525733,0.0,0.0,0
2025-01-29,101278.0,104777.0,101265.3,103700.0,57.36761908230577,56.92220854140541,56.52775634568712,1594.6558718270826,1677.4110573658406,106316.04797969386,100681.99202030615,108632.88053848984,93374.67946151015,107633.63674763865,91460.5165856947,4252.884515331765,4272.92224906275,4201.104869923668,4091.709471567239,102899.41545482565,102706.47773347748,101529.99995687514,98351.84267240088,103499.02,101003.78,99186.23399999998,50.6212136769689,45.21066048481409,2.4072797744318817,46.43252705322966,13.296399663648378,11.657322023918008,-49.37878632303111,2.3583886006117845,12.0987766423768,50.337879101219535,102479.9,99525.85,101002.875,99525.85,0.0,0.0,101651.1,104777.0,101265.3,102755.075,1,0.3248512361945522,0.32811798095342404,0.3248391826684696,0.327123790250512,0.3263783039968079,0.3261978106205921,0.325090108541129,0.32203490896504416,0.32693716402479045,0.3245906513980633,0.32284609877342496,0.32952175517024884,0.3242839953992619,0.33159847407790655,0.3170544743239042,0.3307080747225829,0.3150710121276907,0.3259854302160809,0.3231743961991286,0.32458979027271806,0.3231743961991286,0.32520469736332686,0.32811798095342404,0.3248391826684696,0.3262433041016502,0.5736761908230578,0.5692220854140541,0.5652775634568712,0.506212136769689,0.4521066048481409,0.5033787910121954,0.5062121367696889,0.786848933615767,0.8069677337294825,0.0048145223487381416,0.06623506614485407,0.0784514100862143,0.3325382008469563,0.8355587848078985,0.8360287244104534,0.8343340838238611,0.2660007733793187,0.2538235863844091,0.8316962492191313,0.0,0.0,1
2025-01-30,103700.0,106421.1,103235.0,104684.6,61.56449353961976,58.853584018765766,57.782989323432986,1651.5552003328194,1672.2398859592365,106506.95437269175,100976.26562730825,108709.72561188263,94297.87438811737,107889.54980251254,91948.2435308208,4100.486727427228,4195.292088415411,4152.771304689208,4061.5224891816642,103494.47696988378,103066.13632739068,101830.43805622036,98600.1860970126,103741.61,101503.8,99257.36,57.029573730369236,47.803082484370044,87.94098545622195,72.06976372181336,12.637724053555617,11.199188814381145,-42.970426269630764,2.3723164874969163,10.561846643896246,49.824071030604124,102406.4,99525.85,100966.125,99525.85,1.0,0.0,102489.0,106421.1,102489.0,104510.17499999999,1,0.3278362759865964,0.33033003453943166,0.3274038339222269,0.32874581134061376,0.3276453736478797,0.32724632957128086,0.32608614335408065,0.3229881299492608,0.32787488157388156,0.3257772031167618,0.32362622514976097,0.33040771284753395,0.3252762271582409,0.3323803513197128,0.3187070184885755,0.33165040206528085,0.31628920150136813,0.3266285841840689,0.3238857534571378,0.3252665724263361,0.3238857534571378,0.3267061361577004,0.33033003453943166,0.3267061361577004,0.3285852860440939,0.6156449353961976,0.5885358401876577,0.5778298932343299,0.5702957373036923,0.47803082484370046,0.4982407103060412,0.5702957373036923,0.8008711327952224,0.805761903581162,0.1740905295170378,0.10259455691455531,0.07891279878105621,0.29292886877442276,0.831910480340861,0.8341956578250596,0.8331771948681039,0.26128397802492076,0.2501369458904115,0.8309559362421235,1.0,0.0,1
2025-01-31,104684.6,105998.0,101468.4,102377.6,48.51018497478649,52.87205863197806,53.950468131466906,1493.279116394755,1636.4477320463402,105719.55972364332,101012.52027635669,108363.46101287515,95424.95898712486,107941.003352597,92417.656647403,4161.788623509054,4219.171224957167,4170.715528275437,4077.1250728756086,103122.1846465892,102940.94790422873,101882.5487175327,98748.31997556113,103366.04000000001,101894.21,99305.26199999999,38.20844380991237,48.6197437390835,-23.125363934469288,36.03379853396386,12.563754163266447,11.029044465524672,-61.791556190087626,-3.5386631716906916,8.256581938766676,45.562247326635664,102406.4,99525.85,100966.125,99525.85,0.0,0.0,104192.3,105998.0,101468.4,103632.15,0,0.3283767379878809,0.3295770986852347,0.3253750276077508,0.32623276770348997,0.3269297708391623,0.32676056254866664,0.3257666484748162,0.32276407412792396,0.32715699097214246,0.32577765326599006,0.32330425087384473,0.3293238234469331,0.32494216500978307,0.3317032857415578,0.31947864882315846,0.33132686180984955,0.3164096830405034,0.32625981779914526,0.3235173945292459,0.3248980069763468,0.3235173945292459,0.32792306961444684,0.3295770986852347,0.3253750276077508,0.3274043598939327,0.4851018497478649,0.5287205863197806,0.5395046813146691,0.3820844380991237,0.48619743739083504,0.45562247326635663,0.38208443809912374,0.759705992997097,0.7972301405740578,-0.046217777292352574,0.05143143425847333,-0.1174114094938382,0.2316216228529932,0.8333940470866017,0.8347630980841328,0.833608262786,0.2607401099892898,0.2487324097532219,0.8313392620815039,0.0,0.0,0
2025-02-01,102377.6,102735.0,100215.1,100576.5,40.657756417574404,48.7097891060709,51.16841114457434,1208.5787188205431,1550.8739294011807,105925.74842319469,100187.5515768053,107758.57311433497,96636.49688566504,107969.61194416168,92630.11472250498,3927.2331058649024,4097.794708888798,4092.105265024225,4025.2175704464216,102273.62309772614,102511.04828527804,101758.16312538674,98820.01330985286,103056.65,102197.535,99288.476,23.51458290842344,39.584200149568346,-138.63231890662956,-27.465691289524727,12.852201390798996,11.047297722063934,-76.48541709157656,-2.9843619779609165,6.418897471167072,42.70741556987605,102406.4,99525.85,100966.125,99525.85,0.0,0.0,103531.1,103531.1,100215.1,101476.05,0,0.32746530933032614,0.3278006398295067,0.3254120015164559,0.3257581007684649,0.32736754148834774,0.3275906487472161,0.32688144606365616,0.32406462811832926,0.3281014695210632,0.3272959364341811,0.32451909643465654,0.3307455538537156,0.32538557022317177,0.3323987601100351,0.32191865691731825,0.33258737410023964,0.3178572411117041,0.3274923726203024,0.32474859333192985,0.32612989308692425,0.32474859333192985,0.3285435630585535,0.3285435630585535,0.3254120015164559,0.3266144003550774,0.40657756417574403,0.487097891060709,0.5116841114457434,0.2351458290842344,0.39584200149568344,0.4270741556987605,0.23514582908423434,0.6672219571416996,0.7754741416664276,-0.2703715555034611,-0.0392165790208665,-0.09915187857502827,0.18136820678471108,0.8275945012383822,0.831844823603198,0.8317059194467147,0.26284441651869433,0.2488840379357276,0.8300582646082433,0.0,0.0,0
2025-02-02,100576.5,101410.0,95994.3,97645.7,31.100494234448604,42.80467585048827,47.02518206933731,737.9538635265635,1388.2899162262574,106693.79323168541,98176.16676831461,107165.37369468594,97543.44630531406,107973.7204878977,92593.05284543564,4139.871233598487,4191.930801111026,4155.133585737357,4071.566984764874,100730.98206515078,101626.43950613658,101366.49997058799,98773.9618075057,102434.98000000001,102354.41,99212.992,11.831716508805329,24.518247742380378,-218.55400387682647,-136.00702499024186,14.134033512872582,11.602996663827362,-88.16828349119467,-5.985515451212371,3.3198177512639115,44.04018197034291,101207.70000000001,99525.85,100366.77500000001,99525.85,0.0,0.0,101477.05,101477.05,95994.3,98906.625,0,0.3246575043582237,0.32545082832276856,0.3201800705108492,0.3218169138271129,0.32480501606870493,0.325655809873171,0.32540958035621736,0.32292002081604004,0.32641785233959086,0.32634217578032865,0.3233459953655052,0.3303386158108156,0.3223370696993756,0.33076345931054635,0.3217163358931345,0.3314875208101696,0.3167219526018423,0.3252588571122569,0.32364844630356,0.32445689345159456,0.32364844630356,0.325514373736979,0.325514373736979,0.3201800705108492,0.32304893036093096,0.31100494234448606,0.4280467585048827,0.4702518206933731,0.11831716508805329,0.24518247742380378,0.44040181970342906,0.11831716508805329,0.45577799680872044,0.7285014317109892,-0.4112444104388841,-0.1918871713140432,-0.1969112669058859,0.09456849826063041,0.8328661487577544,0.8341155243602915,0.833234049456524,0.27169460826793257,0.253393461614274,0.8312028788410883,0.0,0.0,0
2025-02-03,97645.7,102457.8,91166.6,101294.8,48.63831794519558,50.801984105103,52.09620754362801,651.9172519597487,1241.0153833729557,106075.50150881053,98093.39849118947,106635.49479628823,98550.4752037118,108045.17591582272,92729.43741751059,5161.489628798702,4699.021458174524,4494.9462721308155,4312.2214186060455,100918.92137676719,101566.14141411174,101359.67140196056,98872.81820721136,102084.45,102592.98500000002,99148.576,62.91198211069009,32.752760509306285,-158.48388515597787,-152.0489175064777,16.181068502132486,12.627647154600014,-37.08801788930991,-3.3447487168428296,4.943366005928103,52.96971487983782,98793.85,99525.85,99159.85,99525.85,0.0,1.0,99111.1,102457.8,91166.6,98141.22499999999,1,0.31631070113697524,0.3209224007108492,0.3097451275956143,0.3198271678081454,0.3194706108983896,0.3200837733073507,0.31988857611690424,0.3175070695986136,0.3205721111071688,0.32104893387934513,0.3177739590365213,0.3242545740604822,0.31674884113442514,0.3247605883567332,0.31719418747495204,0.3260231656650038,0.31136871771569397,0.3174305096240526,0.3181379498471378,0.31778485532387724,0.3181379498471378,0.317737730059043,0.3209224007108492,0.3097451275956143,0.31679553324382176,0.4863831794519558,0.50801984105103,0.5209620754362801,0.6291198211069009,0.32752760509306283,0.5296971487983781,0.6291198211069009,0.4091679905748358,0.6790470601558997,-0.3067625954272273,-0.21385987045349647,-0.11103194817186146,0.1403072955027434,0.8549174228317866,0.8455322353256776,0.8410931441353284,0.2843808109158342,0.2612100608254263,0.8369440332822826,0.0,1.0,1
2025-02-04,101294.8,101684.7,96086.1,97706.0,37.644051977643926,44.24905479132482,47.40972949421654,290.7943539862172,1050.9711774956081,105729.08093702355,97039.13906297645,106942.42010594826,97967.64989405175,108049.98192074227,92682.33141259105,5223.933967541743,4763.277068304915,4547.501211553157,4355.10070465251,99847.94758451148,100864.29752063687,101011.70269701193,98827.06063045797,101384.11,102455.035,98980.81199999999,40.994232698094244,38.579310439196554,-120.978061128821,-140.74002917523617,18.081886706445253,13.601065120834033,-59.005767301905756,-6.688415748729335,-2.746230030358831,50.65529170167047,98793.85,99525.85,99159.85,99525.85,0.0,0.0,99470.25,101684.7,96086.1,99192.9,0,0.31887830702570497,0.3192466768030763,0.313822475471216,0.31542239265029776,0.3174993649153267,0.3184699943128953,0.31860998943062924,0.31651482488736005,0.3189628052335062,0.3199705091671919,0.31666372362047435,0.3229897626808008,0.3147668548565418,0.32408592492433125,0.3156784305273817,0.3250761421571652,0.31037490682270386,0.3164826332993669,0.3171897804750773,0.31683683195732987,0.3171897804750773,0.31713624334023754,0.3192466768030763,0.313822475471216,0.31686875461665226,0.3764405197764393,0.44249054791324816,0.4740972949421654,0.40994232698094246,0.38579310439196557,0.5065529170167047,0.40994232698094246,0.19147022711680675,0.6047785795168001,-0.2373425355895858,-0.19839110767017043,-0.21932528908840043,-0.07830308865513236,0.85611974389621,0.8468901087538215,0.8422553053625312,0.2948739545117042,0.2681094479535098,0.8379332602392717,0.0,0.0,0
2025-02-05,97706.0,99170.0,96100.1,96568.5,34.74023412280728,42.382963189290365,46.03160625573254,-86.19132794732286,823.538676407022,105901.71463135717,95669.46536864282,107355.05255342204,97217.28744657799,107949.51846992997,92408.30153007,4916.214829321493,4642.321563425992,4477.139249098244,4312.260681164093,98754.79838967432,100083.24342597561,100588.54053539174,98738.48962534197,100785.59,102286.17000000001,98790.49,33.86346539618853,45.923226734990955,-130.7299126225453,-167.91202774726628,19.84693218187854,14.525812188756351,-66.13653460381147,-5.836161932724024,-3.3791314892671855,47.7787174178909,98793.85,99525.85,99159.85,99525.85,0.0,0.0,99500.4,99500.4,96100.1,97386.15,0,0.3163689536952103,0.3177937917036042,0.3147823027439105,0.31524769454890683,0.317391754872809,0.3186724323818598,0.3191552866686348,0.31737593017098853,0.3193429540852206,0.32076065034635187,0.31742637838119286,0.3240961419801308,0.3143525143192466,0.32540617467058686,0.3158887584080458,0.3259371171280166,0.31103637324660827,0.31742963721301815,0.31813707716766243,0.3177839827781475,0.31813707716766243,0.3181125648579219,0.3181125648579219,0.3147823027439105,0.3160549388817095,0.3474023412280728,0.4238296318929036,0.46031606255732543,0.3386346539618853,0.4592322673499096,0.47778717417890904,0.3386346539618853,-0.05739772815199472,0.49978970047868626,-0.2556604488306806,-0.235377041074817,-0.19212119477175832,-0.09624774991172988,0.8500497557594684,0.8443185243305542,0.8406962892945486,0.30372067998592356,0.27425039413469054,0.8369449435619909,0.0,0.0,0
2025-02-06,96568.5,99099.0,95631.8,96500.0,34.552974389327915,42.267363154419634,45.9471546976371,-386.03263056821015,581.6244150119755,105862.28277062203,94604.05722937797,107494.27440286586,96323.18559713416,107960.16222794358,92370.45110538973,4709.212710846994,4558.384308895564,4429.0469039030895,4284.091991791956,98003.19892644955,99431.74462125277,100199.1557224973,98650.70571846582,100233.17,101908.73000000001,98717.51799999998,33.43405215646937,36.09725008358405,-113.52521930354435,-144.2911456013355,21.569946844450154,15.45265140241462,-66.56594784353062,-5.414597713091597,-7.2550572423708894,46.285434603572504,98793.85,99525.85,99159.85,99525.85,0.0,0.0,97137.25,99099.0,95631.8,96949.825,0,0.3158751339829745,0.31835328026188064,0.3149420126303956,0.3158071899945277,0.3172876806095946,0.31867461935312347,0.3194118123904096,0.3179187130145328,0.31944436185916525,0.3210347891296668,0.3179835993399998,0.32469015351854347,0.31390807798803244,0.3261609413570037,0.315631597119158,0.3265768712264478,0.3116234584515339,0.3180576794733815,0.318765312071715,0.3184121217011101,0.318765312071715,0.3164374916606775,0.31835328026188064,0.3149420126303956,0.3162525223148263,0.3455297438932792,0.42267363154419635,0.45947154697637105,0.3343405215646937,0.3609725008358405,0.46285434603572506,0.3343405215646938,-0.2518199969425041,0.36941856623076536,-0.22322762140330785,-0.20325952030282632,-0.17855198654992444,-0.20436859407761568,0.8457488347529353,0.8424942873413371,0.8396165450771639,0.31166192356848965,0.2800486643701457,0.8362897299130949,0.0,0.0,0
2025-02-07,96500.0,100120.0,95556.5,96440.6,34.365570808473905,42.15997717757536,45.87052970166913,-621.2902593387844,341.04148014182357,105755.06568861617,93743.79431138381,107434.50554003677,95575.01445996322,107898.5316814303,92526.64165190305,4688.396609297423,4558.749715403023,4435.449432288657,4293.405592065557,97482.33261763304,98887.90014466137,99841.19803464042,98564.03490597697,99749.43,101504.76,98698.342,34.573404569143534,33.95697404060048,-89.4982036818961,-117.1840197776863,22.696163303649293,16.122678677737245,-65.42659543085647,-4.776358142933307,-7.730003827018747,45.38150721778127,98793.85,99525.85,99159.85,99525.85,1.0,0.0,96534.25,100120.0,95556.5,97154.275,0,0.3155992670467085,0.3191277810942935,0.3146587852047267,0.3155403172478984,0.3165691485396241,0.31794074283600826,0.3188604065626466,0.317626369436505,0.31877224327182224,0.3204452918508081,0.31775686022379174,0.32438406544252724,0.3128266735179196,0.32589862883917975,0.31467732577676133,0.3263130867882477,0.3115773810151619,0.31784955089616723,0.3185571197878333,0.3182039611578653,0.3185571197878333,0.31563324167230394,0.3191277810942935,0.3146587852047267,0.3162462941121902,0.34365570808473905,0.4215997717757536,0.45870529701669127,0.34573404569143534,0.3395697404060048,0.4538150721778127,0.34573404569143534,-0.3920275282184306,0.22352267430218978,-0.17710892882994217,-0.1658592453309789,-0.157880181499089,-0.2173349738218928,0.8453059198429569,0.8425023014029065,0.8397609658101262,0.31653131491141745,0.2840403823295353,0.8365068429512681,1.0,0.0,0
2025-02-08,96440.6,96840.0,95635.8,96406.8,34.242279585482834,42.094440850126205,45.82487004532888,-801.224979779101,112.58818815763865,104691.66165466918,93348.55834533082,107592.94539226178,94926.18460773822,107624.17826585985,93060.93506747349,4190.6542365406485,4319.139021445664,4281.580411703482,4190.432072330039,97123.8217450887,98436.7910274502,99514.11250753181,98479.43745868377,99020.11,101259.565,98671.33200000001,34.35183060736174,34.119762444324884,-100.80769421706697,-124.56822402544307,23.741935730048493,16.759204589293738,-65.64816939263825,-7.032979749276757,-4.840456141355251,47.07734345250196,98582.3,100559.15,99570.725,99525.85,0.0,0.0,96470.3,96840.0,95635.8,96330.8,0,0.3178656831497063,0.3182617930598665,0.317062714669009,0.31783208945901725,0.3185423261808404,0.31982993813934035,0.3208742090069367,0.3198714842044117,0.3203967151188586,0.32254330306558054,0.32005821419211267,0.3257461739327793,0.3147448351278625,0.32837590201649947,0.3163493254658154,0.3284038386487636,0.3144495191887188,0.3199716217115392,0.3218768720525935,0.3209287842870167,0.3208855265710118,0.31789519255397003,0.3182617930598665,0.317062714669009,0.317756512108185,0.3424227958548283,0.420944408501262,0.4582487004532888,0.3435183060736174,0.34119762444324886,0.4707734345250196,0.3435183060736175,-0.4885469665900788,0.07491815306583538,-0.1989272817703363,-0.17609962013980776,-0.23023031382994372,-0.13742371515841864,0.8340850740857814,0.8371042861610561,0.8362311006835416,0.3208499606831919,0.2876903949922206,0.8340797737893876,0.0,0.0,0
2025-02-09,96406.8,97275.0,94651.2,96428.6,34.41931946311465,42.15689449819229,45.86136520562902,-931.3296755112242,-96.1953845761339,102586.75630224458,93802.2636977554,107619.3603953803,94316.75960461973,107526.85913600631,93274.54753066033,3966.8179170348417,4198.043377056688,4202.63848733665,4138.2110032523715,96892.08116339247,98071.66538609563,99220.25417348117,98399.01246030402,98194.51,100968.06000000001,98654.91,34.49473925726835,34.473324811257875,-92.66477423540677,-112.97115782122721,24.932317977735043,17.480220023451515,-65.50526074273165,-7.886546827327037,-5.7013241905089656,50.640926845972515,96950.8,100559.15,98754.975,99525.85,0.0,1.0,96423.70000000001,97275.0,94651.2,96190.4,1,0.3190341928288002,0.31989397990726054,0.3172726853303494,0.31905587231026267,0.3195156824689423,0.32067647413348943,0.32179396210016115,0.320996231876927,0.3207965905593492,0.32347083734915505,0.3212454864845174,0.3249991556674424,0.3164096323491602,0.32960684145803254,0.31693357228373453,0.32952403761682597,0.31586936235517166,0.3195737856162801,0.323081034261516,0.3213427851422167,0.32208919185522566,0.31905099980876006,0.31989397990726054,0.3172726853303494,0.318818733893422,0.34419319463114645,0.4215689449819229,0.45861365205629023,0.3449473925726835,0.34473324811257877,0.5064092684597251,0.3449473925726835,-0.5517449250425845,-0.06404248482205492,-0.18323645977003658,-0.16000065497651936,-0.25699188610324397,-0.16146931305717227,0.8285971579507843,0.8342612010961078,0.8343705735753278,0.3255489989220259,0.2916700972173588,0.8328260469732343,0.0,1.0,1
2025-02-10,96428.6,98343.4,95202.8,97384.2,42.35609635307889,44.95926840584748,47.4895002050284,-946.4199109080655,-266.24028984252027,101094.84792244819,94295.49207755184,106910.82436064004,94150.38563935999,107381.20132387492,93607.85867612508,3848.7867860298634,4122.511707266924,4152.065226034903,4104.957303143959,97056.12077559499,97946.67167953278,99045.39187124486,98359.21589323328,97695.17000000001,100530.60500000001,98699.7,40.75912025959547,36.53523004140852,-62.07148774208178,-82.77576629332918,25.494534413173408,17.929041455367486,-59.24087974040453,-4.8774341262151175,-8.243501332757962,41.01857704252554,96812.20000000001,100559.15,98685.675,99525.85,0.0,0.0,96417.70000000001,98343.4,95202.8,96839.75,1,0.3198296233612287,0.3217163498756701,0.3186028346203121,0.320775662650878,0.320451873724192,0.321328351005471,0.3223992282957024,0.3217317866019905,0.3210816012970342,0.323828813595976,0.3220635314832797,0.32436661071667994,0.31768500292574287,0.32974770266899867,0.31753742886976194,0.33017051036528183,0.3169837385638945,0.32021046138842213,0.3238560902756102,0.3220498881745749,0.3228639311743968,0.3198187806225131,0.3217163498756701,0.3186028346203121,0.3202377572822996,0.42356096353078887,0.4495926840584748,0.474895002050284,0.4075912025959547,0.3653523004140852,0.41018577042525545,0.4075912025959547,-0.5587036839043672,-0.17565280326470262,-0.12350914027250945,-0.1177029792694501,-0.161163640771408,-0.2312679108185951,0.8255773045496303,0.8324460435427115,0.83316019492707,0.32769384631605236,0.29406973276669846,0.8320194198875022,0.0,0.0,1
2025-02-11,97384.2,98459.0,94821.9,95748.6,34.11230380647544,41.273473673099005,45.05443327170082,-1077.9325464935246,-428.57874117272115,100182.277997976,94242.48200202401,106667.62312501106,93601.40687498891,107292.09699439903,93779.5363389343,3818.5458165970267,4087.839442462144,4127.543072414193,4089.3620597058266,96620.28051706334,97547.02228325409,98731.41169303107,98256.838799381,97212.38,100134.51499999998,98717.93199999999,30.0370382510079,35.09696592262391,-72.24825497153455,-87.17430802499953,26.114359648121383,18.404442328494447,-69.9629617489921,-4.800226693114191,-7.641332530789876,40.804921289826915,96812.20000000001,100559.15,98685.675,99525.85,1.0,0.0,96906.4,98459.0,94821.9,96603.42499999999,0,0.3211409309967666,0.32219455300095995,0.3185834123080688,0.31951595100833463,0.3203852568352389,0.32130126023816163,0.322459842964537,0.3219972210041121,0.3209714625875165,0.3238152267248342,0.3224467322124945,0.3238610435361229,0.317995894015487,0.32989494963144106,0.31734180885376706,0.33045718955939835,0.3175239829345866,0.32057564262381966,0.32422182482696027,0.3224153511107343,0.32322951713321896,0.3206689573888829,0.32219455300095995,0.3185834123080688,0.3203685186885014,0.34112303806475436,0.41273473673099004,0.4505443327170082,0.30037038251007897,0.3509696592262391,0.4080492128982691,0.30037038251007897,-0.6160548248184758,-0.2781899881194659,-0.143499179348015,-0.12389489589646772,-0.15865587053521235,-0.2149198505477956,0.8247886798353121,0.8316016453871578,0.8325679856748245,0.33000634638652143,0.2965502025860857,0.8316388768274363,1.0,0.0,0
2025-02-12,95748.6,98089.1,94001.2,97828.1,48.872557133591236,47.20014870663064,48.57459143424297,-1002.7993402257998,-543.4228609833369,100213.15269661573,94248.0873033843,106204.75878235143,93460.84121764857,107106.48108016617,94186.47891983385,3857.0249856545956,4087.8437680005627,4125.655307061136,4089.313324382299,97022.88701137557,97598.12732266243,98645.38200798049,98240.02551313076,97230.62000000001,99832.8,98701.92800000001,43.66908125471173,38.155079921771694,-61.338084228758994,-73.4164997460599,26.90211741907809,18.96255185778442,-56.33091874528827,0.18679778013779277,-5.809898481067247,48.86160510505458,97842.95,100559.15,99201.04999999999,99525.85,0.0,1.0,96566.4,98089.1,94001.2,96416.75,1,0.3195170939595905,0.32183433709312453,0.31775135931501247,0.3215785747421134,0.32078537300577953,0.32135267366888237,0.3223772827135187,0.32198193593858154,0.32099061024532916,0.3235264643615144,0.3224323083656248,0.32389179406547663,0.31800273645222743,0.3294773116838953,0.3171989586691599,0.33029154963879936,0.31794006681682113,0.3215931443016735,0.32422297002214984,0.32291670189195437,0.3232306618639853,0.32033288501404894,0.32183433709312453,0.31775135931501247,0.3201840992654838,0.4887255713359124,0.4720014870663064,0.4857459143424297,0.4366908125471173,0.38155079921771695,0.4886160510505458,0.4366908125471173,-0.5840139941017369,-0.347222414753388,-0.12206444797474401,-0.10449783712267627,0.006226512203227998,-0.16448903379535343,0.8257910669767823,0.8316017511760055,0.8325222504835139,0.33287025791045005,0.29938581112977775,0.8316376853531084,0.0,1.0,1
2025-02-13,97828.1,98047.0,95156.1,96570.7,42.203037974784664,44.289581743023035,46.676019053997976,-1032.8117929764267,-641.3006473819548,98011.20265264488,95505.21734735514,105513.79041467528,93328.86958532469,107104.04842493912,94192.07157506088,3719.007130561081,4002.3477845719503,4066.85743529632,4049.3662135695554,96872.15800758373,97411.32235490563,98447.79324531568,98174.5617675178,96758.21,99421.32999999999,98645.23800000001,36.436883908464424,36.714334471394686,-58.81006896995491,-69.07296354347805,27.633606777823605,19.492755910609894,-63.56311609153557,-4.663714228173613,-7.85247342321239,50.95475189457669,97060.6,100559.15,98809.875,99525.85,0.0,0.0,96788.35,98047.0,95156.1,96900.475,0,0.32252104011034877,0.32273567556768323,0.3198632737336203,0.3212791324722823,0.3215782848524448,0.3221111040320018,0.32312747072023373,0.32286054009432685,0.3214653135265855,0.32407280658498283,0.32331991978552727,0.32270060710654286,0.3202145693856241,0.329794077745182,0.3180042355526811,0.33123509825366726,0.3188867721366439,0.3217648320552188,0.32516645868764915,0.3234801085038296,0.32417376970727135,0.3214952076043115,0.32273567556768323,0.3198632737336203,0.3216063393440177,0.42203037974784663,0.4428958174302304,0.46676019053997975,0.36436883908464424,0.3671433447139469,0.5095475189457669,0.3643688390846443,-0.5970440212319265,-0.40325818178142997,-0.11708071764416335,-0.0983566400919975,-0.1542168225312801,-0.22066627845676362,0.822148086408285,0.829488623620089,0.8310871711150295,0.3354581090142284,0.3020071453480245,0.8306562579116257,0.0,0.0,0
2025-02-14,96570.7,98821.0,96200.0,97450.1,47.99390390719068,46.76217250322926,48.16384819153659,-974.4043209950032,-707.9213821045646,97915.6388292593,95549.60117074072,104695.342223396,93421.38777660401,107104.88848789419,93990.23817877246,3562.1489690523554,3903.6800856739537,3998.0070812345907,4001.7540064505706,97064.80533838915,97418.37283583186,98352.7748409999,98146.15150212494,96732.62000000001,99058.365,98679.37599999999,54.3160679091318,44.80734435743599,1.841411748191403,-42.99623803061977,27.852038040369656,19.80368328463789,-45.6839320908682,-0.26190817350008616,-6.932806414705832,55.396727684489,97060.6,100559.15,98809.875,99525.85,1.0,0.0,97199.4,98821.0,96200.0,97260.45000000001,1,0.3224145636518818,0.3246273904384836,0.3220452926933152,0.32328515745619446,0.32290465365893184,0.32325387944106976,0.324170979314122,0.32396890503580245,0.32257543254690885,0.32485797310103887,0.3244895594450686,0.3237429844380517,0.32139408768293015,0.33018323135346844,0.31923310111169656,0.3323757716667476,0.31981529963174515,0.32290049261307247,0.3263036948475121,0.32461657026352275,0.3253105515903404,0.3230377393395348,0.3246273904384836,0.3220452926933152,0.32309804655013274,0.47993903907190677,0.4676217250322926,0.48163848191536585,0.543160679091318,0.44807344357435985,0.55396727684489,0.543160679091318,-0.57140256725771,-0.4397715858770194,0.003682806846196209,-0.0613460675824431,-0.00873005065646085,-0.1955295967128238,0.8178399974738098,0.8269931134634569,0.8293801379596586,0.33621806331061627,0.30351300520224905,0.8294737904806171,1.0,0.0,1
2025-02-15,97450.1,97933.0,97175.8,97533.9,48.56681373945287,47.00355446146414,48.30815916289177,-910.8542580922367,-748.507957302099,98097.34743472013,95560.97256527988,104242.89279055917,93371.85720944083,107110.60942602745,93823.72390730589,3161.441973473447,3678.931508125814,3843.6829345091337,3893.602206235552,97221.17022559277,97439.3777747715,98274.78676090468,98122.14163929652,96829.16,98807.375,98745.034,56.39170327334553,49.048218363647244,36.27427208987527,-37.43897119674226,28.054867069876703,20.09906428996449,-43.60829672665447,0.9997048727069326,-4.894801455237601,55.323275831513534,97060.6,99216.1,98138.35,99525.85,0.0,0.0,97010.4,97933.0,97010.4,97523.20000000001,1,0.32591829857387405,0.326393664214288,0.32564726852499726,0.32600095331275936,0.3256921486215088,0.325907717953427,0.3267287578151251,0.32657924066318733,0.3253037067797015,0.32724868858742356,0.32718796868941713,0.32655493341691544,0.3240366258792863,0.3324059525542169,0.32181091894105146,0.3350233397057304,0.3222744137112004,0.3255332224333821,0.3276458745240255,0.3265951274985216,0.3279458323998309,0.32548348454813636,0.326393664214288,0.32548348454813636,0.32599040334928775,0.4856681373945287,0.4700355446146414,0.4830815916289177,0.5639170327334553,0.49048218363647245,0.5532327583151353,0.5639170327334553,-0.542178644067845,-0.4613345220360683,0.0724215302047694,-0.05343330447731992,0.033311166481715254,-0.13894678858374518,0.8059099784558652,0.8210649419067441,0.8254446416773431,0.33691860103962,0.3049228693051508,0.8267346823753107,0.0,0.0,1
2025-02-16,97533.9,97678.7,96000.0,96060.1,39.61294916671461,43.286364066452705,45.94605700404262,-968.2523084323038,-792.45682752814,98124.49881712522,95445.8411828748,103859.78306135898,93158.55693864105,106888.99365202486,93512.7596813085,2949.6216915486684,3536.05782897397,3740.5885090563174,3819.7721326943665,96834.14681706185,97188.59999754032,98063.86421224709,98041.2772612849,96785.17000000001,98509.17000000001,98761.12,43.33906050729773,51.348943896591685,-58.08480068149701,-62.71480611570911,28.622100243751838,20.556842751273443,-56.660939492702276,-0.45585492227978675,-5.845769925174607,52.09923616207009,96411.1,99142.6,97776.85,99525.85,0.0,0.0,97492.0,97678.7,96000.0,96818.17499999999,0,0.32784253347218306,0.32798529757765327,0.3263175511544638,0.326377741548929,0.3271497318026534,0.3275012636072282,0.328364057219384,0.3283418854007937,0.3271010613314352,0.328800177753081,0.32904609091568926,0.32842355310242716,0.32576084504859676,0.3338968965362704,0.3234296772195413,0.3366712251914613,0.3237942509066469,0.3267285476600685,0.32941728326721476,0.3280819518154092,0.32978881558928286,0.3278011845379838,0.32798529757765327,0.3263175511544638,0.32713386249068743,0.39612949166714606,0.43286364066452704,0.45946057004042623,0.43339060507297733,0.5134894389659168,0.520992361620701,0.4333906050729772,-0.568633844257413,-0.48408401493192293,-0.11564982286442715,-0.08935363251690663,-0.015193994698263014,-0.16548603346117138,0.7989771170028555,0.8171050538795877,0.8227265535275979,0.33885207125970845,0.3070693295209486,0.8248207810152894,0.0,0.0,0
2025-02-17,96060.1,96988.3,95160.0,95735.0,37.81862127440612,42.48815784624258,45.43153574682325,-1028.121979685282,-839.5898579595685,98186.86617457768,95242.35382542235,103554.40025383241,92909.6397461676,106583.35609278535,93232.73057388129,2789.4328784702875,3414.0751269044013,3649.5271514822075,3753.389728271221,96467.7645447079,96924.30908889663,97842.06762060452,97950.8350157443,96714.61000000002,98232.02,98801.84,22.565237196590132,40.7653336590778,-115.08542222491693,-79.52534252574813,29.40304197249722,21.114214933926736,-77.43476280340987,-0.7316420677598499,-5.473054365212583,46.19923639153866,96411.1,99142.6,97776.85,99525.85,0.0,0.0,96797.0,96988.3,95160.0,95985.85,0,0.32806439825762046,0.32899003541133126,0.3271585256774487,0.3277381591983318,0.32847199276319416,0.3289264954376292,0.32983394637868535,0.32994094842059496,0.3287179906906882,0.33021704019482695,0.33077421208559643,0.33017275560120257,0.3272417495578326,0.33530418877961615,0.32485716482531923,0.3380877655897574,0.3251908519371706,0.3284154372684124,0.33110593103413427,0.32976973232425116,0.33147770260187437,0.32879996329512123,0.32899003541133126,0.3271585256774487,0.32798998183282013,0.37818621274406117,0.4248815784624258,0.4543153574682325,0.22565237196590132,0.40765333659077796,0.4619923639153866,0.22565237196590132,-0.595028214852216,-0.5077745323553545,-0.2261904622262722,-0.1131213760906184,-0.024383234913868856,-0.15511075566055163,0.793395201635392,0.8135954770856444,0.8202626861211859,0.34145426682907964,0.3096220611432964,0.8230681028558934,0.0,0.0,0
2025-02-18,95735.0,96730.9,93318.1,95618.8,37.11752194187849,42.188701171845956,45.241397474143376,-1072.58144314916,-886.1881749974868,98243.64130569785,95027.97869430215,102630.11538374021,93025.8046162598,106545.20859384301,92891.41807282364,2878.4853244031015,3413.9840464112285,3638.2544299830543,3742.0367373288464,96184.7763631386,96686.94380000632,97630.3278472136,97859.3826621857,96635.81,97827.96,98859.43,33.82437260177302,33.242890101886964,-184.821969235607,-104.62301874821298,30.629341971884333,21.89643903515048,-66.17562739822698,-0.8173697291062456,-7.792864030858242,51.98499166733459,96069.55,99142.6,97606.07500000001,99525.85,0.0,1.0,95897.55,96730.9,93318.1,95350.7,0,0.32802967856008514,0.32902583596704893,0.32557007073989735,0.3279127994050252,0.32848080036770394,0.328982077100741,0.3299170470028835,0.3301427460145588,0.32893114875153545,0.3301118138460149,0.33112221829510824,0.33052023467139297,0.3273164025789191,0.33473137690964333,0.32526846762956235,0.3383458238040763,0.3251294958980068,0.3283654230781947,0.3313978283480125,0.3298931196248807,0.3317696408633859,0.3281929497458588,0.32902583596704893,0.32557007073989735,0.3276426101024038,0.37117521941878495,0.42188701171845955,0.45241397474143374,0.33824372601773023,0.3324289010188696,0.5198499166733459,0.33824372601773023,-0.6138364698350014,-0.5304650671215871,-0.3536802298186186,-0.14835838458771314,-0.027238917919348307,-0.21904547671713212,0.7965366850355549,0.8135928100372084,0.8199534112723154,0.3454085233177167,0.3130981397820264,0.8227652522798514,0.0,1.0,0
2025-02-19,95618.8,96897.1,95008.6,96616.4,46.96516284079158,45.725397278847545,47.23216705918623,-1015.6105789895373,-912.0726557958969,98256.6783432514,95052.50165674859,101071.55026405056,93777.54973594945,106377.6776355715,92682.79569776183,2737.0588494883727,3305.020900238998,3554.932790460052,3680.2521794178847,96328.65090875907,96674.11765455062,97533.76329033612,97810.63824406077,96654.59,97424.55,98921.15800000001,48.49086284714552,34.96015754850289,-56.53727159755044,-69.34495099025064,31.651280016249927,22.591820853427862,-51.50913715285448,0.19475549785021076,-7.707150813013578,49.817947523667264,96069.55,98793.85,97431.70000000001,99525.85,0.0,0.0,95676.9,96897.1,95008.6,96035.225,1,0.32951547491359046,0.3307945828030778,0.3288990716701341,0.33051510394905226,0.33022779360581467,0.3305726343374484,0.3314255963199555,0.33169877680830345,0.330553173745206,0.33131763473515274,0.33278704002322856,0.33213730169827205,0.32894354669833215,0.33486124889030566,0.32764382066017456,0.3398025585002061,0.3265141530505467,0.3299683795755576,0.3326628828141211,0.3313247063549359,0.33337467040961954,0.32957396792853966,0.3307945828030778,0.3288990716701341,0.32993396255776963,0.4696516284079158,0.45725397278847546,0.4723216705918623,0.4849086284714552,0.3496015754850289,0.49817947523667266,0.4849086284714552,-0.5896137131009183,-0.5427518850497928,-0.1125950770623835,-0.098741419985314,0.006491758732119999,-0.21671278380196063,0.7915004499221637,0.8103500600272359,0.8176372696134612,0.3485884059127022,0.31609000779536195,0.8211008239431745,0.0,0.0,1
2025-02-20,96616.4,98680.8,96386.5,98246.7,59.15935480502584,51.000955281797026,50.33070637914744,-829.3489551722887,-895.5279156711754,98567.83868899297,94913.84131100703,100109.13156967568,94326.8784303243,105671.82341239028,92862.87658760973,2673.807585275749,3232.8265502219265,3494.902657581002,3634.053773437289,96968.00060583938,96960.04171735959,97601.66202458982,97827.738705078,96740.84,97218.00499999999,98994.8,72.45916582131457,51.59146709007771,133.82102092458882,42.761877946389504,31.418070117482575,22.75611314295475,-27.540834178685433,0.8856672848367599,-4.034964679773709,54.11024013991005,96069.55,98793.85,97431.70000000001,99525.85,0.0,0.0,96117.6,98680.8,96117.6,97482.6,1,0.3317322825416753,0.3337706093415655,0.33150269354244694,0.333345428154582,0.33208239115442945,0.3320744795830708,0.3327102850318123,0.3329333531653634,0.3318563346791344,0.33233059112274027,0.3340770351884042,0.3336601427665068,0.33001939073336045,0.33515697063356725,0.32942199810281114,0.34038013977009324,0.32791624309309086,0.33118530553094183,0.3338810406094094,0.33254225652965813,0.3345931481045221,0.331233486763686,0.3337706093415655,0.331233486763686,0.33259260710337313,0.5915935480502584,0.5100095528179702,0.5033070637914744,0.7245916582131458,0.515914670900777,0.5411024013991005,0.7245916582131458,-0.5026900249150583,-0.5349246805162194,0.2614293901682027,0.0610125205906523,0.02951366898718301,-0.11477667289142271,0.7891632726004929,0.8081421405495872,0.8159346892446415,0.3478715987005856,0.3167839892852945,0.8198379183100922,0.0,0.0,1
2025-02-21,98246.7,99454.2,94832.2,96198.4,44.246943087751774,45.07307219458304,46.71216854822603,-837.3633643733338,-883.895005411607,98533.30727674394,95038.33272325604,99472.75243799218,94525.44756200783,105298.41259253144,92738.15407413524,2952.120787379213,3332.0532252060743,3548.5739596009544,3666.985314322713,96711.46707055959,96821.56140511238,97468.01802224794,97763.84306958475,96785.81999999999,96999.1,98979.55799999999,46.94023891396803,55.96342252747604,28.354230832920308,-13.658625415719763,31.69660337662719,23.145056228012912,-53.05976108603197,0.4697718817820713,-4.353004926598167,50.902103685596124,96386.15,98793.85,97590.0,99525.85,1.0,1.0,97431.54999999999,99454.2,94832.2,97182.875,0,0.33247563483668385,0.33365349688187196,0.3290678392962728,0.3304453248001164,0.3309577682282974,0.331067387375363,0.3317086406735784,0.33200071881442805,0.3310318134080063,0.33124390694062705,0.3331921584154441,0.33275646564312644,0.32927689415539196,0.33367148617210335,0.32875592698449085,0.33916604971747377,0.3269189629093152,0.33063315137526944,0.3330110746806819,0.33182918101051084,0.3337229541128078,0.3316725754166616,0.33365349688187196,0.3290678392962728,0.33142629950551694,0.4424694308775177,0.4507307219458304,0.4671216854822603,0.4694023891396803,0.5596342252747604,0.5090210368559612,0.4694023891396803,-0.5066720851345718,-0.5293655848127933,0.05664775113064081,-0.019509846086111733,0.01565778295159955,-0.12373424067383536,0.7990617784185162,0.8111644047338972,0.8174582863887506,0.34872712002337114,0.31840796480870476,0.8207397829639527,1.0,1.0,0
2025-02-22,96198.4,97056.0,95814.8,96554.4,46.95805306956145,46.24257401157915,47.40226981831063,-805.7009970593499,-868.2562037411557,98263.3494865667,95053.55051343329,99406.84698938816,94482.22301061185,104847.85057228174,92701.51609438493,2707.703532039325,3182.706566262783,3438.699009143766,3586.125803845289,96659.11138037307,96772.98660418286,97381.00678203386,97716.41392960104,96658.45,96944.535,98947.84599999999,52.741969654992474,57.38045813009169,-19.59900550187475,-41.738812000208696,31.955241402975762,23.514552158818166,-47.258030345007526,-1.3019776526376485,-1.117611937852873,51.35248062662185,96386.15,98793.85,97590.0,99525.85,0.0,0.0,97222.54999999999,97222.54999999999,95814.8,96405.9,1,0.3325940662719985,0.33344984590713045,0.33220889710311985,0.3329502001065564,0.33305470991637764,0.33316824208681456,0.33377225874289695,0.3341039025836598,0.33305405015181083,0.3333390307086276,0.335312171938963,0.3346423534361799,0.33144011208857627,0.33575883040838306,0.3308592215946768,0.34090690185891775,0.3290267524861219,0.33278204490779467,0.33516186881827364,0.33397903614828445,0.33587430849335503,0.33361519649061544,0.33361519649061544,0.33220889710311985,0.3328017984337045,0.4695805306956145,0.4624257401157915,0.4740226981831063,0.5274196965499247,0.5738045813009169,0.5135248062662184,0.5274196965499247,-0.49081544600522986,-0.5218199646986528,-0.03917794762803158,-0.05955630955415879,-0.043372028168843606,-0.03192092112988634,0.7904225397941753,0.8065801383880322,0.81431392491974,0.34951503197084943,0.3199266906888941,0.8185106549079324,0.0,0.0,1
2025-02-23,96554.4,96637.0,95254.0,96262.6,44.87149227182819,45.38949180129118,46.87975965199828,-794.9900141545659,-853.6029658238377,98249.83117294543,95005.44882705457,98148.18989667157,95237.66010332844,104196.24275788358,92783.95724211643,2518.460170319421,3054.156097244013,3340.80858013692,3512.688277050446,96526.94092024871,96680.18903978597,97274.49185041159,97659.4016186363,96627.64,96692.925,98909.554,47.986506086928244,49.22290488529625,-74.59410653749568,-79.80186906056196,32.375239028415926,23.950681909331085,-52.013493913071756,-0.3190408685035847,-4.967875942299108,55.30742579520119,96386.15,98793.85,97590.0,99525.85,0.0,0.0,96376.4,96637.0,95254.0,96177.0,0,0.3349459208586778,0.3350284314315756,0.3336378749483214,0.33465389049714167,0.3349184764227586,0.33507154662312466,0.33566295310432936,0.33604412920407134,0.33501908498469046,0.3350842572580136,0.33727222635250365,0.33662602228007754,0.33338590290336634,0.33652609150916374,0.3336213296447007,0.3423050870609124,0.33110518493132907,0.3347776421497966,0.33715919484613155,0.33597550807197907,0.3378721441049019,0.33476788180023404,0.3350284314315756,0.3336378749483214,0.3345680608876195,0.4487149227182819,0.45389491801291176,0.46879759651998276,0.47986506086928243,0.49222904885296254,0.5530742579520119,0.47986506086928243,-0.48537600176749796,-0.5146749573262407,-0.1480911456015199,-0.11351134146960064,-0.01063429471841538,-0.1409937259568254,0.7831799939430275,0.8024585965961245,0.8114267430476323,0.350781427859487,0.3216901152859356,0.8164421555947763,0.0,0.0,0
2025-02-24,96262.6,96536.3,91258.7,91478.2,24.25509113292445,34.23700866026516,39.40237821622587,-1159.2000416319643,-914.7223809854631,99427.66611941045,92633.23388058954,99020.35067470795,93742.71932529206,103809.29204940106,92288.82795059896,2912.6230031309337,3212.973518869441,3433.0367429875437,3571.518667815431,94844.02728016581,95734.37285073398,96722.46405513429,97417.00155516037,96030.45,96381.535,98772.308,2.6782990665609177,34.46892493616054,-291.48792210833443,-337.7546596452109,33.786337431724846,24.890964906008822,-97.32170093343909,-6.128162002912268,-6.374020019241401,45.761267881908076,95356.45,98793.85,97075.15,99525.85,0.0,0.0,96408.5,96536.3,91258.7,93883.95000000001,0,0.3330519092829021,0.3333256889357431,0.3279097218302777,0.3281409206613436,0.33162078763727515,0.33252139973071165,0.3335114797893111,0.3342015946739672,0.3328191027653319,0.33317097099508264,0.33553470919069717,0.3361730171028174,0.32934878567584425,0.33577677809392764,0.33049544068680436,0.34033905924663005,0.32899015071235793,0.33214010936160976,0.3355557556317661,0.3338625150871378,0.3362682966078565,0.3331979450217891,0.3333256889357431,0.3279097218302777,0.3306404639574987,0.24255091132924447,0.3423700866026516,0.3940237821622587,0.026782990665609175,0.3446892493616054,0.45761267881908074,0.026782990665609106,-0.6485546687808229,-0.5439968036273063,-0.5248249700437867,-0.4482488606953458,-0.2014774761153672,-0.18012788377017253,0.7977152604031048,0.8075263306957179,0.8141491741163588,0.3549224707155233,0.32538940625169616,0.8181026135211065,0.0,0.0,0
2025-02-25,91478.2,92520.9,86055.5,88665.3,18.44284639449407,29.627792790442356,35.87041130785779,-1655.7304045657365,-1062.9239857015177,100546.27671788237,89740.90328211762,100257.18379875044,91715.56620124956,104017.13845840495,91155.0882082617,3420.1625741122284,3445.2896960930516,3577.43499332147,3667.9813788882498,92784.45152011054,94449.08687787325,95955.11509750245,97073.79757260506,95143.59,95986.375,98501.896,19.47800906058053,23.380938071356564,-312.37354316198184,-423.8969929027137,35.93048772900378,26.28645327922903,-80.52199093941948,-9.09283849000193,-8.184035166746916,43.407027450653295,92754.85,96026.75,94390.8,98003.6,0.0,0.0,93870.4,93870.4,86055.5,89679.97499999999,0,0.3255772982550093,0.3266672295067593,0.31970910338640224,0.32257631770931894,0.32694084857495026,0.3286519862040933,0.33017525522985613,0.33129191212587494,0.3293573239373059,0.3302066284758567,0.3326995414692769,0.3346807476158133,0.3237344987818525,0.33440295967878003,0.3258264628608163,0.3379569933803957,0.3252371251989211,0.32691015358619285,0.33024713530837463,0.32859256311027557,0.332210635046022,0.32806044779676585,0.32806044779676585,0.31970910338640224,0.3236692499974546,0.1844284639449407,0.2962779279044236,0.3587041130785779,0.19478009060580528,0.23380938071356563,0.43407027450653296,0.19478009060580517,-0.8018670773323191,-0.6098082231128945,-0.5544245755139251,-0.540999165425558,-0.29414205046823505,-0.22965911944276202,0.813773570624314,0.814505348090585,0.8182680831112148,0.3609037435628163,0.3306390362156518,0.8207669349087088,0.0,0.0,0
2025-02-26,88665.3,89389.9,82055.6,84208.6,12.781418911989348,24.09336747161477,31.21548617221174,-2381.4014250458713,-1326.6194735703884,102388.40488543,85528.47511456997,102036.59736870015,88707.01263129983,104814.16963445712,89170.35036554286,3979.3250635247655,3723.0761463721183,3756.3333269728278,3790.1919995919743,89925.83434674036,92587.18017280538,94836.39937393079,96569.28002073821,93958.43999999999,95371.805,98247.90600000002,12.37455887255297,11.510288999898139,-259.1147214254011,-353.89115669692325,38.35577512458833,27.905590803060544,-87.62544112744703,-12.337588655435502,-12.737202072538853,37.68890807462852,90754.9,92395.3,91575.1,96003.65,0.0,0.0,90071.75,90071.75,82055.6,86079.85,0,0.31943106838140045,0.32021174163859895,0.3120135893078187,0.31449064097724894,0.3207852536199722,0.3235854768227218,0.32589242373014515,0.3276341783292639,0.3249982526544328,0.32643381687949713,0.32929295760126387,0.33327058752400324,0.315979382693537,0.3329387017678234,0.3194761746521032,0.3355294891735358,0.3199758450145035,0.3216660207375862,0.3233861858149381,0.3225298019405282,0.3270689800668649,0.3209408323203691,0.3209408323203691,0.3120135893078187,0.31659479716732153,0.12781418911989348,0.24093367471614768,0.3121548617221174,0.12374558872552971,0.11510288999898138,0.37688908074628524,0.12374558872552967,-0.9197806841848544,-0.7086232151123193,-0.47633233603841724,-0.4664776130912033,-0.3895360325174,-0.34866224520799716,0.8289118769195778,0.8222574085656257,0.8231464763217582,0.36726427271084555,0.336403502980179,0.8240435760393707,0.0,0.0,0
2025-02-27,84208.6,87043.6,82670.0,84686.0,16.003775290833076,25.694574383735073,32.20502347777615,-2884.725427700716,-1638.2406643964541,102818.97441991285,82888.10558008714,102886.33223212264,86681.81776787735,105254.08235270478,87624.30431396188,4035.6500544498,3769.5421359169673,3785.7269780693596,3809.6389329389085,88179.22289782691,91150.60195956804,93869.69467165167,96103.26903953278,92853.54,94784.075,98041.18200000002,15.118457806949959,15.65700858002782,-178.6127658922902,-246.08387734964313,40.60782770620255,29.443771450700485,-84.88154219305004,-11.541233613620932,-12.188435161125092,36.64187097848442,90754.9,92256.70000000001,91505.8,96003.65,0.0,0.0,86436.95000000001,87043.6,82670.0,84652.05,1,0.31400096372139635,0.31717110292521344,0.3122374581780897,0.31454188568154823,0.3184133086272629,0.32159238706866017,0.32441555911590414,0.3266764469851093,0.32336981372671203,0.32534730899703274,0.32859747864654254,0.3331817477267983,0.3124893452213804,0.3332448982676518,0.3167721028763554,0.33543978939782937,0.3178082363445107,0.32117481366753325,0.3227504566977299,0.3219657384642285,0.3265766913703353,0.3165011384351493,0.31717110292521344,0.3122374581780897,0.3145035148485051,0.16003775290833075,0.25694574383735075,0.3220502347777615,0.1511845780694996,0.1565700858002782,0.3664187097848442,0.15118457806949961,-0.9581760901302271,-0.7976653175203179,-0.3427678702464804,-0.33774802588680086,-0.3667889143025476,-0.33481465470044386,0.8303170432540204,0.8234974072733945,0.8239257330787243,0.3728288315580698,0.3415881423173592,0.8245552152994948,0.0,0.0,1
2025-02-28,84686.0,85124.4,78210.5,84307.6,15.475071152261364,25.240097132659145,31.82399779710039,-3276.3789861602127,-1965.868328749206,102692.68546654111,80752.15453345892,103431.53761513619,84926.69238486383,105206.86696658433,86378.69303341566,4446.8286180998275,3994.1391262086117,3934.6875981612948,3913.1143018409443,86888.68193188461,89906.41978510111,92959.01898863722,95640.69378308053,91722.42000000001,94179.115,97877.18,28.700744220639564,18.73125363338083,-160.11931277132405,-214.49800965541922,43.082867703821826,31.180193141805006,-71.29925577936044,-11.829472865168771,-12.550152063962289,45.891796421902654,88832.35,90334.15,89583.25,94081.1,0.0,1.0,84447.3,85124.4,78210.5,83082.125,0,0.3119788307371175,0.3124724236334945,0.30438920500288025,0.3115508237871652,0.3144345514124657,0.317703953325999,0.3209058341798762,0.32363647291695613,0.3196210895116197,0.3221574597827428,0.32585812051281626,0.3304804363487922,0.3074371914798169,0.33117111503625274,0.31225012694558274,0.33281144688381353,0.3138713175525991,0.3165525244289079,0.318158824633502,0.3173588997469655,0.3220574885594783,0.31170905137382826,0.3124724236334945,0.30438920500288025,0.3101519842892182,0.15475071152261363,0.25240097132659145,0.3182399779710039,0.2870074422063956,0.18731253633380832,0.45891796421902653,0.2870074422063956,-0.9749767204083795,-0.8644218139134708,-0.30972267179393614,-0.2971819661243623,-0.37507483364135386,-0.343958920135338,0.8400171305084658,0.8292833682677504,0.8277840884636298,0.37860712195303226,0.34713511434668287,0.8272344350861485,0.0,1.0,0
2025-03-01,84307.6,86533.3,83760.9,86024.4,28.055691937750098,31.18704573138676,35.46153255402835,-3408.9397059086914,-2254.4826041811034,101584.10194782751,79742.33805217249,103498.24894489201,83819.56105510799,104618.43806573337,85723.10860093332,4207.624529799853,3906.8720457651402,3879.340569677424,3875.0904917795797,86600.58795458975,89200.59800599182,92298.5790849575,95263.58422295972,90663.22,93658.905,97703.984,36.782198957808646,26.86713366179939,-93.0260715280271,-131.21353829292843,44.66459696794876,32.48173751711823,-63.217801042191354,-10.962942109207132,-10.789537543840739,48.05218977866063,88832.35,89947.6,89389.975,94081.1,0.0,0.0,84496.8,86533.3,83760.9,85156.55,1,0.31248416755749997,0.3149768063015671,0.3118622748679275,0.3144123258711892,0.31505120528881736,0.31788440017178005,0.3211586599934131,0.3241950609437304,0.31944361391259596,0.32256319736925554,0.3266268538955235,0.33037550613188543,0.30716829585188526,0.33217428998514986,0.3119291896486124,0.3332121511320535,0.3140766205117252,0.3174879718305602,0.3186837714405877,0.31808765904580866,0.32299513276721625,0.3126984922964791,0.3149768063015671,0.3118622748679275,0.3134422802446667,0.280556919377501,0.3118704573138676,0.3546153255402835,0.3678219895780865,0.2686713366179939,0.4805218977866063,0.3678219895780865,-0.9789881198068922,-0.9056868194727746,-0.18393470023585806,-0.18528290041410328,-0.3499891622743106,-0.2988647121573401,0.8344891158281538,0.8270748271010774,0.8263678204455317,0.3821323314263213,0.351100014144068,0.8262582319430486,0.0,0.0,1
2025-03-02,86024.4,95058.7,85007.7,94259.7,60.74964178323203,51.22872045719659,49.13165111132071,-2817.0024953879038,-2366.9865824224635,100304.44109283658,80224.59890716342,103198.64259390386,83806.71740609613,103963.89771307849,85836.45562025487,5042.39245411416,4345.738328210487,4173.229113978498,4080.954142053594,89153.62530305983,90120.43473217513,92485.35250543774,95224.2162142162,90264.52,93502.68,97697.79,75.54804483211493,47.010329336854376,-6.035815461373914,-30.566135078195334,42.92719668783538,32.04667842898216,-24.45195516788507,-4.058151571503165,-3.2084260075042974,56.66048369658021,87633.25,89165.25,88399.25,94081.1,1.0,0.0,85166.0,95058.7,85007.7,90087.625,1,0.30946487678668977,0.3190198684583141,0.30833011684735695,0.31821066943808296,0.31287878575463896,0.31391041059394664,0.31638990684852586,0.3191866818312666,0.3140632482424418,0.31743789769659847,0.3216470462716401,0.32417589538546376,0.3028116915886328,0.32691076605581915,0.3069728720007563,0.3276215616446126,0.30925607602843913,0.31123464457954525,0.31289125320220285,0.31206637929180914,0.31802889072293006,0.30850764733955577,0.3190198684583141,0.30833011684735695,0.3138755751763348,0.6074964178323203,0.5122872045719659,0.49131651111320707,0.7554804483211492,0.4701032933685438,0.5666048369658021,0.7554804483211492,-0.9543140319959458,-0.9182875751528757,-0.012071044580378273,-0.043638175642973745,-0.13445262671862815,-0.0914134008765218,0.8525834240606223,0.8377181033228125,0.8336684976877828,0.3782533642790499,0.34979210598547217,0.8314331109120893,1.0,0.0,1
2025-03-03,94259.7,94414.2,85023.4,86165.3,39.93790707040884,39.157128156647296,40.31814496867636,-2966.8385555737477,-2486.9569770527205,98716.92577552887,79805.49422447114,103165.10718057415,82881.92281942585,103752.80900617536,85086.7976604913,5663.5935320978515,4706.099876195452,4421.684870455712,4257.949003985141,88157.51686870656,89401.3193263251,91883.4427430151,94868.96459797243,89261.21,93023.515,97530.89600000001,37.44545441707425,49.925232735665936,-40.3442740876285,-67.64408908459241,41.31389642773009,31.6333722952529,-62.55454558292575,-10.429591344554579,-10.008814750294,52.31431295298693,87423.75,89165.25,88294.5,94081.1,0.0,0.0,90142.04999999999,94414.2,85023.4,89965.65,0,0.3141448119951785,0.3143015138460612,0.3043005018449227,0.30557138236995574,0.30775067543345425,0.3090875801867411,0.3117032348733134,0.3147613394825172,0.308937873455588,0.31288208776064036,0.31741129306670823,0.3185697434412096,0.2982784200413487,0.3227987244987807,0.30187269598798133,0.32334432434872595,0.3043714854970213,0.30695351948068134,0.30883521078517906,0.3078987910203417,0.3139633601565463,0.3098753472719167,0.3143015138460612,0.3043005018449227,0.30968830805382425,0.3993790707040884,0.391571281566473,0.40318144968676356,0.37445454417074253,0.49925232735665936,0.5231431295298693,0.37445454417074253,-0.9624319102621057,-0.9299434113428033,-0.08051389160003079,-0.09633473483798627,-0.33429250297945406,-0.2784178340922832,0.8641990420154952,0.8456827259828132,0.8394502227411401,0.3745115552851227,0.34853354547977616,0.8356777696145292,0.0,0.0,0
2025-03-04,86165.3,88946.0,81413.7,87260.1,43.01823782515887,41.17614230884384,41.800812242254906,-2963.0868812968547,-2582.1829579015475,96473.07772643071,80190.48227356929,102681.46119503395,82308.76880496606,103669.08120599817,84478.15212733517,5930.551598941015,4907.971313610064,4569.809400434012,4367.094037185636,87858.37791247104,89012.00672153872,91443.12438653747,94570.57775099312,88331.78,92495.115,97385.93400000001,42.59898228651321,51.8641605119008,-67.43081174167928,-93.98258027155758,40.48553114808917,31.586436645732096,-57.40101771348679,-9.625972508761889,-10.802622150486414,56.45603454783805,87373.4,89165.25,88269.325,94081.1,0.0,1.0,90212.5,90212.5,81413.7,85946.275,1,0.30316099239599203,0.3061862633523137,0.2977697327855131,0.30436302978945595,0.305013855298076,0.30625697517222805,0.3088271535558177,0.31203922661088745,0.305525851832822,0.30991916353496984,0.3148450775597971,0.31394389977853293,0.2963334870929076,0.3199184710887485,0.298807763857417,0.32083683191332574,0.3012798241250955,0.30448660664818,0.3064209494146451,0.30545845506091945,0.31154326530962206,0.30753439370762414,0.30753439370762414,0.2977697327855131,0.3029187692956382,0.4301823782515887,0.41176142308843844,0.4180081224225491,0.42598982286513215,0.518641605119008,0.5645603454783805,0.42598982286513215,-0.9622470713760822,-0.9380380302824208,-0.1340499224762081,-0.13345987640912396,-0.31028952745933397,-0.29920512805160676,0.8688041110201989,0.8498819690408886,0.8427445579898171,0.37253447194111494,0.34838961479863617,0.8382082045852718,0.0,1.0,1
2025-03-05,87260.1,90975.0,86350.8,90567.8,51.74200861109464,46.90846878527309,46.05242715707266,-2662.5180552246748,-2598.249977366173,94229.46712448243,81295.13287551758,102235.9923943771,82153.9476056229,103003.00638750101,84429.093612499,5743.929941949441,4887.7019340664865,4572.399428984773,4375.664235946115,88761.51860831403,89294.8782267135,91359.7601592482,94413.60607448358,87762.3,92194.97,97266.82400000001,58.169245470421835,46.071227391336436,-13.372714828853214,-39.8404047067912,39.100098966839745,31.208974182312705,-41.83075452957816,-5.915900879469288,-6.2160676064272025,61.876406442149964,86634.6,88832.35,87733.475,94081.1,0.0,0.0,86712.70000000001,90975.0,86350.8,88788.425,1,0.30417633010911793,0.30815029646698183,0.3031790758601955,0.30772232675001143,0.30580151569875214,0.30637254247700857,0.30855300571912136,0.3116930665115153,0.30472287313708346,0.3094216367942014,0.3145403305381067,0.31150649688050713,0.2974453676729318,0.31931345213617274,0.2984428355139272,0.32003032311602264,0.3010381894292796,0.3034913960313327,0.3058775374006335,0.30469158363543924,0.31135591764034753,0.30357717372822596,0.30815029646698183,0.3031790758601955,0.30583040051695287,0.5174200861109464,0.4690846878527309,0.46052427157072656,0.5816924547042184,0.46071227391336433,0.6187640644214997,0.5816924547042184,-0.9441561592735991,-0.9393114549684838,-0.02673905431937311,-0.05685348858519756,-0.19467974015804856,-0.17575786159495344,0.8656072995595696,0.8494682094073855,0.842801206490925,0.3691378802310469,0.3472245115034425,0.8384042123246884,0.0,0.0,1
2025-03-06,90567.8,92781.6,87800.1,89899.6,49.940051284154286,45.934639636444764,45.34970902399811,-2449.991276333647,-2568.598237159668,93771.17551318575,81437.70448681425,101604.29825556085,82030.59174443914,102718.4565430642,84193.21679026914,5635.011378813806,4894.40179591888,4591.880408556926,4395.858761414577,89140.87907220935,89404.82764003832,91220.69728693884,94236.58622842541,87604.44,91817.44499999999,97055.51600000002,55.023842362676966,51.930690039870676,9.402244424360568,-23.056103075496413,37.29509789527551,30.567782935943768,-44.97615763732303,-1.7256570417869956,-7.748067985563893,61.067075180048846,86634.6,88832.35,87733.475,94081.1,1.0,0.0,88913.95000000001,92781.6,87800.1,90262.275,0,0.30728313719215194,0.3095875871686687,0.3043253391242185,0.30657701239860674,0.30576913699906016,0.30605092665594746,0.3079683078346817,0.3110737357034752,0.30411289173118006,0.3085904733709651,0.3138916710164225,0.31060075520106434,0.2971747202913588,0.31827776682645437,0.29786308619340873,0.31932337243566145,0.3003345642099159,0.30305312550386465,0.30543874378717323,0.3042530484450723,0.3109159692471651,0.3055262326607965,0.3095875871686687,0.3043253391242185,0.3069608901968841,0.49940051284154285,0.45934639636444763,0.4534970902399811,0.5502384236267697,0.5193069003987068,0.6106707518004885,0.5502384236267698,-0.9265339955257219,-0.9369411980006147,0.01880227268459846,-0.032925384435625794,-0.057458543016144,-0.21782665883170382,0.8636931891968592,0.8496051634521198,0.8432262646224323,0.36453218957044314,0.3452137073177798,0.8388645647085319,1.0,0.0,0
2025-03-07,89899.6,91279.5,84594.7,86758.5,41.93134924213591,41.56615019338977,42.173338152382456,-2506.1336429992807,-2556.105318327591,93555.36139194873,81272.1586080513,100932.91849928476,81624.43150071525,102618.68196017038,83638.99137316296,5784.981181840406,5022.287381924674,4691.543246244692,4472.156802700759,88346.75271480624,88923.67716003134,90795.72611675419,93943.32794495775,87413.76000000001,91278.675,96791.77,45.35830834947335,52.850465394190714,-29.11925915376748,-56.032640635749445,36.251621840146676,30.27870110984576,-54.64169165052665,-2.150559463510531,-11.047851054863996,56.283475728455876,86634.6,88832.35,87733.475,94081.1,0.0,0.0,90233.70000000001,91279.5,84594.7,88133.075,0,0.3049371043520372,0.3063887132879684,0.2991516489299133,0.3015520191293407,0.30327795869332264,0.30389759415327633,0.3058821945116561,0.30913273585454865,0.3022676974362676,0.3063878516803663,0.3119859446742516,0.30873774387049746,0.2953498992808786,0.3159939989264385,0.2957598987379625,0.3175806636245687,0.2980728266503944,0.30141611721363437,0.30379976126562197,0.30261504127020533,0.3092726281810426,0.3052905045683278,0.3063887132879684,0.2991516489299133,0.30304748405515497,0.41931349242135907,0.41566150193389767,0.42173338152382456,0.4535830834947335,0.5285046539419072,0.5628347572845588,0.4535830834947335,-0.9316515346951403,-0.9359159546404525,-0.05817276450050714,-0.0798761012582956,-0.07156277553187426,-0.30557096725139693,0.8663193233169991,0.8521839855317627,0.8453729984453293,0.36176954832105557,0.344293739019364,0.8405849658195297,0.0,0.0,0
2025-03-08,86758.5,86886.3,85185.9,86187.2,40.55144565195347,40.80602966345196,41.61667074446341,-2567.1336893270636,-2558.3109925274853,93447.30615180651,81775.93384819348,100420.47988718128,81149.58011281872,102505.88031639137,83064.27301694198,5201.469584434635,4785.009711787198,4549.107853566374,4379.7649092774,87626.90180987083,88426.13585820745,90356.81886753949,93639.16606476333,87611.62,90785.03,96434.53799999999,43.28928445445417,47.89047838886816,-49.74164014710926,-71.387188864286,35.28267978895561,30.00407337505265,-56.71071554554583,2.3496412480435382,-10.277836479454017,55.48022616186334,86634.6,88832.35,87733.475,94081.1,0.0,0.0,88329.05,88329.05,85185.9,86254.47499999999,0,0.3035382698745269,0.3036783981500337,0.30179769931349754,0.3029094471564483,0.30448659894952823,0.3053515174360265,0.30741051886469195,0.31081655839526157,0.3044699881106952,0.3078615022763881,0.3136285190245607,0.31062062896873294,0.29791610607644253,0.3175061058461373,0.297186448442315,0.319476447748052,0.2994003972929227,0.3034022300937873,0.30578826522738545,0.30460236394635315,0.31126641093966645,0.3052468509499028,0.3052468509499028,0.30179769931349754,0.3029837016330214,0.4055144565195347,0.4080602966345196,0.41616670744463413,0.4328928445445417,0.47890478388868163,0.5548022616186334,0.4328928445445417,-0.9368218344336234,-0.9360981297071271,-0.09915638155969227,-0.10162961737550615,0.07816161960206441,-0.2854930710577905,0.8556888711914252,0.847345229767378,0.8422906215744581,0.3591340486602791,0.3434118595048275,0.8384978624944581,0.0,0.0,0
2025-03-09,86187.2,86485.0,79913.4,80692.3,29.61522428786283,34.30753926584322,36.721547211101374,-3024.0102647767344,-2651.4508469773355,94222.55256308432,80201.94743691568,100331.01451114772,79734.77548885226,102800.91514207824,81719.35152458842,5397.202500943974,4912.623303802399,4645.4170033965465,4452.8260789681535,85315.36787324723,87019.98388398791,89436.3884992024,93131.44582692947,87212.25,90032.89499999999,95957.984,13.542655709436982,34.063416171121496,-123.81783486079058,-117.80493617121058,35.28821184509742,30.213513355057852,-86.45734429056301,-4.715891646789312,-15.712853188489056,45.17574616300413,87486.04999999999,88832.35,88159.2,94081.1,0.0,0.0,86472.85,86485.0,79913.4,83319.475,0,0.30133569359105417,0.30166370745780163,0.294162818804395,0.2950818197703985,0.3003691756424908,0.30225028007167615,0.3048576550365391,0.30871773633986144,0.30246024884526446,0.305490975486006,0.3115730903041394,0.3098296490276355,0.2945042529669246,0.31583605986261276,0.2939508692088141,0.3181658471850172,0.29628083914201503,0.3027584997268434,0.30421222422305594,0.3034880035953277,0.3096861947544789,0.3016503457883365,0.30166370745780163,0.294162818804395,0.29812070048776196,0.2961522428786283,0.3430753926584322,0.36721547211101374,0.13542655709436982,0.34063416171121497,0.45175746163004127,0.13542655709436985,-0.9651411973706131,-0.9433495165054384,-0.24269487325172298,-0.1667217402491236,-0.15591424860157663,-0.42102619404620595,0.8593821306943225,0.84997668923899,0.8443851664661288,0.35914929459712225,0.3440851121400309,0.8401518798776543,0.0,0.0,0
2025-03-10,80692.3,84050.0,77403.1,78563.2,26.397117093514453,32.16978745849984,35.04451302089191,-3517.3430772825523,-2824.6292930383793,95261.73291730318,78013.88708269682,100280.23411184203,78079.99588815795,103172.4958153467,80158.19751798666,5575.730715094834,5036.5002106736565,4740.72571752052,4525.961876335882,83064.64524883148,85482.38681417193,88400.84673737359,92560.14206901068,86637.81,89180.11499999999,95503.03399999999,6.570719771630484,21.13421997850721,-161.96036504482538,-139.46669802253396,35.65133318293331,30.606555046844232,-93.42928022836952,-6.813620598854681,-17.837078064146386,46.64812433942203,86230.9,88428.65,87329.775,93677.4,0.0,0.0,83439.75,84050.0,77403.1,80177.15,0,0.29353856282207885,0.29740303862305845,0.28960236498628056,0.29100841467699673,0.29628436436766104,0.29900723053376665,0.30219820552310245,0.30657681303792045,0.30028274560439994,0.30303329178265576,0.3095629978803311,0.3093214753136361,0.2903451070492167,0.3142282768245681,0.2904251681907061,0.31695051397300944,0.2929098440111472,0.2998353959330602,0.30222812057621584,0.3010389144979528,0.3077210325849432,0.29671169768625555,0.29740303862305845,0.28960236498628056,0.2929322217045244,0.26397117093514455,0.3216978745849984,0.3504451302089191,0.06570719771630484,0.2113421997850721,0.4664812433942203,0.06570719771630479,-0.9817901066003982,-0.9547658070194706,-0.3130477518724046,-0.19664303007432535,-0.22329436787891227,-0.469657487717879,0.8626357990320596,0.852466524807601,0.8464156423856016,0.3601449803740189,0.3453364537271813,0.8417806326003522,0.0,0.0,0
2025-03-11,78563.2,83622.9,76545.0,82889.2,41.47289601207709,40.30849397595003,40.811367660428104,-3518.6796901884663,-2963.439372468397,95237.71747564522,77410.86252435477,99364.98949686743,77622.52050313257,102997.24323967467,79430.823426992,5790.326327224143,5182.314481339823,4852.019730971924,4611.026480458019,83006.163499221,85010.8983025043,87875.92800048087,92180.8894388534,86324.29,88493.755,95115.644,34.267596428590714,18.126990636552726,-117.30631791180345,-113.2791105767774,36.1067096295282,31.044292251704736,-65.7324035714093,-3.6445473609812997,-14.207939852861418,49.24443916878069,85479.6,87999.6,86739.6,93248.35,0.0,1.0,79627.75,83622.9,76545.0,80405.075,1,0.2892487025860581,0.29515410469294256,0.286792305857518,0.29431908856119177,0.2944526715239583,0.2967149490189669,0.299861710583745,0.30441129814684603,0.29816979497696866,0.30052750454119487,0.3073982652424254,0.30752059843783813,0.2878535654629045,0.3115709760846473,0.2881112836865414,0.3150047004813072,0.29028643918638675,0.2972365628482815,0.2999953395780084,0.29862546447277305,0.3055081018197771,0.29052048474127623,0.29515410469294256,0.286792305857518,0.291439017163634,0.41472896012077093,0.40308493975950027,0.40811367660428105,0.34267596428590713,0.18126990636552726,0.49244439168780685,0.3426759642859071,-0.9818222357743465,-0.9622644759389914,-0.23040074439281621,-0.16042929492063862,-0.12089077083910735,-0.38502092216076367,0.866411661639348,0.8553199991892108,0.8487356415123702,0.3613797805809469,0.3467119078636606,0.8436422623015576,0.0,1.0,1
2025-03-12,82889.2,84489.8,80534.6,83649.9,43.83304544932821,41.634662738692064,41.765956404292595,-3418.9453591012134,-3054.54056979496,92517.21426760567,78009.40573239433,97849.63127605498,77678.19872394504,102611.95457316698,78900.4920934997,5528.165423334979,5094.663446958407,4809.31402949707,4589.165597776085,83220.742332814,84763.44406568533,87473.44914329222,91846.34083340816,85263.31,87763.91500000001,94665.976,38.37644555113238,26.404920583784527,-62.74190811149293,-78.17996180962466,36.23225155570771,31.309475684318322,-61.623554448867615,-11.255923793519397,-14.857292916708657,48.92284011410709,84663.3,87999.6,86331.45000000001,93248.35,0.0,0.0,80726.2,84489.8,80534.6,82890.875,1,0.294769329191073,0.2965825009692344,0.2920408042740199,0.2956351564991762,0.2951476120293927,0.2968892227810187,0.29987707199905894,0.30451762372065055,0.2974470944842587,0.30019208433721356,0.3073995502166779,0.3052108856640453,0.28902941635621293,0.31055672960008207,0.28862762631667543,0.3151008477367609,0.29010245436304966,0.2967770825453244,0.3004469591883462,0.2986288549154156,0.30596098779859665,0.2922656353669338,0.2965825009692344,0.2920408042740199,0.2947712439318808,0.4383304544932821,0.41634662738692063,0.4176595640429259,0.38376445551132377,0.26404920583784525,0.4892284011410709,0.3837644555113238,-0.9792636879735146,-0.9665084183567743,-0.12482930772699341,-0.11122358778211519,-0.358529488164866,-0.400709688551206,0.8617792165104502,0.8536145152480511,0.8478517647766445,0.3617175362975329,0.3475360552045137,0.8431671380350657,0.0,0.0,1
2025-03-13,83649.9,84343.2,79888.0,81072.3,37.806148099116506,38.512372166210405,39.499432686346246,-3507.464098459037,-3145.1252755277756,92388.27307560777,77119.74692439225,96711.27521514318,77303.94478485682,102464.62226762726,78069.40439903941,5374.884648572838,5048.9874864613785,4792.451456663875,4584.700077850214,82504.59488854266,84092.32696283344,86863.8158915501,91423.82942817647,84754.01000000001,87007.61,94214.01400000001,24.453782874303915,32.365941618008996,-77.7337181219767,-89.59348195784371,36.450902266949335,31.61452754389338,-75.54621712569609,-5.910732046427042,-15.723858193067652,47.456407946657336,84663.3,87999.6,86331.45000000001,91905.3,0.0,0.0,83269.54999999999,84343.2,79888.0,82238.34999999999,0,0.29572744874230583,0.29651012401339466,0.29137037163653334,0.2927626260506352,0.2944209281416202,0.2962276169815362,0.2993051457128178,0.30417123467463797,0.296971018767445,0.29946226272450926,0.30703598994670195,0.30517076225999235,0.28803837414609246,0.3095321990097008,0.28826356450860074,0.31505649949581577,0.2891939794180646,0.2968694322521642,0.3005394891886357,0.298721296422972,0.3046714687043387,0.2952954502470238,0.29651012401339466,0.29137037163653334,0.2941147450509667,0.37806148099116504,0.38512372166210407,0.3949943268634625,0.24453782874303914,0.32365941618009,0.47456407946657336,0.24453782874303912,-0.9815508869642653,-0.9702621244728011,-0.1542268729686879,-0.12729633985949926,-0.19451397015839808,-0.4212848519054194,0.8589678425234103,0.8527141044337896,0.8475005985557227,0.3623030802248423,0.34847578192898,0.8430698061769879,0.0,0.0,0
2025-03-14,81072.3,85299.9,80766.6,83948.3,47.24789015004503,43.59506014065093,43.115953569283604,-3307.4207848680526,-3177.584377395831,91878.74875924006,76966.91124075992,95107.46059482645,77647.14940517356,101871.92395984994,77736.7827068167,5254.658270205288,5012.152665999851,4780.1109111084525,4582.9867419218735,82985.82992569511,84066.14024231826,86586.14771140247,91130.67141138524,84422.82999999999,86377.30500000001,93815.73199999999,39.9882249361284,34.27281778718823,-45.89128207073977,-57.62964902232245,36.30220695284313,31.73022735404071,-60.0117750638716,-3.795319968691306,-13.055956020647418,50.16254552887191,84663.3,87999.6,86331.45000000001,91831.8,1.0,0.0,82361.1,85299.9,80766.6,82771.77500000001,1,0.292798003517387,0.2976156651894433,0.2924404694665493,0.29610050994062975,0.29500740478137394,0.2962335271937394,0.29903654891446024,0.3039010094060145,0.29663508116064746,0.29880721441613334,0.30666768704171865,0.3046795493763945,0.2878864165446656,0.307971894566177,0.28871709420270475,0.3145370609168431,0.2888260378209752,0.2969048902020883,0.3005750163184652,0.29875678959751906,0.30463086666517464,0.2942914318278387,0.2976156651894433,0.2924404694665493,0.2947626635812598,0.4724789015004503,0.4359506014065093,0.43115953569283605,0.39988224936128397,0.3427281778718823,0.501625455288719,0.39988224936128397,-0.975979084887707,-0.9715037447783121,-0.0915257029943672,-0.08214256882628179,-0.12584002648399134,-0.35663683141714275,0.8567060540966513,0.8519820270819309,0.8472428206664588,0.36190524925359796,0.3488299034839123,0.8430324366139492,1.0,0.0,1
2025-03-15,83948.3,84661.8,83591.8,84308.4,48.39234800887529,44.21682739279398,43.55950692377546,-3084.2743621415866,-3158.922374344982,90035.83992603631,77557.94007396369,93269.51154598896,78289.67845401104,101348.89060211692,77442.3293978831,4656.849945890247,4730.570332714146,4603.438962960431,4465.887183857811,83426.68661713008,84110.18747098766,86369.21935793557,90863.13135603679,83796.89,85779.595,93405.898,41.93327103712384,35.45842628251872,-24.426114545725294,-34.96131887020214,36.16413273260165,31.84014217368067,-58.06672896287616,-6.911286351219759,-12.418322380654596,49.98783528215582,83912.25,87999.6,85955.925,91831.8,0.0,0.0,82510.3,84661.8,82510.3,84127.57500000001,1,0.2985564553288557,0.29936021370271415,0.2981524243905105,0.29896291573442413,0.2979647424508388,0.29873938914052645,0.3012577954822357,0.30608663690731225,0.2983850577302968,0.3006065645072062,0.3087190415646266,0.30521502186445465,0.2910541889386712,0.30857959221171044,0.29194233784757784,0.31652222943030306,0.29091314184069156,0.29851567301477216,0.30303675713857775,0.30080176315298834,0.3070976409749986,0.2969166478675333,0.29936021370271415,0.2969166478675333,0.29875901726551723,0.48392348008875286,0.4421682739279398,0.4355950692377546,0.41933271037123837,0.35458426282518724,0.49987835282155824,0.41933271037123837,-0.9677892525509451,-0.9707962700556352,-0.048813403550234585,-0.04990325396588597,-0.2263853134044348,-0.340633678966171,0.8446309235646788,0.8462012420619409,0.8434776109119696,0.3615344122309704,0.3491651613858677,0.8404447065572663,0.0,0.0,1
2025-03-16,84308.4,85136.0,81934.4,82528.5,43.011355665504595,41.76611712129919,41.865281545838265,-3016.282442773081,-3130.394388030602,87802.92970356079,78316.63029643921,92467.72367477101,78196.49632522899,100710.46254726592,77085.98411940076,4448.957096477355,4621.358166091708,4536.684726628982,4423.744277729217,83127.29107808672,83822.60793080808,86003.43656194171,90536.28306756476,83059.78,85332.11,92962.28,33.484990934121285,38.46882896912451,-37.48563196893176,-51.71563130652059,36.346809661643924,32.09779998430608,-66.51500906587871,-8.199257838744561,-9.783423810262988,50.63255763692213,81715.65,87999.6,84857.625,91831.8,0.0,0.0,84128.35,85136.0,81934.4,83476.825,0,0.2998635757734244,0.3007919477265826,0.2971516658057705,0.29783725924541554,0.298523542539943,0.2993145901068893,0.30175584360675145,0.3066469579125064,0.2984464022522469,0.30101067948195487,0.3091696253302035,0.3037262935232886,0.29287212290034004,0.3086605005851536,0.29272682349852414,0.31682512351013936,0.29137359208163577,0.296898038862344,0.30393931312942063,0.3004806376264765,0.3080020115251654,0.29966045555995136,0.3007919477265826,0.2971516658057705,0.29892198219520816,0.43011355665504597,0.4176611712129919,0.4186528154583826,0.33484990934121284,0.3846882896912451,0.5063255763692213,0.33484990934121284,-0.9647865203583356,-0.9696812055230513,-0.0748311156000252,-0.07374535037722608,-0.26670079504837685,-0.27246669131094975,0.8400649733872765,0.8438660279413945,0.8420172188847237,0.36202474905716253,0.34994668144431385,0.8394967765428424,0.0,0.0,0
2025-03-17,82528.5,84728.5,82400.7,83955.1,48.378795887119296,44.42485952383681,43.70788429614574,-2814.835982381541,-3067.28270690079,86906.36795594846,78652.51204405152,92086.04367371103,78107.15632628898,99935.77156623338,76955.42176709995,4145.934654123447,4457.532582799444,4431.499739646651,4353.879468471577,83403.22738539116,83846.69739793388,85808.35688937583,90278.19745707203,82779.43999999999,85096.6,92590.30799999999,45.638249387186995,40.352170452810704,-18.999306779088457,-34.21047780099866,36.51643823861175,32.342574904400216,-54.361750612813005,-3.2312684059775054,-5.3123375209918615,58.05025114272819,81515.0,87999.6,84757.3,91483.05,0.0,0.0,83418.45,84728.5,82400.7,83403.20000000001,1,0.2993487964312019,0.3018494274135389,0.29920159272081687,0.3009774515686815,0.3003505569366673,0.30085462239393773,0.3030543394260434,0.30789292186471384,0.2996372073912222,0.30226178906370893,0.31030681464944126,0.304264800721154,0.2947850331519336,0.3097852976875658,0.2941258608890722,0.31761048545350634,0.2927193136864036,0.2981754195949982,0.30545561034212365,0.3018817518145134,0.3091580816266238,0.3003679017364524,0.3018494274135389,0.29920159272081687,0.3003505257307668,0.48378795887119297,0.44424859523836807,0.43707884296145744,0.45638249387186997,0.40352170452810704,0.5805025114272819,0.45638249387186997,-0.9541848964074782,-0.9670633263881084,-0.0379803354500515,-0.04883323820988654,-0.1072943523830373,-0.1506261615228924,0.8330124702737001,0.8402574973566498,0.8396718979211,0.36247791899573906,0.3506835106026104,0.8379052212318427,0.0,0.0,1
2025-03-18,83955.1,83975.1,81093.6,82675.7,44.0390186328753,42.54867576794804,42.44117497580411,-2726.9900549251324,-2999.2241765056588,85877.56275981318,78979.01724018683,92079.93145930063,77959.97854069938,99310.33287302736,76688.56712697263,3965.3011321058116,4344.958826885198,4357.690228234906,4304.800152855857,83160.71825692744,83633.78878012771,85510.00861419718,89980.06030189274,82428.29000000001,85019.955,92203.338,37.75852087259645,38.960587064634915,-44.40428651384154,-58.625763497429226,36.92426184427085,32.69783219668072,-62.24147912740356,-4.074270889412814,-1.8203603907439483,51.702092137001046,80922.45,87999.6,84461.025,91483.05,0.0,1.0,83241.8,83975.1,81093.6,82924.875,0,0.30205551578552453,0.3020781735658674,0.29875966523446235,0.3005953242656938,0.3011513925677415,0.30169080031298473,0.3038019155330039,0.30865899154398757,0.3003104758933217,0.30325479481224693,0.31098966232780045,0.3042103160129208,0.29625235466077393,0.3108617088604829,0.29502123389684304,0.3180952676135055,0.2934636551184119,0.29855905054716936,0.30653610979665064,0.302627100934007,0.31024051371057537,0.3012440510070994,0.3020781735658674,0.29875966523446235,0.3008813869706801,0.440390186328753,0.4254867576794804,0.4244117497580411,0.3775852087259645,0.38960587064634916,0.5170209213700104,0.3775852087259644,-0.9486379696415345,-0.9639910201367093,-0.08857583061976501,-0.08355582166310711,-0.13498018591542016,-0.05196345038537498,0.8285589234615331,0.8377001686976099,0.8379926884843908,0.3635591061479479,0.3517433508781287,0.8367718265527218,0.0,1.0,0
2025-03-19,82675.7,86970.0,82475.5,86792.3,58.1361479634705,49.88287148143796,47.5743129128946,-2298.6983447535895,-2859.1190101552447,87139.68627097759,78936.8937290224,92224.90652452568,78025.63347547433,98646.51590345537,76756.20409654464,4040.90097037641,4355.640339250541,4364.204979271339,4311.123481093995,84371.2455046183,84208.06354737721,85632.13160332126,89855.05009397538,83038.29,85125.27,91913.62400000001,63.112351107990584,48.836373789258005,51.19189694570827,13.947413181685057,36.046686361402784,32.43650832167458,-36.88764889200941,7.559581273553982,2.4871879649528883,54.200299303817026,81757.5,86800.5,84279.0,91483.05,0.0,0.0,83315.4,86970.0,82475.5,84728.375,1,0.30045581143291145,0.30527454749383454,0.30022539638150586,0.30507968443203526,0.3023862559643334,0.3022020792482377,0.30379804338052735,0.3083862486918913,0.30087177833587775,0.3032329146645935,0.3105488036296874,0.30546026907708435,0.29606257726661994,0.3108717767979542,0.29496190909489634,0.31731190969097217,0.2934081475460538,0.2993946386902456,0.30508868478644313,0.3022821839657276,0.3101003324899611,0.30118851929636187,0.30527454749383454,0.30022539638150586,0.3027881535824187,0.581361479634705,0.49882871481437957,0.475743129128946,0.6311235110799058,0.48836373789258003,0.5420029930381702,0.6311235110799059,-0.9108455726459177,-0.9567548955800718,0.10202754353141562,0.019922239662694668,0.24678466168812105,0.0709431353426447,0.8304470397509155,0.837945647491366,0.8381420426912557,0.3612178910803178,0.35096483665468825,0.836918574879616,0.0,0.0,1
2025-03-20,86792.3,87400.0,83605.8,84168.9,48.96535473881387,45.8645888174438,44.89522880808483,-2146.220243112024,-2716.539256746601,86438.79588969689,80758.92411030311,92221.42293927535,78015.24706072464,97927.21408674662,76712.17924658675,4005.657974608351,4315.537457875502,4337.061885020322,4293.892698390862,84303.79700307887,84200.94290239952,85492.77621252876,89632.06381578028,83598.86,85118.33499999999,91523.00200000001,51.741830398045366,50.87090079287747,66.13710672953445,1.696021747346396,35.06476268667724,32.10658151933928,-48.258169601954634,7.135274530569016,-0.16451660348534608,52.90069653510348,83644.0,86591.0,85117.5,91483.05,1.0,0.0,84734.0,87400.0,83605.8,85491.75,0,0.3054612520328025,0.3061262065740744,0.3019002598234732,0.3025388331711104,0.3026912071253102,0.30257504851040684,0.3040242800766322,0.3085313064802449,0.30189236414856185,0.3036063737562607,0.310524531285994,0.3050723985174385,0.29860787273234407,0.3112507996609012,0.2953288445284419,0.31699444703490276,0.2937330403732802,0.30194370901042006,0.3052400080020018,0.3036054398751569,0.3104828263949371,0.3031756011324008,0.3061262065740744,0.3019002598234732,0.30402313712478224,0.4896535473881387,0.458645888174438,0.4489522880808483,0.5174183039804536,0.5087090079287747,0.5290069653510348,0.5174183039804536,-0.8918331883264781,-0.9479360225101877,0.13150813068203063,0.0024228834694086064,0.2334568531581363,-0.004700439767454652,0.8295712750019822,0.8370208845473093,0.8375182957080435,0.35853162857780807,0.34997321000597476,0.8365181851193789,1.0,0.0,0
2025-03-21,84168.9,84800.0,83136.3,84054.6,48.57585283132567,45.69188794130165,44.779865520696085,-2011.4169413345808,-2575.514793664197,86524.76687244447,80906.03312755552,92124.5739058682,77915.11609413181,96986.39113721963,76815.54886278034,3671.0925496643003,4126.12049659868,4209.758938114592,4206.2196084445,84220.73133538592,84174.33510196324,85355.80704943078,89413.33974457321,83715.4,85019.845,91110.40199999999,69.18102257024418,61.34506802542671,38.46489606918456,-24.584906334704726,34.272773493143916,31.846968261009476,-30.81897742975582,1.4059732751673424,-2.289815447710171,51.691509161830645,83644.0,86540.65,85092.325,91483.05,0.0,0.0,85480.6,85480.6,83136.3,84039.95000000001,0,0.3045026188583139,0.3052141961479231,0.3033273106865387,0.3043732001041687,0.304561250905675,0.30450876870553767,0.3058367131474139,0.3102675040047523,0.3039881442261687,0.3054608911981057,0.3120639919919628,0.30713346467793073,0.3007406716609534,0.31312237451412955,0.29716335682193157,0.3180461448788211,0.29581535760727445,0.30390690253893915,0.3071509688825079,0.30554209009197275,0.31245418778166484,0.30597595306257175,0.30597595306257175,0.3033273106865387,0.3043566001948975,0.48575852831325667,0.4569188794130165,0.4477986552069608,0.6918102257024418,0.6134506802542671,0.5169150916183064,0.6918102257024418,-0.8718989481803913,-0.9375019689786058,0.0767783887583518,-0.035106861117132286,0.046831493945862696,-0.0653301162635626,0.8208516955579706,0.8325335226466815,0.834539818076569,0.3563111377196681,0.34918594502913713,0.8344557282951784,0.0,0.0,0
2025-03-22,84054.6,84500.0,83616.0,83805.9,47.61438402526014,45.29226052840044,44.518512853788074,-1902.7190047131298,-2440.9556358739837,86540.47126413288,80921.52873586712,90207.15516548851,78787.15483451149,95633.87822521881,77205.34177478122,3272.9364711408293,3894.5404611273457,4051.3894648710398,4095.4789548296835,84082.45422359061,84107.34690160627,85208.19685424688,89193.44014674681,83731.0,84497.155,90738.96800000001,66.8899124827268,62.60425515033879,50.540780104950905,-17.781488252772657,33.537354956291544,31.600335665596162,-33.1100875172732,0.18649155587753244,-11.09042358505279,50.16319596076327,84083.3,85801.85,84942.57500000001,91483.05,0.0,0.0,84111.75,84500.0,83616.0,83994.125,0,0.3069157133178701,0.3074197157359213,0.3064169108341536,0.3066331820984324,0.30694730696369565,0.3069755330336107,0.3082158978158952,0.3125817663119782,0.3065479366451199,0.3074165044595512,0.3142249036410495,0.30969672645258167,0.3032967655601661,0.31366254513046743,0.30075418850005387,0.31925764174383503,0.29882724402259636,0.30694826612924053,0.3088784558391957,0.30791801795232204,0.31500645309579645,0.3069805249241232,0.3074197157359213,0.3064169108341536,0.30684708518443826,0.47614384025260137,0.4529226052840044,0.4451851285378807,0.668899124827268,0.6260425515033878,0.5016319596076326,0.668899124827268,-0.8533849728971583,-0.9256766494194045,0.10073869509457825,-0.02539666375880816,0.006216305122975858,-0.3066733392340924,0.809374835369298,0.8267587706349586,0.8307061977450312,0.3542041490640037,0.3484322584810333,0.8317883092214757,0.0,0.0,0
2025-03-23,83805.9,86088.0,83753.2,86037.8,56.60689931710701,49.55616888389408,47.41072143391949,-1617.8300913519925,-2276.3305269695857,86719.1232768651,81735.97672313491,90193.5964254497,78787.9635745503,94549.29844086325,77612.54822580343,3138.9169752635685,3783.1304281896782,3969.6471094009903,4036.789656335361,84734.23614906041,84458.33837404149,85287.20667765194,89069.68955275675,84227.55,84490.78,90448.194,87.45094426531554,74.5072931060955,109.46571218853872,30.762860938254928,32.163191432371306,31.038682228133336,-12.549055734684451,6.124779980338537,-0.14797139915952245,58.93633003336167,84246.8,85801.85,85024.32500000001,91271.5,0.0,0.0,83930.25,86088.0,83753.2,84921.22499999999,1,0.30800978606828466,0.31057455251333366,0.3079497744556533,0.3105188364487278,0.3090610574221235,0.3087497763435567,0.30968204311721304,0.3138294039385322,0.3084886435078359,0.30878642884828705,0.3152991182206933,0.3112723890752326,0.30562518113858356,0.3150292962879406,0.30212772322190207,0.3195480420746181,0.3006983973604238,0.3085104506172721,0.3102565431908334,0.3093873079047344,0.31616670551697956,0.30815124583984843,0.31057455251333366,0.3079497744556533,0.30927147764320556,0.5660689931710701,0.4955616888389408,0.4741072143391949,0.8745094426531554,0.7450729310609551,0.5893633003336167,0.8745094426531554,-0.7926620288738635,-0.9082703936228232,0.21549934546269472,0.043918673962571826,0.20136931580763884,-0.004227729073053171,0.8051951637553867,0.8238571397915402,0.828668436024732,0.3501440569073003,0.3466943992394706,0.8303452706464822,0.0,0.0,1
2025-03-24,86037.8,88740.0,85488.4,87459.9,61.51749982071742,52.11699772453366,49.18301284537362,-1262.745841951095,-2073.6135899658875,87719.20779423392,81438.21220576609,90223.62104160318,78777.9189583968,93325.8520531025,78229.69461356416,3155.014550225917,3745.163969033273,3935.4543899057053,4010.616667790849,85642.79076604027,85004.07685148848,85494.12985120888,89006.56055068786,84578.71,84500.76999999999,90244.478,89.50307503075027,81.28131059293086,190.3588229055988,90.48056533414712,29.882090557762826,30.004715759844885,-10.49692496924974,4.183050758621665,0.22897062918789726,60.46848258069932,84916.8,85801.85,85359.32500000001,89640.0,1.0,0.0,84921.85,88740.0,84921.85,86931.525,1,0.31114024766688664,0.3140969338188131,0.3105282626281749,0.3127071686160162,0.31070061955277145,0.30998564398409345,0.31053466456197654,0.3143839165385394,0.3095066371864228,0.30941861946637655,0.31570598677112366,0.31299025538955066,0.30589726920808813,0.3156838561197824,0.3027344581197366,0.3189228713980593,0.3020700574748977,0.3098875481950804,0.31087787807214595,0.31038393907018524,0.31506260016953413,0.30989322682244336,0.3140969338188131,0.30989322682244336,0.31212784864714976,0.6151749982071741,0.5211699772453366,0.4918301284537362,0.8950307503075027,0.8128131059293087,0.6046848258069932,0.8950307503075027,-0.6867774313958255,-0.8814895730063125,0.3633305399796057,0.12854286490491115,0.13853836008391274,0.006541924649968014,0.8057065292292881,0.82284876538115,0.8278035696098793,0.3430176422274492,0.34341393142011956,0.8296949598103929,1.0,0.0,1
2025-03-25,87459.9,88500.0,86261.0,87362.4,60.965650640220844,51.92237827994643,49.06398064044196,-977.933443224465,-1854.477560617603,88428.11829056422,81340.10170943578,89529.36238013486,79151.63761986514,91984.84448186145,78977.35551813856,3024.1553287650718,3637.580828388039,3854.6708475292435,3951.5627788644874,86215.99384402685,85432.86287849057,85672.06034156994,88942.08366634717,84884.11,84340.5,89965.83,84.43741527338447,87.13047818981676,161.24590207015314,104.23150448628172,27.76392545991209,29.022447614970854,-15.562584726615519,3.6224148483425145,-3.5392269658752986,58.7321609596644,84916.8,85801.85,85359.32500000001,89501.4,0.0,0.0,86748.85,88500.0,86261.0,87395.82500000001,0,0.31412597430450734,0.31525737208472926,0.3128057553411058,0.31401925679767356,0.31275585388072713,0.31188353164669985,0.31215077952418663,0.31573441112615747,0.31126771489258287,0.3106539073428617,0.31683044547869277,0.3151795911732739,0.3071965588886208,0.3163646265600383,0.3045972072852968,0.3189574406713503,0.3043872693924284,0.3113045064041163,0.3122954911149755,0.31180122631789436,0.31633470969407895,0.3133450767258691,0.31525737208472926,0.3128057553411058,0.31405585457850793,0.6096565064022085,0.5192237827994642,0.4906398064044196,0.8443741527338448,0.8713047818981675,0.587321609596644,0.8443741527338449,-0.572985010732126,-0.8444023043455813,0.31175828315689247,0.14781134360867068,0.12016373761907329,-0.10077750726821329,0.8014717717498749,0.8199349002295939,0.8257300290969034,0.3359122013800097,0.3401945355692185,0.8282119452288162,0.0,0.0,0
2025-03-26,87362.4,88284.0,85800.1,86860.8,57.85084376490092,50.86991857498677,48.43082075826316,-783.6589605386398,-1640.3138406018106,88656.89143478699,81977.788565213,88870.6122852248,79506.5077147752,91464.15526030463,79190.21807302872,2946.9759960843467,3555.1750549317503,3789.3960452659458,3902.640686235671,86430.92922935123,85692.4878096741,85785.2736423728,88860.46469903944,85317.34,84188.56,89748.92599999999,78.77089923181205,84.23712984531561,113.51251680678408,106.69809714064846,25.969613965446136,28.159924255553836,-21.229100768187948,5.249459277704069,-3.3802152623593464,51.053290209913726,84916.8,85801.85,85359.32500000001,89501.4,0.0,0.0,87411.15,88284.0,85800.1,87076.825,0,0.3152114385275661,0.31621618020787884,0.3134847899471401,0.31466031458713606,0.3141855728157639,0.313364752599526,0.3134682602592812,0.3168395566418118,0.3129451590184351,0.3116719226208324,0.3177927734872196,0.3166198604958116,0.3091302548226075,0.3168504952915572,0.30621045733642827,0.31960770439533787,0.3058305339618225,0.31249521296417215,0.31348674081610634,0.3129922057944567,0.3175281183422022,0.3152648401194068,0.31621618020787884,0.3134847899471401,0.3148980406211785,0.5785084376490093,0.5086991857498677,0.4843082075826316,0.7877089923181205,0.8423712984531561,0.5105329020991373,0.7877089923181205,-0.47958048095400274,-0.7981674812259931,0.22320348221822917,0.15125625232322892,0.1732176746136465,-0.09627842791800226,0.7988874110835218,0.8176440823468184,0.8240225790048644,0.3294710823569264,0.3372795309590919,0.8269664905960112,0.0,0.0,0
2025-03-27,86860.8,87727.9,85695.4,87181.7,59.399092148130684,51.546581214401904,48.87401467299069,-596.9201611632598,-1431.6351047141004,89014.05127998786,82265.94872001214,88941.59930006448,79477.84069993552,91329.6280945547,79225.83857211197,2816.336568072297,3446.4125510080535,3705.7343288247102,3840.302663361149,86681.18615290083,85963.25366246063,85918.2666288135,88794.63078927319,85640.0,84209.72,89561.19,80.45626708806776,81.22152719775477,93.41351452620118,105.99271033873548,24.344416744132243,27.357087895841442,-19.543732911932224,3.84324478203229,0.48779082164859594,59.20225504909245,85607.75,85801.85,85704.8,89114.85,0.0,0.0,87111.6,87727.9,85695.4,86866.45,1,0.3162018332228613,0.3171532896842349,0.31490862760989385,0.31655500827231775,0.3160036085926475,0.31520733951841756,0.31515723203118046,0.31831151395419416,0.31484673370083527,0.3132353910256885,0.31913561444362853,0.31854809968498377,0.3110030832799412,0.3184700416749811,0.30771151508614975,0.321011285644465,0.3074085990732284,0.31481068575271626,0.31502744811070854,0.31491912566410074,0.31865659653397815,0.3164779642551092,0.3171532896842349,0.31490862760989385,0.31620806228057396,0.5939909214813068,0.515465812144019,0.4887401467299069,0.8045626708806776,0.8122152719775477,0.5920225504909244,0.8045626708806778,-0.3781907734167316,-0.7417790742107182,0.18468326346800107,0.15027146163666955,0.12741190548034434,0.013935978337672787,0.7943547238223461,0.814537924343074,0.8217906533149186,0.3232558458999515,0.334487701288814,0.8253566823304803,0.0,0.0,1
2025-03-28,87181.7,87479.4,83545.0,84375.0,43.204939774111466,45.62740287869992,45.298771621825786,-667.708621354468,-1278.849808042174,88707.16616993638,82912.69383006361,88764.66907158426,79473.55092841577,91331.54900777484,79235.01099222516,2976.0599154905394,3481.2687973646207,3716.6231703092476,3843.43924124911,85912.45743526722,85674.48026928597,85771.28885464078,88621.31193479188,85809.93,84119.11000000002,89318.69,42.91431261770241,67.38049297919407,3.329122530571717,41.06532227795933,23.63194899538613,26.924311912784617,-57.08568738229759,2.055380238691663,-2.1026324094529083,52.3305004640826,85938.15,85479.6,85708.875,88332.5,0.0,0.0,87021.25,87479.4,83545.0,85645.275,0,0.3164768122264474,0.31680333108009234,0.312399539828569,0.31334484013553404,0.3150726124842043,0.31480712217354456,0.3149152081043597,0.31804599020270324,0.3149583180012478,0.3130543545591489,0.31879736990012125,0.31813879789487604,0.3116733513057134,0.3182009099093095,0.3076284890497251,0.3209349577302286,0.30734177434285204,0.3151012333204345,0.31458918513296885,0.3148455369680265,0.3177331532330386,0.31630038670231925,0.31680333108009234,0.312399539828569,0.31477449179674455,0.43204939774111467,0.4562740287869992,0.45298771621825784,0.42914312617702405,0.6738049297919407,0.523305004640826,0.42914312617702405,-0.4178951441252803,-0.692407911771214,0.006658146671277027,0.058597539361441006,0.06840567632615556,-0.06000304477626519,0.7998691486943763,0.815543931360501,0.8220839810350131,0.32040443399553153,0.3329497704106815,0.8254383030276369,0.0,0.0,0
2025-03-29,84375.0,84573.8,81602.9,82603.9,35.98278119642467,42.32457503996873,43.204684334829835,-856.8447810899961,-1194.4488026517383,88770.09882798309,82012.0811720169,88648.11349156707,79781.26650843293,91335.30911377401,79092.44421955931,2975.322784706178,3444.813883267149,3681.112543151665,3814.35459987414,84809.60495684482,85116.1929475976,85469.63277324641,88385.3349961726,85391.09,84214.69,89041.95599999999,19.751778614772828,47.707452773514326,-100.7838129079059,-50.14302575388522,23.586813459536504,26.783948527869832,-80.24822138522717,-4.825773714949378,2.368999272545201,50.82231397289278,85171.45,84663.3,84917.375,88332.5,0.0,0.0,85778.35,85778.35,81602.9,83288.9,0,0.31407147835019184,0.3142966486846209,0.3108776648801388,0.3120427457504741,0.3145630768863909,0.3149084224374101,0.31530506829930816,0.31851852878397346,0.31521705997584853,0.3138895336214325,0.31922817749437077,0.3189349761929218,0.31135555921876057,0.31880313357367207,0.30872196635516785,0.3216679583380104,0.30789455949956623,0.3149705382053113,0.3143978553656005,0.3146846067419393,0.3184612073973972,0.31565024187096297,0.31565024187096297,0.3108776648801388,0.31283227733246965,0.3598278119642467,0.42324575039968726,0.43204684334829835,0.19751778614772827,0.47707452773514325,0.5082231397289277,0.1975177861477283,-0.5162619161880466,-0.6619627324824596,-0.19888140878155852,-0.07151062228272921,-0.15948589020188098,0.06758251854883322,0.7998443852674222,0.8144915406130513,0.8211241927092241,0.32022102609882397,0.3324458462858349,0.8246788888252066,0.0,0.0,0
2025-03-30,82603.9,83496.8,81510.0,82347.9,34.99627656652777,41.85298117046976,42.903668759819254,-1015.6854215541243,-1158.6961264322156,89002.6639200395,81415.31607996051,88121.60135109336,80686.24864890665,91348.59618001043,78948.51048665623,2834.105244033867,3340.6700344623528,3600.4309934777757,3753.4361132116687,83989.03663789656,84612.86695712531,85172.3248900801,88148.57283945996,85208.99,84403.925,88760.77799999999,16.40379786566213,26.356629699379123,-116.26223398672376,-79.71796398001575,23.57330956309255,26.663286692172516,-83.59620213433787,-2.163506948528495,4.8173954217750765,47.0918048827993,85125.0,84663.3,84894.15,88332.5,0.0,0.0,83489.45,83496.8,81510.0,82489.65,0,0.31358220415720756,0.31461085499524255,0.3123073994815787,0.3132853212173984,0.31517343607573917,0.3158818992691167,0.3165130158313258,0.3198051172030819,0.3165542384791401,0.31564516947351756,0.3204690581506665,0.32073017505823964,0.3121962890971831,0.31977576480126013,0.3113365772401421,0.323227862209337,0.3092571422545447,0.31645978323955903,0.3159389556976925,0.316199708544903,0.3200050511952169,0.31460243059442883,0.31461085499524255,0.3123073994815787,0.3134498174397098,0.3499627656652777,0.4185298117046976,0.4290366875981925,0.1640379786566213,0.26356629699379125,0.47091804882799304,0.16403797865662129,-0.5896462614575677,-0.6483599885070784,-0.22842247699560894,-0.11339301989129219,-0.07199213484295214,0.13677722210093166,0.7949834338588809,0.8114225971325311,0.8189086543650997,0.32016608768145105,0.33201061439126,0.8230693383337545,0.0,0.0,0
2025-03-31,82347.9,83895.7,81212.3,82504.4,36.24295302831998,42.27641727253015,43.157878440737896,-1116.074123666418,-1150.171725879056,89139.15216587557,80968.78783412444,88137.33705169341,80632.03294830659,91293.43910495071,78769.00089504929,2812.5759234575994,3293.7221748578986,3556.762850931215,3717.7682427712793,83494.1577585977,84229.50932855708,84918.23680531056,87927.23272810859,85053.97,84384.685,88482.29400000001,18.450512659552068,18.202029713329008,-101.58368529585353,-82.58034410659646,23.3551647159941,26.456098495620843,-81.54948734044793,-1.8442774101596004,-0.4642341824990504,45.881316378862664,84976.15,84663.3,84819.725,87999.6,0.0,1.0,82475.9,83895.7,81212.3,82490.07499999998,1,0.31419870355763724,0.3159811179674779,0.3128704637796151,0.3143803763283173,0.3155217534120755,0.3163613962914068,0.31714145990666115,0.3204798874504434,0.3172944782796545,0.3165376825156592,0.32108372521333106,0.32179362647190146,0.3125833311543131,0.3207088839558684,0.3121848898523654,0.32408713032103686,0.30995143528790153,0.31720677679810694,0.31685342330450944,0.31703025612459135,0.32055882106802175,0.31434731671982596,0.3159811179674779,0.3128704637796151,0.31436376089123697,0.3624295302831998,0.42276417272530153,0.43157878440737896,0.18450512659552068,0.18202029713329007,0.45881316378862663,0.18450512659552076,-0.6315854922253666,-0.6450538473066035,-0.20041738755241326,-0.11742766335916482,-0.06139858550788264,-0.013263056008148399,0.7942211523921567,0.8100077126191394,0.8176887213652311,0.3192743930364115,0.3312588310697895,0.8221147774901075,0.0,1.0,1
2025-04-01,82504.4,85555.0,82375.6,85130.5,53.646616405220335,48.989221509521,47.2925596030502,-972.5179885844118,-1114.6409784201273,89186.15523661162,81186.70476338839,88208.8805778217,80708.54942217829,89970.09745337258,79483.72921329408,2864.9793629636556,3285.5563052251914,3538.7931913630614,3699.822634678903,84039.60517239847,84393.32581427397,84938.45234766194,87817.55693484943,85186.43000000001,84458.715,88237.22,52.05042708928356,28.968245871499253,-30.04751634321375,-3.0620558135031217,22.3381500074164,25.884447823366493,-47.94957291071644,1.5805569774920452,1.7699961386684333,50.27327731312106,84976.15,83912.25,84444.2,87999.6,0.0,0.0,82426.15,85555.0,82375.6,83891.375,1,0.31484342810231275,0.31832105723944415,0.31469390373593076,0.3178443180893467,0.31660864923286347,0.31701098778305176,0.3176278879942397,0.3208244012967702,0.3179072610104128,0.31708518757106974,0.32128191416796015,0.3223087814623297,0.3133030510906286,0.32125108460236734,0.31273817097409584,0.3231492232170645,0.3112764752220246,0.3176704087204787,0.3164633921983123,0.31706872155944676,0.3210231201073449,0.314752614063304,0.31832105723944415,0.31469390373593076,0.31643956273432267,0.5364661640522034,0.48989221509521,0.472925596030502,0.5205042708928356,0.28968245871499254,0.5027327731312107,0.5205042708928356,-0.5705549965372432,-0.6310108367844046,-0.06002279437774878,-0.004374337546807662,0.05263653991974204,0.05052825095957604,0.7960665407721458,0.809759557983291,0.8171823583902367,0.3150089360967012,0.32915479715856505,0.8216310407616844,0.0,0.0,1
2025-04-02,85130.5,88560.1,82281.9,82468.1,40.55334893199726,43.46989571645662,43.893757703115234,-1061.3475922827492,-1103.9823011926517,89090.19778700212,80568.72221299786,88070.14411062078,80986.8658893792,89879.53012212431,79327.81654454237,3352.5823111117065,3499.3165691376785,3669.2411346314875,3785.768546856273,83515.77011493233,84043.28475713324,84703.18069550366,87607.77430995338,84829.45999999999,84528.50499999999,87971.61,16.68238638628005,29.06110871170523,-22.50373523931496,-5.913722815002361,21.305515181324633,24.740620283897652,-83.31761361371994,-4.148990327507208,1.7216731238659848,39.22576427244916,84886.20000000001,82642.5,83764.35,87999.6,1.0,0.0,83817.45,88560.1,82281.9,84610.15,0,0.3156446207089074,0.3194292051773891,0.31238849134565017,0.31260459906567994,0.3138119170716099,0.3144143432173184,0.31516287599333537,0.31839259119176344,0.31530548056367685,0.314965282590251,0.31878989868643876,0.3200015990689227,0.3103779130203998,0.31889722655952807,0.3108723866630855,0.32084788586354895,0.3088959250371731,0.3153694897001147,0.31280658875868583,0.31409624958124266,0.3188203983936298,0.3141568821703875,0.3194292051773891,0.31238849134565017,0.31505768813272955,0.40553348931997263,0.4346989571645662,0.4389375770311523,0.16682386386280051,0.2906110871170523,0.3922576427244916,0.16682386386280057,-0.6091476759044331,-0.6267152069712604,-0.04497710495240522,-0.008447974468948748,-0.13742462826971552,0.04915102315298517,0.8117784400075818,0.8160608691712353,0.8208012643149447,0.31048339654363194,0.3248070299931149,0.823926830822475,1.0,0.0,0
2025-04-03,82468.1,83888.0,81146.0,83175.2,44.732873761597624,45.23464736615739,44.99611711115779,-1062.441468772522,-1095.6741347086258,88369.17408690775,80432.80591309223,88072.61291009869,80907.08708990132,89672.47821952605,79262.54178047394,3265.3562666671774,3445.2225284849874,3625.086794887131,3750.9762619610638,83402.24674328823,83885.45116492719,84557.6587245033,87433.94786642579,84400.98999999999,84489.85,87678.552,26.72109560179085,31.817969692451488,-89.10600400083713,-90.28907104239723,19.887131886469323,23.847503344380893,-73.27890439820915,-4.8990451624115705,-0.920923949621381,41.45668719934868,84853.05,82642.5,83747.775,87999.6,0.0,1.0,83799.3,83888.0,81146.0,82669.325,1,0.3134875312905234,0.3151209690862018,0.31194223347704314,0.31430430670966447,0.31456516109334104,0.31511806070884896,0.3158821751671231,0.31908734351824164,0.31570460718360704,0.31580535960806316,0.3193552349985244,0.3201077564425566,0.3110986149325266,0.31978530846522013,0.31166042166094005,0.32151262897316624,0.30969873198925957,0.3162161157092188,0.31368960241083715,0.31496083793462615,0.3197057625075675,0.31501970715797106,0.3151209690862018,0.31194223347704314,0.3137206473895417,0.44732873761597625,0.4523464736615739,0.44996117111157785,0.2672109560179085,0.31817969692451487,0.4145668719934868,0.2672109560179085,-0.6096061266393146,-0.6233402249723302,-0.176349028759213,-0.12827381233588894,-0.1618652164395676,-0.026306042329572676,0.8091430351067821,0.814503399088367,0.8195909327842197,0.30391332701381746,0.32127572784562874,0.8230037983336661,0.0,1.0,1
2025-04-04,83175.2,84736.0,81605.0,83862.1,48.81165204368158,46.96665651023526,46.0767789965277,-996.3954578311968,-1075.8183993331402,87495.4602890968,80606.45971090319,88060.08665934727,80874.98334065273,88932.15345856216,79555.81987477117,3246.162514286152,3422.778062164631,3601.558852273458,3730.3103865623616,83555.53116219216,83881.20549857678,84491.41503645536,87293.87540107575,84050.95999999999,84467.535,87424.38,35.766394521991124,26.38995883668734,-56.20880988972625,-53.407046834141205,18.892105637568417,22.836562271658458,-64.23360547800888,-4.006643590377541,-0.5293659943730261,46.49293470005006,84853.05,82642.5,83747.775,87999.6,0.0,0.0,82821.65,84736.0,81605.0,83344.57500000001,1,0.3148329997174112,0.31661303621918696,0.31300968803863316,0.3156202911016869,0.3152696824371329,0.315642100542901,0.316336180892056,0.3194633805341036,0.31583567127980183,0.31630910902413156,0.319606651394028,0.31968459866127547,0.3118326507623664,0.32030162410624213,0.31215053945130133,0.32124720260554296,0.3105790588094911,0.3167452590203274,0.314218148793404,0.31548968655207843,0.3202357058845655,0.3144253487952229,0.31661303621918696,0.31300968803863316,0.315027705624081,0.48811652043681586,0.4696665651023526,0.460767789965277,0.35766394521991124,0.26389958836687344,0.4649293470005006,0.3576639452199112,-0.5811938496181213,-0.6151795463845953,-0.11194643400833376,-0.07614808465834247,-0.1327663442657892,-0.01512358950072826,0.8085536821446647,0.8138499916867797,0.8189399664249178,0.2990322951393811,0.3171220631785001,0.8224514761013266,0.0,0.0,1
2025-04-05,83862.1,84244.0,82343.0,83496.7,46.673891562215815,46.13086945172712,45.57662587725501,-962.4437916198222,-1053.1434777904767,86608.80237634662,80820.29762365339,88027.8655694148,81004.02443058518,88226.5502042171,79834.56312911624,3053.996440816702,3314.079629152872,3520.5798593080553,3669.3333736769496,83535.92077479477,83811.29540792645,84396.68027107866,87144.96656181788,83714.55,84515.94499999999,87145.31199999999,30.954701079799804,31.147397067860595,-54.69680597688954,-56.040938282317455,17.968152692160434,21.87616825257215,-69.04529892020018,-3.872978374594761,1.173170480500672,48.48812408123634,84853.05,82642.5,83747.775,87999.6,0.0,0.0,83518.65,84244.0,82343.0,83486.45,0,0.317198796389147,0.3176341477652659,0.3154480693775226,0.31678047259812436,0.31682545795782835,0.31714073799834236,0.3178076684788892,0.32088067579659596,0.31703008613810485,0.3179430033700651,0.32088105617449386,0.3202885298573156,0.3136618813225177,0.3218481829401336,0.31387910008942976,0.32206462324348045,0.312488329195447,0.31832454359940343,0.3157956704217822,0.3170681007970241,0.321817353288789,0.3168056512553477,0.3176341477652659,0.3154480693775226,0.31676871273902807,0.46673891562215813,0.46130869451727124,0.4557662587725501,0.30954701079799807,0.31147397067860594,0.48488124081236345,0.3095470107979982,-0.5660078316145352,-0.6056962857596428,-0.10895932094832533,-0.07988787939856233,-0.12838681216799674,0.03350660892235217,0.8024533706569568,0.8106236923192061,0.8166664991567989,0.29427613987180734,0.3130095681008193,0.8208037774437293,0.0,0.0,0
2025-04-06,83496.7,83774.3,77083.5,78376.1,27.198672695497123,36.36472227172947,39.29964126968381,-1333.3563745981664,-1109.1860571520147,86278.74265811469,79389.23734188532,88652.75807990802,79821.23192009197,88285.99745511405,79216.2892115526,3573.5398064143164,3555.273941356238,3671.5427231505287,3770.048927887718,81815.98051652985,82823.07806103073,83823.29167383307,86801.08944174659,82833.99,84236.995,86762.156,11.089091922961488,25.936729174917474,-166.84176066844097,-199.27979560859362,18.133133314446344,21.796614331119866,-88.91090807703851,-10.10028480747679,-6.64521869427825,42.71606296502332,82821.8,82911.75,82866.775,87999.6,0.0,0.0,83679.4,83774.3,77083.5,80682.65,0,0.31418815278539414,0.3145057530255971,0.30655515006764616,0.3081411985248563,0.312243408280763,0.3134132467799526,0.314561699492908,0.31790476216607655,0.3134258473775732,0.31503288763146364,0.31786176633658225,0.3173263672569676,0.3093669900743163,0.3199285797683792,0.3098851238979387,0.3195309611782141,0.30915880139235197,0.313411770830871,0.3135155950524918,0.313463696416017,0.3192193641663214,0.3143972920281606,0.3145057530255971,0.30655515006764616,0.31091036220334634,0.2719867269549712,0.3636472227172947,0.3929964126968381,0.11089091922961489,0.2593672917491747,0.4271606296502332,0.11089091922961486,-0.7108520979959204,-0.6288172061302548,-0.32182669108620104,-0.2772359763044564,-0.3245067859170196,-0.1876144090257223,0.8181591721363759,0.8176468630043541,0.8208639541241232,0.29514215606539707,0.3126612030684904,0.8235108471952154,0.0,0.0,0
2025-04-07,78376.1,81216.8,74456.2,79144.1,32.15237752928007,38.46875447536343,40.58822048274116,-1547.4974994433287,-1196.8483456102774,86218.3363513675,78403.46364863249,88966.96460976436,79153.86539023566,88247.45822510654,78785.2884415601,4028.8341197837008,3784.225802687936,3818.6406887147896,3869.7339636247943,80925.35367768657,82154.17295902513,83377.65437156326,86500.81534599182,82310.9,84060.41500000001,86423.836,33.23832415147587,25.09403905141239,-185.0054879697693,-222.79914255173423,18.95566155622225,22.053090921494974,-66.76167584852412,-6.199585185185178,-4.271629995270668,47.15097301899671,81508.15,81598.1,81553.125,86955.2,0.0,1.0,80936.4,81216.8,74456.2,78298.30000000002,1,0.30565269760351443,0.30904830238338066,0.30076929995462287,0.30658215067391686,0.30870518509324435,0.3101439483665465,0.311556186608412,0.315073267091703,0.31032597270044815,0.31233569760761737,0.3149880488967896,0.3147601989479584,0.30568596262899234,0.31776562589545576,0.30659391355178334,0.3169875833127333,0.30614898281442987,0.3093901335845676,0.3094954332776506,0.30944279729114016,0.3155748089604974,0.3087182113229195,0.30904830238338066,0.30076929995462287,0.3055580583777756,0.32152377529280074,0.3846875447536343,0.40588220482741155,0.33238324151475873,0.2509403905141239,0.4715097301899671,0.3323832415147588,-0.7745752544259188,-0.6628604984039997,-0.35400131298284454,-0.3079549245857206,-0.2037605063177644,-0.12144418405187311,0.8301480492749583,0.823886082134125,0.8247911636630784,0.299351289035519,0.31377998568297644,0.8261199422725062,0.0,1.0,1
2025-04-08,79144.1,80833.6,76200.9,76286.9,24.821642064460107,33.968885743841795,37.4801563085618,-1925.561372191616,-1342.5909509265452,86985.13724802587,76373.26275197412,89328.54320328955,77741.74679671043,88680.10363568156,78058.94969765175,4115.100674100317,3844.831102495941,3857.4054178236097,3895.166164837302,79379.20245179105,81087.3960573842,82702.34443141437,86100.26964614901,81679.2,83535.14499999999,86034.87400000001,12.98009770347206,19.102504592636475,-171.2087773005214,-196.87113432795502,19.719437780728448,22.296743682351327,-87.01990229652795,-7.647338684977344,-12.104069139773928,39.2692977347545,81508.15,81598.1,81553.125,86955.2,0.0,0.0,78760.1,80833.6,76200.9,78116.375,0,0.3059577242774923,0.3079718828665939,0.3023490401843243,0.30245635364874174,0.30624044626682423,0.30827097456423413,0.310153472967854,0.3140022616358081,0.30896494381342743,0.3111105692728286,0.31392956970747055,0.31498069541021556,0.3025640039994251,0.31752657422262087,0.3042545184933872,0.31682857017198063,0.3046423188523111,0.30876485915356505,0.3088701275060157,0.3088175071815723,0.3149477485792087,0.30549421992152254,0.3079718828665939,0.3023490401843243,0.30471236437981636,0.24821642064460106,0.339688857438418,0.374801563085618,0.1298009770347206,0.19102504592636474,0.39269297734754505,0.12980097703472054,-0.8574696083179622,-0.7138842873504015,-0.3296339758084091,-0.27405648134965543,-0.24952976384617,-0.33267268677696615,0.8322661555862865,0.8254745010076769,0.825800927291706,0.30310722828884173,0.31483135946825974,0.826774831396518,0.0,0.0,0
2025-04-09,76286.9,83560.0,74565.9,82593.9,52.63369073515062,48.3354066216871,46.90391127984825,-1696.6990346332313,-1413.4125676678825,87024.17179151875,76383.42820848126,89256.00842176171,77656.78157823827,88516.8794748537,78490.88719181296,4812.100577800273,4212.636023746231,4102.0099217367715,4065.130626009392,80450.76830119404,81361.30586513253,82692.01639032729,85962.76495414317,81703.8,83456.39499999999,85774.37599999999,57.6982253135657,34.638882389504545,-74.8488456168347,-101.57031611449524,19.28098572290695,21.973430761629803,-42.30177468643431,0.2987325724153257,-1.8712374760748922,53.000880172095,81508.15,81598.1,81553.125,86955.2,0.0,0.0,77715.5,83560.0,74565.9,79251.67499999999,1,0.2983971487320036,0.30706219592895634,0.2962320536401808,0.30595353535011044,0.30344937928460997,0.30452097368735437,0.3060666924985734,0.30976736963928636,0.3049210950195735,0.3069438893460032,0.3095578941915732,0.3109394493756826,0.2985172082671086,0.31336007761025586,0.30008762923371335,0.31256489706064494,0.3011031189971078,0.3046927215398526,0.30479778091955595,0.3047452650265452,0.3108637018233276,0.30015945493534424,0.30706219592895634,0.2962320536401808,0.30202044002326295,0.5263369073515062,0.483354066216871,0.46903911279848254,0.576982253135657,0.34638882389504544,0.53000880172095,0.576982253135657,-0.8114065666708346,-0.7362657711302802,-0.14858941276414425,-0.14409063329155963,0.00995742330049955,-0.05341304578292577,0.8479096766196813,0.8346081217531303,0.831947611060567,0.3009683783207789,0.31343383639125366,0.8310447120088726,0.0,0.0,1
2025-04-10,82593.9,82719.2,78422.0,79557.5,43.57853864346296,43.43569426432668,43.583061100374486,-1740.2752768922364,-1478.7851095127535,86844.66374801764,75973.55625198239,89264.94561851915,77198.13438148084,88599.25955529892,78186.39377803443,4738.543352400234,4218.676307764357,4111.304687368353,4072.8662718090786,80153.01220079603,81033.34116238116,82393.49101981994,85711.57809319638,81409.11000000002,83231.54,85433.19799999999,36.16942831415424,35.61591711039733,-59.6854080677454,-89.95650526551655,18.87385166921556,21.666283486944355,-63.83057168584576,-3.5718095034931405,-5.350212837845883,49.549673848985556,81508.15,81598.1,81553.125,86955.2,0.0,0.0,79440.4,82719.2,78422.0,80823.15,0,0.30577234963578465,0.3059168219811322,0.3008389069117064,0.3022059691774911,0.3029155224028725,0.30395529804625615,0.3055408409959993,0.3093064739689882,0.30439585546029563,0.3065053939051242,0.30899593849332935,0.31056058368143863,0.2978259752644026,0.3131878302610134,0.2993442262112277,0.3124720739811603,0.3005528972221967,0.3045116490747922,0.30461669896319177,0.30456418781334016,0.3106820884255318,0.3020658501464795,0.3059168219811322,0.3008389069117064,0.30370801743438536,0.4357853864346296,0.4343569426432668,0.43583061100374487,0.3616942831415424,0.3561591711039733,0.49549673848985554,0.3616942831415424,-0.8210996796244198,-0.7555900773641051,-0.1188070421183124,-0.12780650720285378,-0.11850091421638112,-0.1516835885363936,0.8463696070892139,0.8347513699766889,0.83217389015126,0.29894048812216717,0.31208785113773574,0.8312347771458874,0.0,0.0,0
2025-04-11,79557.5,84288.0,78928.2,83382.8,54.96597571241122,50.27443495421711,48.41436972353976,-1449.4318737972644,-1472.9144623696557,86278.32154334335,76190.35845665664,89238.55149214987,77182.21850785012,88589.48076661219,78178.36590005446,4827.294302057344,4300.185142924046,4170.756845112717,4115.764062748776,81229.60813386402,81460.51549649367,82487.71092269423,85620.25346209065,81234.34,83210.385,85135.92,63.291713639489785,52.38645575573657,16.27833863489774,-28.767577385610693,17.876080358063028,21.068740678778525,-36.708286360510215,-2.052965740833188,-0.504857056603403,52.614655759631056,79596.1,81598.1,80597.1,86955.2,0.0,0.0,81075.7,84288.0,78928.2,81539.125,1,0.301209500634122,0.3067090054279128,0.3004545660711368,0.3056797888164149,0.3031881731936281,0.3034583642440098,0.30465154472626993,0.30820477272828817,0.30319371741335893,0.30548254547156295,0.30766357951788165,0.30893543461931505,0.29710213692645243,0.31215776043987187,0.2983296707262777,0.3114600555143993,0.29954752859111555,0.3012556218171883,0.30361900925274826,0.30244429737269307,0.30968145331234764,0.30300767474059526,0.3067090054279128,0.3004545660711368,0.30355018106645104,0.5496597571241122,0.5027443495421711,0.4841436972353976,0.6329171363948979,0.5238645575573657,0.5261465575963106,0.6329171363948979,-0.7470685029539423,-0.7539057727245629,0.03254517946639044,-0.041073418410496484,-0.0683255692316184,-0.014423487000446981,0.8482248537703704,0.8366645878340417,0.833609253185091,0.29378955310103577,0.30941621583224976,0.8322822712075458,0.0,0.0,1
2025-04-12,83382.8,85888.0,82753.3,85238.4,59.582515595303214,53.228490190463,50.57037938350606,-1057.0202973120468,-1389.735629358134,87073.64475268782,75949.09524731217,89133.30982592798,77207.52017407204,88696.45285567966,78349.13381098698,4585.495116049152,4216.936204143757,4121.420804869254,4083.061927323817,82565.87208924268,82147.40358804027,82749.68131100906,85605.27881651848,81511.37,83170.41500000001,84916.72,76.44835825551792,58.63650006972065,97.32257223876822,44.26887561878574,16.82886339290906,20.2068348392473,-23.55164174448209,3.3592382994151535,-0.9291265002127073,54.31837433293402,80172.1,81598.1,80885.1,86955.2,0.0,0.0,81470.15,85888.0,81470.15,84315.625,1,0.30644013884977045,0.3092640905150462,0.30571782708230416,0.30853946148032263,0.30550175345755204,0.3050176364145306,0.30571365974466747,0.30894936007216023,0.3042773054118247,0.3061970231122669,0.3081786740138578,0.31057328975792464,0.29755813392548996,0.3128076189517447,0.2991182989196627,0.31233786902156196,0.30051289062460274,0.3027002657186869,0.30437858079550445,0.3035429441426447,0.3104432699552054,0.30422913647432875,0.3092640905150462,0.30422913647432875,0.30750099364342026,0.5958251559530321,0.53228490190463,0.5057037938350606,0.7644835825551791,0.5863650006972064,0.5431837433293402,0.7644835825551791,-0.6073300835154478,-0.728953415848035,0.19222367828590464,0.06315707534778622,0.1115089543425273,-0.026540237291799818,0.8430871420095585,0.8347101236254773,0.8324195843786951,0.28808186829507604,0.3054323527796577,0.8314847342569156,0.0,0.0,1
2025-04-13,85238.4,86099.0,82953.1,83716.8,54.26109804568875,50.57524317964337,48.81379128501829,-858.910711207529,-1283.5706457280132,87201.61052536409,75929.44947463591,88622.03448827124,77344.48551172875,88686.86478624694,78343.28854708641,4379.838670899272,4140.433618133488,4074.967433208813,4051.823196413023,82949.51472616178,82432.74839021475,82841.78785281772,85531.22082371383,81565.53,82983.26,84659.968,65.65985294847525,68.46664161449432,75.89360052554058,40.33719232999439,15.931617482718238,19.349655602042482,-34.34014705152475,0.6511556329290531,-4.2797899380172995,56.30337413712545,80277.6,81598.1,80937.85,86955.2,0.0,0.0,84310.6,86099.0,82953.1,84501.825,0,0.30927250474305557,0.31023171292401475,0.3066797753742748,0.30755371182116076,0.3066756545181451,0.3060799083093575,0.30655175570709636,0.30959991094504913,0.3050721035083786,0.3067144340724983,0.3086225862148594,0.31144736698070247,0.2982625563882989,0.31299194711503053,0.30001629726391504,0.3130618779823128,0.3012359159879211,0.3035563881949298,0.3051101376280057,0.30433628055273976,0.3111769729746057,0.3082279850533835,0.31023171292401475,0.3066797753742748,0.3084441610886798,0.5426109804568875,0.5057524317964337,0.4881379128501829,0.6565985294847525,0.6846664161449432,0.5630337413712545,0.6565985294847525,-0.5172714012785485,-0.6940426989279449,0.15063215148336248,0.05756086256343679,0.02170177985872302,-0.12167388023794502,0.8384995462415302,0.8328797291450002,0.8312863404420808,0.2829182731021386,0.30130639880128396,0.8307169002783397,0.0,0.0,0
2025-04-14,83716.8,85771.1,83637.5,84547.4,56.722641270508056,51.982298000462976,49.81297625305573,-627.649802308486,-1152.3864770441078,87395.44388042217,75872.67611957785,88168.90360539366,77516.11639460633,88700.42836407019,78345.65830259645,4058.9474321993766,3997.0883596953827,3982.5213649607745,3987.8824231992558,83482.14315077453,82817.23050108479,83004.22710493032,85492.63961494074,81634.06000000001,82842.51,84425.664,71.5490041761498,71.21907179338099,79.80073378107102,61.147156476984875,15.098460566112475,18.535335326697908,-28.450995823850207,0.8171748620652098,-3.222210012545443,54.33983609080827,80277.6,81598.1,80937.85,85756.1,0.0,0.0,84477.6,85771.1,83637.5,84418.20000000001,1,0.3090714920306602,0.31138677360533495,0.3089810340644502,0.31001407749972765,0.30880358007891096,0.3080405155572304,0.3082557050445726,0.3110760601720167,0.3066681218001831,0.30806963344880817,0.3098764828968136,0.3131802667239569,0.2997021726618034,0.31402309535009443,0.3017391715275466,0.3145981998379337,0.3027518197876645,0.30507119509668407,0.3066261143982932,0.30585167693458626,0.31137006078942375,0.30993520777995126,0.31138677360533495,0.3089810340644502,0.30986804039520544,0.5672264127050806,0.5198229800046298,0.4981297625305573,0.7154900417614979,0.71219071793381,0.5433983609080827,0.7154900417614979,-0.3956096682296402,-0.6459151633185249,0.15825997811661496,0.0871315724214493,0.027232427169608334,-0.0918039245183035,0.8308925304777812,0.8293571615790455,0.8289921472170109,0.2778723650407172,0.29722248937908796,0.829126637621386,0.0,0.0,1
2025-04-15,84547.4,86444.0,83518.5,83603.7,52.94569177965647,50.23253867715233,48.679352215233486,-514.5906879025715,-1024.8273192158006,87420.32125771239,75869.1987422876,87694.72558513422,77664.58441486578,88723.10282339809,78394.66384326854,3897.0263704566087,3920.546334002855,3932.1870142483567,3952.4696757592806,83522.66210051636,82960.224955433,83061.31976160362,85418.56355160972,81644.76,82679.655,84268.174,64.85794709264809,67.35560140575771,74.93900181188735,64.56597065292686,14.589183146892086,17.630577575582944,-35.14205290735191,0.12814877713730005,-3.7497927718832957,54.78696820879229,80450.1,81598.1,81024.1,85546.6,1.0,0.0,84132.1,86444.0,83518.5,84528.4,0,0.3108660461517615,0.3129864596471378,0.3096966345274949,0.3097939908655408,0.3097013926792715,0.30905634869101384,0.3091725987470039,0.31184559986543053,0.30753123011181466,0.3087330083562259,0.3105500373001905,0.3140607124042129,0.30054543837529063,0.3143605753194528,0.3027697618437143,0.3154764308605752,0.3036603029600816,0.30612572296287877,0.30747670413913747,0.30680349497133175,0.3119887612637637,0.31039567541328705,0.3129864596471378,0.3096966345274949,0.3108445748886821,0.5294569177965647,0.5023253867715233,0.48679352215233485,0.6485794709264809,0.6735560140575771,0.5478696820879229,0.6485794709264809,-0.3302069012924073,-0.5936075886754796,0.14876573934445828,0.09197641337030615,0.004271599923615718,-0.10672889224387516,0.8268225645169458,0.8274241327960418,0.8277205321326351,0.2746577285731099,0.29248041865796803,0.8282348871255001,1.0,0.0,0
2025-04-16,83603.7,85522.7,83055.0,83986.0,54.381328307129145,50.952803257741635,49.17138548480766,-389.6504622238281,-897.7919478174061,87684.5432373825,76726.9567626175,87139.00775551006,77900.73224448993,88724.46082864192,78395.36583802474,3692.836888962807,3816.7715958597937,3862.449537379387,3902.977353233971,83677.10806701091,83146.72950899064,83149.38454621281,85362.3845888015,82205.75,82519.87,84174.588,79.49582075109694,71.96759067329828,65.23180686045635,60.8688903527832,13.9012764459704,16.861255204817397,-20.504179248903046,7.157666686655746,-3.6655628417431605,47.877375813588905,80504.95,81598.1,81051.525,85496.25,0.0,1.0,84075.54999999999,85522.7,83055.0,84041.85,1,0.3109975417278354,0.3131668173874389,0.3103685297253075,0.3114334711196526,0.31108139509304633,0.3104739612962192,0.3104770112740181,0.3129873842666247,0.30938710835024796,0.3097512392029502,0.3116478164938395,0.3155555338523182,0.30281302857975934,0.3149581089155632,0.3042582906403922,0.3166845720639016,0.3048611290365012,0.30739216373953826,0.3086789290704003,0.3080376160969614,0.3131372353778902,0.3115353091572012,0.3131668173874389,0.3103685297253075,0.3114969970178397,0.5438132830712914,0.5095280325774163,0.49171385484807656,0.7949582075109695,0.7196759067329828,0.47877375813588907,0.7949582075109696,-0.2540775633872966,-0.5360012717983482,0.1297284223399973,0.08673705370225213,0.2341624546238157,-0.10434912953050476,0.8214421004116403,0.8247422179515554,0.8259315725913778,0.27014468767969535,0.2882633853203752,0.8269751146602727,0.0,1.0,1
2025-04-17,83986.0,85455.8,83677.4,84906.5,57.98248298616876,52.726850917002,50.374254066201125,-213.89216048436356,-761.0119903507976,88059.9730544999,77504.0069455001,87213.83268154933,77879.05731845065,88809.98212703153,78458.56453963513,3419.345904825264,3671.173624726952,3763.2090832184645,3832.1581081261725,84086.90537800727,83466.68778008324,83316.72887514492,85344.50676178969,82781.99,82546.44499999999,84188.546,87.1744607017134,77.17607618181948,72.62472195742001,81.47672564620856,13.26250593797169,16.130398952590127,-12.825539298286587,7.28089649133668,0.629925925925926,51.37834340691999,80504.95,81598.1,81051.525,84757.45,0.0,0.0,83794.85,85455.8,83677.4,84506.42499999999,1,0.3131840172216965,0.31484385119694636,0.3128319903712381,0.31422675050172855,0.3132988538945207,0.3125909123484977,0.3124189881401319,0.31471912815572917,0.31180350560906483,0.31153118767215127,0.31341439415547445,0.3177187282578352,0.30551626330452664,0.31679366529349456,0.30597631489607374,0.3185315997062072,0.3066830256092471,0.3091393840026248,0.3104272229234156,0.3097853766100511,0.31405864415491613,0.31296611429537846,0.31484385119694636,0.3128319903712381,0.31377488477580207,0.5798248298616876,0.52726850917002,0.5037425406620113,0.871744607017134,0.7717607618181949,0.5137834340691999,0.8717446070171342,-0.14163609745776895,-0.46787110322116215,0.14423652908595216,0.11587251904450172,0.2380411307742263,0.017995940535278577,0.8137496966703941,0.8208539034044928,0.8233293047307711,0.2657634131522669,0.2840854601766528,0.8251444313714849,0.0,0.0,1
2025-04-18,84906.5,85104.7,84250.0,84419.6,55.28908036768346,51.66239833215481,49.72074321674193,-112.59329546929803,-631.3282513744978,86662.78371035465,80527.73628964534,87375.6497598333,77898.81024016673,88606.46251233657,78503.9041543301,3052.9679184216543,3469.996937246455,3624.7086506842516,3732.9095045219665,84197.80358533819,83639.94454734084,83421.76422036922,85308.23590838617,83595.26,82637.23000000001,84183.21800000001,83.11283137856827,83.26103761045954,65.1674555245626,72.0254003205853,12.669361894830033,15.436085512974222,-16.887168621431737,10.660676996968041,2.1980802359210787,44.07459826656039,82433.0,81598.1,82015.55,84757.45,0.0,0.0,84446.25,85104.7,84250.0,84670.20000000001,0,0.3167388603635871,0.3169622133176795,0.3159954627827132,0.31618804193955746,0.31593611954888756,0.31529966824308386,0.315049644142693,0.317191061329697,0.3152485127920102,0.3141454050873443,0.31591953058394245,0.3187008667220936,0.3116726963210509,0.3194863796841746,0.3085029951184529,0.3208282658671338,0.3092415098921747,0.3139086660446253,0.31293499654578116,0.3134230163308884,0.3165705656314102,0.3162182690681869,0.3169622133176795,0.3159954627827132,0.31647191868015284,0.5528908036768346,0.5166239833215481,0.4972074321674193,0.8311283137856827,0.8326103761045954,0.44074598266560394,0.8311283137856826,-0.07492153882877153,-0.3976761566117236,0.12960188355309224,0.10253184729561221,0.34111684492580646,0.06271985575007129,0.8024196980949878,0.8152197133477778,0.8195805038027058,0.2615156970409336,0.27994792537926266,0.8225211088275568,0.0,0.0,0
2025-04-19,84419.6,85644.6,84324.1,85048.5,58.214062572125066,52.98271627677948,50.59008273028597,18.22368761051621,-501.417863577495,86941.10273869339,80740.33726130662,87622.59933344653,77921.92066655349,88659.84524929967,78509.16141736698,2805.472501504275,3316.4614417288512,3514.984429223097,3652.495854371234,84481.36905689213,83896.04553873341,83576.69143747693,85298.05018648868,83840.72,82772.26000000001,84198.036,88.35899831495354,86.21543013174507,70.76892201697187,79.44921725883788,12.383202121508521,14.674897817430354,-11.641001685046461,2.971890175908882,3.2795007522960584,40.00406082269864,82686.1,81508.15,82097.125,84757.45,0.0,0.0,84663.05,85644.6,84324.1,84859.20000000001,1,0.31827450205004737,0.31965582364952055,0.3181660093274482,0.3189860386841251,0.31834461211800863,0.31767826686893674,0.31731282619286727,0.31926698232015177,0.31761505276340474,0.3163863431230733,0.3180226139103199,0.32109728252162373,0.3140071752674574,0.3218467240778832,0.3106104960152783,0.32297671093720937,0.3113278007058463,0.31628659973850587,0.314912869437668,0.31560209348821316,0.3186573743348918,0.3185505419723779,0.31965582364952055,0.3181660093274482,0.3187723970197769,0.5821406257212507,0.5298271627677947,0.5059008273028597,0.8835899831495354,0.8621543013174506,0.4000406082269864,0.8835899831495354,0.012148527366990857,-0.3223600120496195,0.14060021598734204,0.11301401600735057,0.09874022194419063,0.09342676193514929,0.7939683636188617,0.8106955143449701,0.8165074830246655,0.2594000347555195,0.27520605676735166,0.8203439756529995,0.0,0.0,1
2025-04-20,85048.5,85290.0,83882.7,85145.5,58.70023921541528,53.19506998559083,50.7280511687818,128.2458403071214,-375.48512280057173,85705.634190409,83093.40580959099,87860.94100778781,77947.68899221219,88724.7118535395,78517.02147979384,2605.73357271795,3180.092767319648,3414.618504021997,3577.65599255886,84702.7460379281,84123.2190771455,83726.10177676483,85292.06782623423,84399.51999999999,82904.315,84180.45800000001,89.16815429019503,86.87999466123894,57.37930268217384,65.22668456836135,11.859947796124084,14.03203733638271,-10.831845709804966,7.023850674040788,3.201162604661092,46.170102833082964,84598.65,81508.15,83053.4,84757.45,0.0,1.0,84734.05,85290.0,83882.7,84841.675,1,0.32097191931189273,0.32124404164261033,0.31964777810357187,0.32108130796255807,0.32058103001284166,0.31992240420302565,0.3194685670953437,0.32124636847587024,0.3202369581828809,0.31852281290941564,0.3199876489934931,0.32171065150738726,0.31874122188753923,0.3240959840690171,0.31262061180224665,0.32503619596957467,0.313316534925595,0.3204630452094642,0.316895239428325,0.31869505302265666,0.32064297696691557,0.3206164834232463,0.32124404164261033,0.31964777810357187,0.3207382786835925,0.5870023921541528,0.5319506998559083,0.5072805116878181,0.8916815429019503,0.8687999466123894,0.46170102833082965,0.8916815429019503,0.08528951233556156,-0.24522265340454388,0.11425747248837889,0.09291222399332004,0.22994212099822392,0.09120760535048725,0.7865853211824949,0.8064980054266273,0.8136113869521411,0.2554117659401863,0.2710183745901501,0.8182742587833669,0.0,1.0,1
2025-04-21,85145.5,88442.9,85106.1,87471.1,68.84077078319783,58.08315619841149,53.96409845105028,398.50199025111215,-220.68770019023498,86905.4241660675,82711.27583393251,88283.78572782569,77758.90427217432,89030.90708572332,78455.17291427667,2710.171633758241,3191.2861410825294,3410.9128609733298,3569.627459473564,85625.53069195207,84731.92469948268,84082.7682742158,85377.5200683427,84808.35,83021.345,84044.686,92.9970454709232,90.17473269202394,122.00872323879551,132.09081430559772,12.753023708717219,13.912460498780883,-7.002954529076806,4.90304954978725,2.749425881440853,49.8334690827743,85698.0,81508.15,83603.075,84757.45,0.0,0.0,85097.0,88442.9,85097.0,86541.4,1,0.32129691838464425,0.3249463498559023,0.32125249670274203,0.3238845723636169,0.3218365520041345,0.3208296448441796,0.3200917706693052,0.32155811080747637,0.32091615775877597,0.3188734328759913,0.32004831429930725,0.32326129027974887,0.3185147053533927,0.3247732734162593,0.31260356615383494,0.325583367700404,0.3134560407861985,0.32191776704488734,0.31711046297837786,0.3195429999458789,0.3208585476338917,0.32124223406693553,0.3249463498559023,0.32124223406693553,0.3228581311204445,0.6884077078319782,0.5808315619841149,0.5396409845105028,0.929970454709232,0.9017473269202394,0.498334690827743,0.929970454709232,0.25958931157075327,-0.14607269753946944,0.2392867884072803,0.18649284645765962,0.16199519599822076,0.07839383818102745,0.7905136157623118,0.8068492597748269,0.8135028369297558,0.26212587060253056,0.2702197138554198,0.8180496618286069,0.0,0.0,1
2025-04-22,87471.1,94000.0,87013.6,93400.0,81.99196878090568,67.42371071977252,60.84749888291574,1078.6604896060599,39.18193776902399,91208.93961846485,80040.08038153514,90494.72121161471,76641.15878838529,90269.5904838891,77707.30284944424,3321.0614003642063,3462.3657024337767,3581.174153307933,3683.519877491112,88217.02046130138,86307.93839048583,84970.12367667144,85692.12712448613,85624.51,83567.94,84189.38,96.91264324048964,93.02594766720263,292.5075548722951,239.19060453914713,15.086824144410842,14.668925389613289,-3.087356759510344,9.575027217779787,13.255913498674024,66.94184332207949,88527.5,84228.1,86377.8,84757.45,0.0,0.0,86308.3,94000.0,86308.3,90471.175,1,0.3208688400693255,0.3277864080449149,0.32036568187483183,0.32717028542089277,0.3216838125497099,0.31958459742067,0.31808683486314693,0.31889794566850177,0.3188222620594619,0.31649255095768847,0.3172022667383411,0.32488754616069526,0.3123652116739001,0.32413203850997313,0.30822081210831875,0.32389270483862764,0.30953937402542786,0.3220210861382358,0.3172463206751499,0.3196621986815221,0.31784665389458133,0.31958499924634837,0.3277864080449149,0.31958499924634837,0.32410703363059123,0.8199196878090568,0.6742371071977251,0.6084749888291574,0.9691264324048965,0.9302594766720262,0.669418433220795,0.9691264324048966,0.6163558491715676,0.026115352423995895,0.5263009559962809,0.32899500859860564,0.3087540432078929,0.36161306454422537,0.8108340772953729,0.8149996141608756,0.818372520045273,0.27780005608143155,0.2751679476455008,0.8211895505087632,0.0,0.0,1
2025-04-23,93400.0,94722.9,91911.8,93635.2,82.33699584530225,67.73090893876952,61.089837107674576,1618.018168706316,354.9491839564824,93790.16255358595,79442.53744641406,92283.94175720586,75897.93824279412,91271.32774835272,77117.2522516473,3248.2097717407473,3415.8467236885067,3544.503955531364,3654.4392149080745,90023.08030753426,87640.16777403385,85795.36904079797,86003.62017842784,86616.35,84090.93999999999,84316.882,93.32736229287956,94.41235033476413,238.4984226210518,242.31425679640404,17.40029058324875,15.480731465804828,-6.67263770712045,11.847562257515808,12.575863959449451,67.10854813763252,88888.95,84589.54999999999,86739.25,84589.54999999999,0.0,0.0,90435.55,94722.9,90435.55,93417.475,1,0.3279329398236441,0.3292867833148882,0.3263876959542442,0.32817498487768276,0.32439155888847326,0.3218149064875363,0.31977350145040406,0.3200060442573824,0.3206871270241395,0.3178496550583394,0.31810682142211555,0.32833413776780923,0.3124065667409509,0.32677634686540685,0.3080472988812596,0.3257152533904893,0.3095683899145853,0.3231734955275316,0.318416293075802,0.3208231803535222,0.318416293075802,0.32483090045368884,0.3292867833148882,0.32483090045368884,0.3279509435616616,0.8233699584530225,0.6773090893876952,0.6108983710767457,0.9332736229287956,0.9441235033476413,0.6710854813763253,0.9332736229287956,0.7927086281690753,0.23231276648812266,0.44383526350924596,0.33296851341933903,0.3755928682910653,0.3446064700887886,0.8086167098602027,0.8136473394126018,0.8173435588391819,0.29123664570581054,0.28021919085573105,0.8203971533201757,0.0,0.0,1
2025-04-24,93635.2,93985.8,91631.5,93945.5,82.84296089362209,68.1575403515389,61.420626322737455,2046.9061717768054,693.3405815205471,95784.4629512523,79327.85704874771,93842.84081612881,75347.37918387119,92238.79813947114,76588.6551938622,3120.508375777784,3340.0219577107564,3487.827576696537,3611.1012410778053,91330.55353835618,88786.5918151186,86571.5719892934,86315.06644594047,87556.16,84595.11,84384.436,95.07809581695129,95.10603378344017,161.85792199750423,198.8614197299925,19.38589878353843,16.182541543596805,-4.921904183048708,11.115776475681105,12.023786668828938,70.81550148847455,88888.95,84589.54999999999,86739.25,84589.54999999999,0.0,0.0,93517.6,93985.8,91631.5,93299.5,1,0.3293234169508751,0.3296832964580153,0.32724145549750056,0.32964199563578017,0.32692497639546714,0.32420892326559336,0.3217824537070974,0.3214976195862774,0.322868307625689,0.3195664604011914,0.3193273321266935,0.33150947080793325,0.3134092116179245,0.3295367098480293,0.308490937131283,0.32787706409758266,0.31005076991412894,0.3243196419720079,0.3195601567915431,0.3219682125835288,0.3195601567915431,0.329202413722222,0.3296832964580153,0.32724145549750056,0.32897761380894935,0.8284296089362209,0.681575403515389,0.6142062632273746,0.9507809581695129,0.9510603378344017,0.7081550148847455,0.9507809581695129,0.8774566246709546,0.4318975822147005,0.3128629325370628,0.27668414264956614,0.35445161093495114,0.3306312033931273,0.8046071617752334,0.8114032014532333,0.8157321020847391,0.301484342573529,0.2843893841796052,0.8192044943235377,0.0,0.0,1
2025-04-25,93945.5,95724.5,92775.6,94596.2,83.96660132641675,69.08070547220659,62.129514119177834,2411.510662253393,1036.9745976671163,97398.84504965795,79911.97495034206,95350.65339480422,74949.5166051958,93273.4190642505,76069.72760241614,3095.992893523814,3312.0846750171304,3462.164358758607,3589.0278663752115,92419.10235890413,89842.88421236977,87335.82227602736,86639.81678139378,88655.41,85150.085,84478.368,91.30149870482298,93.23565227155127,141.3892796409777,180.70746222341563,21.595595111871393,17.07746705246243,-8.698501295177032,13.148341520770016,13.293339736780016,70.24018549914486,89700.95,85090.35,87395.65,85090.35,1.0,0.0,93790.35,95724.5,92775.6,94260.45,1,0.33023250707570845,0.3320400417542516,0.3290257826914559,0.3308974398465903,0.32865515012088975,0.325935158143755,0.3232151966206932,0.3224467784880477,0.3246560610451822,0.3207819372382926,0.32002210069537507,0.3337119062974362,0.3146977265046122,0.3316629007738265,0.3085708140138316,0.32954105226867114,0.3099870578073821,0.3257831307197091,0.32071459927142065,0.32328097407257783,0.32071459927142065,0.33007330854938,0.3320400417542516,0.3290257826914559,0.3305548981246661,0.8396660132641675,0.6908070547220659,0.6212951411917783,0.9130149870482298,0.9323565227155127,0.7024018549914486,0.9130149870482296,0.9228155305871171,0.5988270122658176,0.27547474543099815,0.2525676457611465,0.41221610541909715,0.36254219728945464,0.8038186885338285,0.8105634960384733,0.814993800465607,0.31177549807271265,0.28946662484937385,0.8185915243673707,1.0,0.0,1
2025-04-26,94596.2,95150.0,93839.8,94578.3,83.79048535720455,69.02142473338522,62.09655683851566,2668.259927871768,1363.2316637080467,98505.01417733665,80924.26582266335,96449.58753674294,75470.80246325705,94191.43579066146,75644.8175426719,2840.879623020412,3169.0929125159064,3359.6898654843876,3513.0669374960376,93138.83490593609,90703.86890102981,88025.58205926284,86951.1298487901,89714.64,85960.19499999999,84634.76400000001,91.0252595643391,92.46828469537111,112.51821651119256,147.86691211748445,23.647455988180575,17.927646285884773,-8.97474043566091,12.611982949539213,20.67237333830083,69.89787353943152,89803.6,85090.35,87446.975,85090.35,0.0,0.0,94270.85,95150.0,93839.8,94541.075,0,0.33295923989763265,0.333522125392062,0.3321852753850898,0.33294099326947846,0.3314626455767646,0.32891105240661794,0.3260271849177505,0.32484647294800384,0.3278555534920087,0.3237450404016438,0.32225258747182894,0.3368660636078044,0.31795202077555895,0.3348307233650511,0.31127542194896846,0.3325458217947789,0.3114954968442801,0.32795093027008654,0.3227680995425162,0.3253930883168251,0.3227680995425162,0.33262706876975867,0.333522125392062,0.3321852753850898,0.33290303675376676,0.8379048535720455,0.6902142473338522,0.6209655683851566,0.9102525956433909,0.9246828469537111,0.6989787353943151,0.9102525956433909,0.9445702541269015,0.7205659426874944,0.22131311672913,0.20815159225371266,0.39726687833441493,0.5303551987327543,0.7952220951328042,0.8061516176383725,0.8119901548991025,0.3204673689815017,0.2940623619713828,0.816452931736927,0.0,0.0,0
2025-04-27,94578.3,95279.4,93538.4,93700.0,74.80836321725606,66.02739873911781,60.44463193130125,2768.9454216995655,1644.3744153063503,99036.95192787738,82151.02807212263,97204.53409107757,76171.44590892241,95019.32776736584,75438.59223263417,2683.753962588925,3067.086275907627,3282.609395699417,3453.9980395795033,93325.88993729073,91248.62000993347,88566.00281552353,87215.79142334734,90593.99,86687.98999999999,84785.02,84.02067958482971,88.78247928466392,88.05034931863385,119.91035808949388,25.354686514926613,18.65295726997481,-15.97932041517029,10.356686472767104,18.391642586118223,66.39221965241016,89803.6,85090.35,87446.975,85090.35,0.0,0.0,94587.25,95279.4,93538.4,94274.025,0,0.33457645840615846,0.33528908563845455,0.3335100192561688,0.3336764916095926,0.3332906791717048,0.33112092333835264,0.32824735418753365,0.32676918074960015,0.33042727509183584,0.32618536598955805,0.3240516834447506,0.3390242089535421,0.32102115855376023,0.3372201506648061,0.31378012772236097,0.3350253295369055,0.3128554898397472,0.32958331233772264,0.3243971122148598,0.32702382934874014,0.3243971122148598,0.3345855876336195,0.33528908563845455,0.3335100192561688,0.33426559332036576,0.7480836321725606,0.6602739873911782,0.6044463193130125,0.840206795848297,0.8878247928466392,0.6639221965241017,0.840206795848297,0.9513643479336001,0.7991478266093114,0.17430262006915798,0.1696444077287818,0.33213216405030066,0.48191495282030966,0.7895344368699216,0.8028809283313274,0.8096698521871959,0.3271646115526756,0.29782278241914384,0.8147577168786124,0.0,0.0,0
2025-04-28,93700.0,95564.8,92750.0,94969.7,78.66555043697934,68.1765260998794,61.97989780804128,2917.5617439669586,1899.0118810384722,99345.8123381038,83952.1876618962,97581.44920004469,77662.81079995532,95980.5842207967,75301.72244586996,2702.4748250762214,3049.065827628511,3260.332757808969,3432.6914382601867,93873.82662486049,91925.18000812738,89175.87873785463,87519.8662694906,91649.0,87622.13,85070.56800000001,94.04238525592957,89.69610813503279,78.56526779436066,106.90869549425383,26.41935688128037,19.12534387027966,-5.957614744070428,12.497216286265264,24.490181145124527,67.87965455113428,89803.6,85090.35,87446.975,85090.35,1.0,1.0,94139.15,95564.8,92750.0,94246.125,1,0.3342733367321589,0.33617498814477903,0.3332904789446137,0.33557204776389515,0.33445213469334656,0.33242922524678875,0.3295037058509312,0.3276993397340723,0.33213918026079925,0.32781171291558897,0.3249694751788244,0.3399231594562997,0.3236977630328225,0.33819158840028507,0.3162282870770344,0.336594103332437,0.3132735709827237,0.3301792409653813,0.3249918244003631,0.32761916552541653,0.3249918244003631,0.33472443125798923,0.33617498814477903,0.3332904789446137,0.3348340083645324,0.7866555043697935,0.681765260998794,0.6197989780804128,0.9404238525592957,0.8969610813503279,0.6787965455113428,0.9404238525592957,0.9599318146004681,0.852711986979563,0.15584999613279932,0.15155021063585483,0.39404018769718485,0.6041896778991487,0.7902293196803937,0.802291845219757,0.8089891212229843,0.33112492194929677,0.30019799098806216,0.814139118251638,1.0,1.0,1
2025-04-29,94969.7,95444.3,93682.0,94200.0,70.97932122216936,65.47258103685303,60.48559104487387,2939.34989680929,2107.079484192636,98972.52907570914,86155.77092429085,98274.08226929409,78130.78773070594,96741.391323133,75331.05534353366,2568.164135779619,2957.1539827979036,3188.99786457997,3377.011723651514,93982.55108324034,92338.7836430133,89654.36647710657,87781.83229813803,92564.15,88202.43500000001,85383.304,87.96716523935436,88.67674336003789,69.12206619704452,93.40257497836176,27.407979364323143,19.574111140569272,-12.032834760645645,10.760330870032982,14.052006261963665,61.24261785852714,90415.3,85090.35,87752.82500000001,85090.35,0.0,0.0,94334.85,95444.3,93682.0,94574.0,0,0.3371507896829846,0.3376322074182994,0.3358327948792813,0.33636507170431795,0.336141974517477,0.3344392122678185,0.3315945623240152,0.32956123105209956,0.3346743891842005,0.3300215652742124,0.3268948442092195,0.3411402612510609,0.32776136317687765,0.34045550893524396,0.31837075014797755,0.3389362303030007,0.3148754441185813,0.3324091675071613,0.32656424768949155,0.3295294053805722,0.32656424768949155,0.3365031748323173,0.3376322074182994,0.3358327948792813,0.33674762603031516,0.7097932122216936,0.6547258103685303,0.6048559104487388,0.8796716523935436,0.8867674336003789,0.6124261785852714,0.8796716523935436,0.9610567457556937,0.8863675608896068,0.13737013166455583,0.13264596586788766,0.34404878118640236,0.38121963179932417,0.7851335885991335,0.7992320698304602,0.8067775526368,0.3346670069236804,0.30240335446855604,0.8125042567951277,0.0,0.0,0
2025-04-30,94200.0,95187.5,92852.4,94118.0,70.12767864707959,65.17601062605299,60.322904059283864,2916.3822114657232,2268.9400296472536,97559.97596342764,89362.82403657235,98489.21508304187,79371.70491695814,97425.46521276329,75421.22145390336,2534.869259239674,2912.7215554551963,3148.336061504734,3342.2813328631305,94027.70072216023,92662.27752610178,90079.47443166786,88030.30946291694,93461.4,88930.46,85607.88,86.66484050103345,89.55813033210579,56.38247410314805,77.99332577027744,27.75636645880603,19.765073859872683,-13.335159498966549,10.537844043431537,18.301857147346258,61.461142420814205,91369.05,85090.35,88229.70000000001,85090.35,0.0,0.0,94584.85,95187.5,92852.4,94089.475,0,0.337363233108026,0.33837052434183645,0.3359720460924519,0.33727913164421724,0.33718643630753253,0.33577420708359784,0.3330470641589772,0.33082919439837455,0.336603141623902,0.33180951634348116,0.3281422620239407,0.34074986911091143,0.33227699375406783,0.3416665843693276,0.3208735100424095,0.34061647220701063,0.3159796119347867,0.3344180040461461,0.327558742663702,0.3310471736624908,0.327558742663702,0.33775700366478634,0.33837052434183645,0.3359720460924519,0.33724985902687965,0.7012767864707959,0.6517601062605298,0.6032290405928387,0.8666484050103346,0.8955813033210579,0.6146114242081421,0.8666484050103346,0.9598700147889585,0.9074040779591216,0.11228939636499756,0.1109602553744126,0.3374938041161567,0.47994299109877553,0.7838291760300594,0.7977186428124778,0.805494693547821,0.33588591847741156,0.3033272434017045,0.8114708038686296,0.0,0.0,0
2025-05-01,94118.0,97383.1,94070.7,96430.9,78.58361187392099,69.3880041074217,63.25033445122609,3049.657304584398,2425.0834846346825,96018.97524264695,92695.78475735306,99317.50846265844,79848.22153734157,98358.99246703341,75241.05419963325,2645.9450793482933,2941.2700157798254,3156.1486300045094,3341.2852884343597,94828.76714810682,93347.48161226508,90684.37210484235,88359.7443859398,94357.38,89582.865,85863.5,92.94687564812887,89.19296046283891,83.42327676385561,95.14041643605806,28.754362011916605,20.30219467708027,-7.053124351871137,10.24315459620376,15.648431091304191,59.699800669331715,94507.3,85919.65,90213.475,85919.65,0.0,0.0,94159.0,97383.1,94070.7,95500.67499999999,1,0.3373079154142779,0.3406032378326847,0.3372593705458744,0.3396533890085297,0.3380345653982373,0.33651416814307217,0.3337212146155873,0.33121780580654664,0.33755323477671706,0.3325428022221676,0.32845791350162645,0.33923966904118424,0.3358378713380731,0.3425055257260384,0.3214765670128789,0.34156744843142367,0.31577914358798614,0.33770656859136405,0.32852083875323357,0.33321913865279684,0.32852083875323357,0.3373499754172653,0.3406032378326847,0.3372593705458744,0.33871666640081705,0.7858361187392099,0.693880041074217,0.6325033445122609,0.9294687564812887,0.8919296046283891,0.5969980066933172,0.9294687564812887,0.9662933296376892,0.9241472825124992,0.1653153888272252,0.1350841068382841,0.3287610104144174,0.4195106658828102,0.7881161453749025,0.798693667661672,0.8057424566957074,0.3392975743492945,0.3058810103890127,0.8114410070094384,0.0,0.0,1
2025-05-02,96430.9,97868.0,96306.9,96833.5,79.74781348201556,70.06668493913747,63.739312037839305,3151.4374225026404,2570.354272208274,96792.42294505361,92609.03705494641,100170.53118357765,80154.70881642234,99262.74542271177,75294.99457728819,2490.9672108699665,2842.686443224124,3080.193933337628,3281.945778819881,95497.01143207122,93981.3031373078,91270.00333295259,88692.04852766765,94700.73000000001,90162.62,86178.724,92.60294738046377,90.73822117654204,100.01326635935294,99.58825991054746,29.81469049672136,20.88588755212249,-7.397052619536225,3.676124197002141,13.603141307204272,57.481227237295926,94749.75,86162.1,90455.925,86162.1,1.0,0.0,95274.45,97868.0,95274.45,96859.825,1,0.3413858041231763,0.3428167555808878,0.34126136963892184,0.34178875061448555,0.3404448126616665,0.3388984737103264,0.33607129377487116,0.33330693947510487,0.3396354213518922,0.33489319093437836,0.33053626131275377,0.3417477125071024,0.33747754789516493,0.34506758757182177,0.3235651244593909,0.34418622435177576,0.3175641804940163,0.339685438093657,0.330517677118373,0.3352065806363689,0.330517677118373,0.34021924585565216,0.3428167555808878,0.34021924585565216,0.3418150418019935,0.7974781348201556,0.7006668493913747,0.637393120378393,0.9260294738046377,0.9073822117654204,0.5748122723729593,0.9260294738046377,0.970507678828698,0.9370840307421618,0.19740081917449376,0.14131678823012248,0.12192781695969368,0.37020546916518016,0.7820827722063944,0.7952856532814031,0.8033072441548412,0.3427991540447536,0.3085842025092277,0.8096496401623471,1.0,0.0,1
2025-05-03,96833.5,96865.0,95700.1,95815.5,68.72663920216294,66.07748215119535,61.56446373954653,3114.0578861422546,2679.09499499507,96974.96384242101,92862.55615757898,100605.02379059239,80930.08620940763,99962.93496846114,75437.49169820553,2301.5290378885416,2722.8445544224005,2988.9894603215503,3211.3775861925515,95603.17428804748,94314.7934759791,91702.9077774333,88971.39956579833,94918.76,90767.55500000001,86416.06800000001,85.32387578385877,90.2912329374838,83.00385242050162,80.36087519052117,30.373933590646452,21.26167917657866,-14.67612421614123,2.328504664912344,14.451937962272801,54.855036718937704,95309.0,86216.95,90762.975,86162.1,0.0,0.0,96632.2,96865.0,95700.1,96303.525,0,0.3438918861521692,0.343923367066311,0.34275252846752996,0.3428691304398706,0.3426544880426241,0.34134207634772123,0.3386274225330781,0.3357073314669578,0.3419594532639701,0.33763706360690054,0.33289615857641797,0.34403318666130467,0.3398418038565495,0.34759239680013204,0.326579947549535,0.3469719913051701,0.31982932531930947,0.34235634061706083,0.3326737495710544,0.33763219005547873,0.3326123967209893,0.3436904737515606,0.343923367066311,0.34275252846752996,0.3433607408026479,0.6872663920216294,0.6607748215119535,0.6156446373954654,0.8532387578385877,0.902912329374838,0.548550367189377,0.8532387578385877,0.9690238970787889,0.9453435509884996,0.164499352213267,0.11429956047164097,0.07746133266391667,0.39094286124933997,0.774176337951076,0.7909799600451108,0.800302514140245,0.34459774077315614,0.3102866777709382,0.8074766623012091,0.0,0.0,0
2025-05-04,95815.5,96257.0,94100.0,94224.1,54.89127058522166,60.29794191172471,58.29929396585306,2922.3347976987134,2727.742955535799,96956.34548334019,92936.8945166598,100764.05955168627,81738.72044831373,100439.4747855993,75651.75188106735,2280.8820324758926,2682.4270862493718,2949.370914591953,3176.2316666527995,95143.48285869832,94298.3037530738,91943.02132243966,89177.38781811997,94946.62,91251.39,86614.382,71.44704158471704,83.1246215830132,40.822261256523056,57.41511505223177,29.85740425331181,21.169792068785718,-28.55295841528296,0.2965549174787572,11.44529577491444,52.897908335100915,95309.0,86216.95,90762.975,86162.1,0.0,0.0,96324.5,96324.5,94100.0,95099.15,0,0.34393408445026247,0.34437908967658803,0.3421859196862811,0.3423134132219025,0.34325290781024026,0.3423895685083892,0.33994359153735615,0.33699294153733017,0.3430524798394429,0.33921381491272634,0.3341784961349372,0.34507995958035304,0.34098304118195827,0.34881211277436863,0.3285954708613881,0.34849934413907807,0.32115725713617577,0.34342111209933834,0.3337348927934679,0.3386952351830795,0.3336735158144462,0.34444695139457665,0.34444695139457665,0.3421859196862811,0.3432078071334599,0.5489127058522166,0.6029794191172472,0.5829929396585306,0.7144704158471704,0.8312462158301319,0.5289790833510092,0.7144704158471704,0.9601809409667125,0.9486881822700319,0.08146359545958376,0.08183815199612549,0.009884841947449818,0.315830180936067,0.7732755834289959,0.7894850020109069,0.7989686175190023,0.34293767297651134,0.30987306446390733,0.8063765551552062,0.0,0.0,0
2025-05-05,94224.1,95149.0,93460.2,94698.7,57.84397803296744,61.382753154526206,58.980538916185075,2776.681269172317,2737.530618263103,96960.37800557096,92953.36199442903,100747.01515456843,82865.26484543156,100916.7285144627,75921.29815220398,2196.298884979337,2611.453722945845,2889.3437281828124,3126.650611097706,94995.22190579888,94371.10307069673,92205.46691077873,89393.90986446821,94956.87,91806.14,86857.786,70.80170253537732,75.85753996798438,-1.8897470462001302,47.003619880788364,28.99604493865495,20.911798001805163,-29.198297464622684,0.10835530391284218,13.270943750097185,50.88031764464654,95309.0,88145.0,91727.0,86162.1,0.0,0.0,95019.8,95149.0,93460.2,94383.0,1,0.34383581029325944,0.34478139523038964,0.3430480270621239,0.3443221412860969,0.3446247963861903,0.34398669992838515,0.3417404429509927,0.3387468555936922,0.34458570275509703,0.3413206834682426,0.33596743895399256,0.3466077754381885,0.3425218969676496,0.3503213069185132,0.3314290946221748,0.350484557985952,0.32300922754270145,0.3449440702107187,0.33738778919967166,0.34123728446030777,0.3351913167653701,0.3446498417872391,0.34478139523038964,0.3430480270621239,0.3439989014438724,0.5784397803296745,0.613827531545262,0.5898053891618508,0.7080170253537732,0.7585753996798438,0.5088031764464653,0.7080170253537732,0.9518514055081206,0.9493366094918023,-0.0037794760963467296,0.06704728978162837,0.003611827757846555,0.36198628757789403,0.7694984105452738,0.7868045182411237,0.7969130711121502,0.340106553759294,0.3087025213307714,0.80480373982072,0.0,0.0,1
2025-05-06,94698.7,96880.6,93333.5,96799.0,68.49222194689473,65.83211327161186,61.874658847303394,2798.4674645527994,2749.7179875210427,97440.98223337826,92916.89776662171,100876.04448136306,84017.53551863696,101305.0142936678,76761.2057063322,2389.2704728394324,2678.2855998782848,2920.6654554122024,3140.6655907277827,95596.48127053259,94812.5388760246,92642.94625260933,89684.3055560577,95178.93999999999,92446.79000000001,87114.664,82.85897538683557,75.03590650230997,73.00022044556229,64.60166023431972,28.85551164026964,20.9829674617376,-17.141024613164436,2.34800160290468,15.256114114257139,58.7069687388041,95309.0,88398.1,91853.55,86162.1,0.0,1.0,94461.4,96880.6,93333.5,95427.95,1,0.3438892258180804,0.34609480702605866,0.3424840509390684,0.3460131910783358,0.34480264879161915,0.34400551101605203,0.34176568549631015,0.33862809402018523,0.34437887047373306,0.3415606844750632,0.3358207900079545,0.3466535064801288,0.3420512881047614,0.35001168109781083,0.33232901218895433,0.35042323775115347,0.3236364523960114,0.34451106593104186,0.33723278011911806,0.3409381252201384,0.33475977080371877,0.3436463908007799,0.34609480702605866,0.3424840509390684,0.3446318161616699,0.6849222194689473,0.6583211327161186,0.618746588473034,0.8285897538683556,0.7503590650230997,0.587069687388041,0.8285897538683556,0.9531976609259308,0.9501328666256564,0.1449718224026376,0.09202696693269038,0.07810729843155688,0.41023103512116127,0.7779161807074543,0.7893305470759954,0.7979909094110597,0.33963694673590483,0.3090267947221201,0.8052508381174128,0.0,1.0,1
2025-05-07,96799.0,97700.0,95724.2,96988.1,69.3065895744452,66.20960238509505,62.127270092754806,2798.729954214985,2759.520380859831,97770.20211087151,93245.29788912849,100946.83005387432,85154.90994612567,101652.1798925524,77603.6401074476,2330.2032624337994,2628.108057029836,2875.671862297336,3101.8367377035233,96060.35418035506,95208.09544402012,93056.77041902748,89970.72886758485,95507.75,93050.87,87400.912,85.8911248296321,79.85060091728165,128.280509234773,85.15413069186853,29.007129061232373,21.190981712906357,-14.108875170367902,3.50917822838848,14.229299288040382,59.02838209340115,95360.2,90310.65,92835.42499999999,86162.1,0.0,0.0,95748.85,97700.0,95724.2,96802.82500000001,1,0.34721836293041974,0.34811621450074365,0.34613666677017807,0.34740747171085895,0.3464762369631592,0.34561306294694955,0.3434004553970992,0.34013850321543826,0.34591740533912907,0.3433943190768694,0.33733857909689186,0.3481858339430268,0.34359632231371817,0.351286430753795,0.3348255710498375,0.3519620470917989,0.3258812007635536,0.34576766279886006,0.34050305952127685,0.34317000221946165,0.3359603130324821,0.346161606479512,0.34811621450074365,0.34613666677017807,0.347222191653883,0.693065895744452,0.6620960238509506,0.621272700927548,0.858911248296321,0.7985060091728166,0.5902838209340114,0.858911248296321,0.9532136551162338,0.9507644418834854,0.25107613429585224,0.12105221919664344,0.11644201526169737,0.38554060252555383,0.7754139834905386,0.7874399925836469,0.7964389301536586,0.3401434988805755,0.30996859771964586,0.8040072048724373,0.0,0.0,1
2025-05-08,96988.1,104253.8,96832.1,103240.0,84.62979576931666,75.74900300370419,69.20943974266208,3265.768315583191,2860.7699678045033,101451.62003799093,91217.93996200907,102033.53288436007,85950.2471156399,102456.4977771639,78596.19555616946,3057.5599392289705,2970.5074815277044,3092.149392664129,3245.8321797800727,98453.56945357005,96668.44172692554,94026.60180769152,90491.09244140505,96334.78,93991.88999999998,87729.866,91.18725986195864,86.64578669280877,288.6966296925388,191.6385979783001,30.715543258354664,22.262057052747664,-8.812740138041367,8.708356454742937,22.293874882136365,65.30335630466485,98553.1,93603.45000000001,96078.27500000001,89355.0,0.0,0.0,96893.55,104253.8,96832.1,100328.5,1,0.34301350086988436,0.35001156588448284,0.34285774371387456,0.349064017799068,0.34446496522590697,0.34269407902632654,0.3400143872437374,0.3363120417282624,0.3423595721679341,0.33997869573153666,0.3333220650748812,0.3473703016328107,0.3370844630284549,0.3479245669499506,0.331346531739914,0.3483255168611704,0.3227419131035064,0.3445627847534691,0.33957842110221464,0.34210165456495484,0.3350926361300837,0.3429191270184364,0.35001156588448284,0.34285774371387456,0.3462917773112054,0.8462979576931666,0.7574900300370419,0.6920943974266208,0.9118725986195864,0.8664578669280877,0.6530335630466485,0.9118725986195864,0.974624709522811,0.9568479336705529,0.5207682156919383,0.26712879487655633,0.28239116853333524,0.56283146336032,0.8025699476080576,0.7996824672564846,0.8036945071765702,0.34568068843212973,0.3146823580529593,0.8085435086067445,0.0,0.0,1
2025-05-09,103240.0,104330.1,102264.1,102931.2,82.26321020723726,74.628323514588,68.54467495885054,3569.8312104946526,3002.5822163425332,103430.0287598367,90985.77124016329,102725.38201467149,87046.6679853285,103558.11494902111,78850.3983843122,2915.908519339118,2905.8998042757257,3043.2851358705993,3206.50444045407,99946.1129690467,97807.1250493027,94874.65877838757,90978.93979664407,97207.9,94886.025,88105.112,87.919793438744,88.33272604344491,239.6900162729733,234.12305480684816,32.315279527574866,23.287761348398043,-12.080206561256016,9.268789808917195,21.026473130037562,63.9035640517876,98831.8,93692.55,96262.175,89393.15,0.0,0.0,100114.05,104330.1,100114.05,103191.35,0,0.35024611687934776,0.3512649911596606,0.3493250898760366,0.34995559650737823,0.34710282295496914,0.34500740687452935,0.3420613947581256,0.3380084265432094,0.3444124283054384,0.3420729826743961,0.33490966288125257,0.35042447815326094,0.338015679464123,0.3497614922521853,0.3337437363692622,0.35054452080814946,0.324223155905399,0.34601668920842854,0.34084883763178764,0.3434661430683375,0.33631040254658295,0.3472654950023657,0.3512649911596606,0.3472654950023657,0.3502004027236116,0.8226321020723727,0.74628323514588,0.6854467495885054,0.87919793438744,0.8833272604344491,0.639035640517876,0.8791979343874398,0.9830104836599625,0.9641490022591634,0.4457469616593117,0.3225239240614495,0.29949036548889807,0.5375875680861028,0.7978279608162071,0.797484243291146,0.8021021386037059,0.350601613642129,0.3189972575259067,0.8073248480886048,0.0,0.0,0
2025-05-10,102931.2,104986.7,102772.0,104782.3,85.1645523820314,76.84027302761186,70.33794539645798,3915.041385020784,3185.0740500781835,105574.70094019112,90973.95905980888,103497.48920968943,88238.24079031055,104546.49788722406,79543.6687794426,2815.7358737192435,2856.528389684602,3003.8287008291422,3173.4442924389346,101558.17531269781,99075.3386767022,95818.24365663638,91520.24803991294,98274.33,95867.86499999999,88519.666,98.32961501058296,92.47888943709519,186.84427782051498,221.0318016394349,33.91961935011631,24.334230421223985,-1.6703849894170342,11.33077625958903,23.062639834166223,67.75021922369643,99160.1,94020.85,96590.475,89721.45,0.0,0.0,103085.6,104986.7,102772.0,103868.05,1,0.35096082918178995,0.35287954207299027,0.35081067595056664,0.35269038424448923,0.349658354861379,0.34725913667212177,0.3440218360870822,0.33958298655061825,0.346472660144191,0.34407195030551374,0.33636297176862295,0.3534217088862642,0.33900441491924826,0.3514931182279503,0.3360555790204294,0.35247172055495796,0.3260608984521097,0.3473419994778023,0.34218944834197973,0.34479890621851905,0.337665115950372,0.35110624013055863,0.35287954207299027,0.35081067595056664,0.3518399030785062,0.851645523820314,0.7684027302761186,0.7033794539645798,0.9832961501058296,0.9247888943709519,0.6775021922369643,0.9832961501058297,0.9892440959876222,0.9717829038787182,0.35721383292809405,0.3056678183930329,0.36070189617432913,0.5776526021409517,0.7943334001932469,0.795771233076733,0.8007975840628717,0.35530488302853086,0.3232156462355359,0.8062887870004468,0.0,0.0,1
2025-05-11,104782.3,104936.7,103250.0,104080.0,79.41460476611684,74.19730654144622,68.77598324385797,4084.865409107966,3365.0323218841404,106981.41190858943,91097.06809141058,104103.66682783615,89292.95317216385,105529.07808383553,79940.90191616448,2654.4450346164936,2772.969218992845,2941.108286503945,3123.8861493576364,102398.78354179855,99985.27709911998,96605.07759409957,92012.78733246538,99039.24,96698.31,88925.14799999999,92.59032255428345,92.94657700120347,134.72879860246667,181.03437091975255,35.40936347104764,25.328376040408635,-7.409677445716552,7.9322084518551685,18.987871422675596,71.40532221937715,99160.1,94020.85,96590.475,89721.45,0.0,0.0,103856.75,104936.7,103250.0,104262.25,0,0.35421844154210386,0.3543614265250826,0.35278823284116034,0.3535654711927146,0.35198480209764305,0.3496710476916633,0.34633783562939396,0.3416236738492867,0.3487493024332641,0.34643127774492394,0.33832436275042793,0.3562359375542454,0.34065648135690435,0.3535875452206917,0.3387231418336924,0.3549081201288516,0.3280543094960099,0.3488675335129011,0.3437124204195995,0.3463231922773204,0.33918572691437143,0.3533570060072254,0.3543614265250826,0.35278823284116034,0.35373533001640706,0.7941460476611684,0.7419730654144623,0.6877598324385796,0.9259032255428344,0.9294657700120347,0.7140532221937715,0.9259032255428344,0.9914141706715276,0.9777354000871818,0.26312005648653874,0.25300481567092264,0.25841285952829396,0.49488605353187565,0.7884367540953634,0.7928034504559733,0.7986881707589369,0.3594825979778212,0.3270647294447298,0.8047153129301277,0.0,0.0,0
2025-05-12,104080.0,105842.1,100688.0,102746.0,69.07910103708035,69.32000940832327,65.85909977927915,4064.9512922633585,3505.0161159599843,107706.98061632509,91553.99938367492,104853.58591590787,89477.63408409213,106287.61380334331,80349.53952999004,3011.5386010998523,2943.049989064785,3046.488844289471,3191.559944379049,102514.52236119905,100487.2267174618,97189.92734704247,92433.69763315302,99630.49,97165.61,89259.31199999999,76.16496146947195,89.02829967811279,91.3820962029776,130.98250863781763,35.26275919337453,25.564830848329002,-23.835038530528056,6.105841470152375,10.006423982869379,65.60898228523952,99587.8,94759.75,97173.775,90149.15,1.0,1.0,104431.15,105842.1,100688.0,103339.025,0,0.35148537546806197,0.35311468333402146,0.3482722342546534,0.35023400553741757,0.35001526262727023,0.3480787721766965,0.34484679926810363,0.3399927177717243,0.34724900155958816,0.3448225714013875,0.33661675812654185,0.3548105926265067,0.33906851675670624,0.3522039348957159,0.33685262902920654,0.353522452903556,0.32648289119883617,0.34720747460640566,0.34239607098566893,0.3448307070113023,0.3375746538449297,0.35181218763734257,0.35311468333402146,0.3482722342546534,0.35079223184497066,0.6907910103708035,0.6932000940832327,0.6585909977927915,0.7616496146947195,0.8902829967811279,0.6560898228523953,0.7616496146947195,0.9911841631926871,0.9814911292977816,0.1807560765702262,0.1849641688433243,0.20076355351130246,0.2783548202218466,0.801053839135992,0.7987541459685854,0.8022073200738216,0.359079129711931,0.3279588192419017,0.8068578364356587,1.0,1.0,0
2025-05-13,102746.0,104949.9,101380.0,104070.6,73.13018833773111,71.33492891711788,67.30481989830531,4108.690929581542,3625.751078684296,108491.42188562537,92420.57811437463,105753.29695831166,89621.46304168834,107015.34215470788,80978.73117862543,3091.304515228444,2987.8249898458716,3071.4131850375916,3204.171279566414,103033.21490746604,101138.74913246874,97845.22950446699,92890.0467455784,100456.0,97687.38,89591.526,86.36227164599646,85.03918522325061,81.8106599279362,115.46481307757286,35.12662664982093,25.789462915853353,-13.637728354003544,8.615620645928901,11.14474043949285,64.9403563268818,99587.8,94862.4,97225.1,90149.15,0.0,0.0,103413.0,104949.9,101380.0,103286.625,1,0.3498515415501284,0.35191033106199365,0.34855387281614497,0.35109400129616175,0.3501222596698029,0.34832293007645243,0.34511560281170534,0.34008756621153685,0.3476664479261687,0.34495927044325564,0.3365946787376093,0.35513237670621817,0.3395978185607075,0.3526504120609721,0.33662693477379835,0.35380204681303234,0.3268538356118531,0.34682537637585126,0.34211930610034463,0.34450002255561674,0.33719379623204443,0.3504791094362114,0.35191033106199365,0.34855387281614497,0.3503605075685655,0.7313018833773112,0.7133492891711788,0.6730481989830531,0.8636227164599646,0.8503918522325061,0.649403563268818,0.8636227164599646,0.9916815164608448,0.984221517230151,0.1621766355001512,0.16346983030868942,0.2795440051437464,0.30807862453911733,0.803667188973136,0.8002635609163203,0.8030218585560961,0.3587030173787595,0.32880086354217497,0.8072520809289208,0.0,0.0,1
2025-05-14,104070.6,104325.6,102550.0,103445.0,68.20635747174117,69.02907799902334,65.920516932851,4046.231774436732,3709.8472178347834,108392.79044717428,94363.38955282571,106407.73648310191,89916.97351689811,107583.9958612447,81669.91747208867,2903.3467273386673,2901.2374905711667,3009.7077952738973,3156.5522369142,103170.47660497736,101558.06747201987,98378.54098023204,93303.96648104592,101378.09,98162.35500000001,89913.17800000001,80.83638456741758,81.12120589429533,69.73199519953131,98.31832613591205,35.000217859378296,26.002863380001486,-19.16361543258242,9.78613751683486,10.111713706351022,64.44082132733722,99587.8,94862.4,97225.1,90149.15,0.0,0.0,103408.3,104325.6,102550.0,103597.8,0,0.3525469134670133,0.3527844440393553,0.35111865122640556,0.35196177052603783,0.3517039154783605,0.35017583747195474,0.3470924117019962,0.3419653424483802,0.3500038153441555,0.346879267212271,0.3383868632009493,0.35649866606063707,0.34305765205797234,0.35470311208850436,0.3383909412610202,0.35577096931097996,0.3291127269199028,0.34827635181143113,0.3435680482458449,0.34594990762258976,0.33864008555215575,0.35192733733244597,0.3527844440393553,0.35111865122640556,0.3521050053959617,0.6820635747174117,0.6902907799902335,0.65920516932851,0.8083638456741759,0.8112120589429533,0.6444082132733722,0.8083638456741759,0.9909623634080854,0.9858833332101035,0.13856676915774738,0.1395383733172063,0.3151063151682584,0.2811276821689768,0.7973963765283979,0.7973237266956867,0.8009930478031506,0.35835249900871957,0.3295942911492474,0.8057552397845266,0.0,0.0,0
2025-05-15,103445.0,104203.9,101333.0,103710.0,69.23018600544043,69.47912695843627,66.22944799339199,3972.325236651639,3762.3428215981544,107782.61010487056,96775.82989512944,107030.38611349983,90205.70388650017,107981.28025023638,82613.05308309697,2898.7114805759998,2899.0705269589403,3003.0979002608547,3147.0304956837267,103350.31773665159,101949.32793165262,98886.29898211469,93712.04622688727,102279.22,98618.045,90250.16200000001,82.95492701021693,83.38452774121032,55.33481885658551,80.50583260297294,34.1600981030879,25.87010507887649,-17.04507298978307,9.51575892805287,9.634425061471816,61.58827494360999,100783.15,94862.4,97822.775,90149.15,0.0,1.0,103757.8,104203.9,101333.0,103172.975,1,0.3522549439674825,0.35296438837220206,0.35025366489749593,0.35250324689739243,0.35216607771788844,0.3508418320203216,0.3478840211062537,0.34267977964142926,0.3511552352600553,0.3476207667033817,0.33904019774165894,0.35624368234356046,0.3457939183783456,0.3555632636332744,0.3389925852846337,0.35642261779457174,0.33050943634543173,0.3497260023869472,0.3438604395154893,0.3468362208223173,0.33893198607004105,0.3525479695626752,0.35296438837220206,0.35025366489749593,0.351999415766131,0.6923018600544043,0.6947912695843627,0.6622944799339199,0.8295492701021694,0.8338452774121032,0.6158827494360999,0.8295492701021694,0.9900310836335431,0.9868313465727858,0.11022002159376704,0.11450393224901007,0.3069656780245388,0.26852107096870326,0.797236652156861,0.7972490335319862,0.8007732602319979,0.35599118630032967,0.32910143332589975,0.8054532296810489,0.0,1.0,1
2025-05-16,103710.0,104555.0,103042.2,103410.2,66.40766179802233,68.2704538618133,65.52387298405442,3845.2369208752643,3778.9216414535767,107067.99137016041,98812.68862983958,107504.54973365493,90614.73026634507,108229.87611219073,83659.40388780927,2700.724126208,2800.0512036047303,2932.1313335817663,3092.556145827603,103370.27849110107,102214.9410349885,99317.14669810378,94092.36598269561,102940.34,99059.64,90574.73200000002,80.5581759749292,81.4498291841879,58.93203431296054,80.38761343330714,33.50626147403523,25.803104512233535,-19.44182402507081,6.8298226221345235,9.338188569682467,61.54276521531188,101337.1,95474.1,98405.6,90149.15,0.0,0.0,103577.5,104555.0,103042.2,103679.35,0,0.3541983879587837,0.3549864541100955,0.35357115905073355,0.35391728835166203,0.35387979730982777,0.35278866343022586,0.3499983481850225,0.34476175966976347,0.35347514063630925,0.3497465839655925,0.3410751035050919,0.3572940843995214,0.34950454281325155,0.35768959406893697,0.34111779688229843,0.3583432805063041,0.3334055032017873,0.3519515717208326,0.34617350508504685,0.34910426516643367,0.34061971318309003,0.3540742502386397,0.3549864541100955,0.35357115905073355,0.35416968602515225,0.6640766179802233,0.682704538618133,0.6552387298405442,0.805581759749292,0.814498291841879,0.6154276521531188,0.8055817597492918,0.9882011390457225,0.9871173926710719,0.11732129767844274,0.11433725876984356,0.22380744543253758,0.26064974707820665,0.7901645413458599,0.7937750055565972,0.7983825845875314,0.35411407995706545,0.32885177208165894,0.8037076564419273,0.0,0.0,0
2025-05-17,103410.2,103669.4,102539.7,103081.2,63.11327958703573,66.89515178424972,64.7292769751511,3675.6009250860807,3758.2574981800776,104728.09954834188,102371.20045165811,107770.41535883033,91286.98464116966,108382.80316465852,84718.12350200818,2476.292108178285,2680.7404033472494,2846.3012700778727,3027.1276076333497,103273.91899406738,102372.44266499058,99675.62796495104,94444.86927749186,103549.65,99528.7,90948.856,77.92798554594434,80.48036284369682,42.98317233879396,63.68422534101214,32.59303967761899,25.59804182963715,-22.07201445405567,6.282317109006147,10.011953041622196,59.21396138381276,103265.05,96427.85,99846.45000000001,90149.15,0.0,0.0,103560.1,103669.4,102539.7,103175.125,0,0.3559942153142844,0.35623744286489856,0.3551730003798159,0.35568463452099197,0.3558660945414514,0.3550144373368541,0.352422476223523,0.3471950939695505,0.3561251456297021,0.3522793124271354,0.3435425070469575,0.3572248054075015,0.35501325875457945,0.3600090413053799,0.34390166455134275,0.36056022830725853,0.33668235568522975,0.35585775091328026,0.3492090869785681,0.35258866468668115,0.34268789715652326,0.35613495028691694,0.35623744286489856,0.3551730003798159,0.3557731133956973,0.6311327958703573,0.6689515178424972,0.647292769751511,0.7792798554594433,0.8048036284369683,0.5921396138381276,0.7792798554594432,0.9852286698218817,0.9867598960687787,0.08575519897097904,0.09072728924595146,0.20640224955988373,0.27850054694143,0.7814921350747228,0.7894221266967267,0.7954126901868402,0.351431889305831,0.32808375976507304,0.8015699756216709,0.0,0.0,0
2025-05-18,103081.2,106650.0,103050.0,106428.1,76.78291862871502,72.88037679615064,68.77408678513126,3767.7972141391656,3760.1654413718957,105931.95717363199,101804.96282636799,108585.50888555124,91617.73111444875,108740.05982207293,85828.1001779271,2636.821807009959,2746.4018031081605,2882.1916857884503,3046.2233540455713,104325.3126627116,103109.83490771955,100318.72053971761,94914.79989406081,103868.45999999999,100101.62,91425.34,98.33364622836335,85.60660258307898,89.10494624745611,92.86577878466498,32.762300335496676,25.88943413577231,-1.6663537716366477,3.0880472685005866,12.065321886875507,65.34367082401245,103669.0,99140.75,101404.875,90553.1,0.0,0.0,103245.7,106650.0,103050.0,104802.32500000001,1,0.35507379004876166,0.3583812360865752,0.35504438710454816,0.3581787453056255,0.3562392540385912,0.3551007680384529,0.3524363291894043,0.34706670988142696,0.3558128585790657,0.3522260752650944,0.34343962935408695,0.35772451047597154,0.35386394916160036,0.3601302769809158,0.34364307203161343,0.3602686283675633,0.3373320697853991,0.35562612437032803,0.35129016285705644,0.35348164247578523,0.34251205755481223,0.3552286723939281,0.3583812360865752,0.35504438710454816,0.3566825334098236,0.7678291862871502,0.7288037679615065,0.6877408678513126,0.9833364622836335,0.8560660258307898,0.6534367082401245,0.9833364622836335,0.986926144746791,0.9867933129546451,0.17634697904178862,0.13189253039014615,0.10257289097237358,0.3316877801291907,0.7877708782477923,0.7918410945187082,0.7966653183734934,0.3519344805306258,0.32917334263915315,0.8021986079235042,0.0,0.0,1
2025-05-19,106428.1,107134.3,102000.0,105538.0,68.86471589345089,69.29235595710577,66.64003800297294,3726.0877857432642,3753.3499102461697,106308.53609469855,101949.74390530145,109013.332158364,92323.70784163597,108852.64917302507,87081.4774936416,2993.6044060085364,2916.9659600290065,2989.4349388461433,3115.8259089107187,104729.54177514107,103551.31946995234,100815.79477403022,95331.39597664666,104129.14,100668.51999999999,91889.142,88.43327923018954,88.23163700149907,80.36946100783301,78.3419117672688,32.30440327334229,25.87695286657086,-11.566720769810464,2.5325654417708168,12.036093418259023,69.6174077431745,103911.15,99382.9,101647.025,90795.25,0.0,1.0,104754.65,107134.3,102000.0,105275.1,0,0.3559831362277145,0.35662573999638536,0.35185685896864877,0.3551672662840587,0.35442041640501853,0.3533218938649047,0.35072389330711284,0.3453026329761931,0.3538621362400868,0.3505820892839311,0.3417434927617891,0.35587392962220643,0.35180903732821917,0.358315714751001,0.34219986361218385,0.3581723102798179,0.33655052744694613,0.35365866575920385,0.3493356111950853,0.3515204976592054,0.3405854077166269,0.3544436953858797,0.35662573999638536,0.35185685896864877,0.35492501197809473,0.6886471589345089,0.6929235595710577,0.6664003800297295,0.8843327923018954,0.8823163700149906,0.696174077431745,0.8843327923018954,0.9861836418839803,0.9866735552022301,0.15936874356394787,0.11145207693489056,0.08421887991939135,0.33094435019165397,0.800456741702042,0.7978642063500297,0.8003174120302836,0.35056896186754244,0.32912691486105045,0.8044570426077525,0.0,1.0,0
2025-05-20,105538.0,107292.4,104125.4,106808.2,73.42700321714989,71.45225821323584,68.12218299216185,3752.273415510077,3753.1346112989513,107030.96957891612,101632.49042108387,109487.32898307608,93118.73101692392,108931.87846065975,88446.42820600692,3018.3752051501738,2934.825534312649,2997.890417948708,3117.531711947028,105422.42785009404,104143.47956632465,101386.50003364639,95781.46672266052,104331.73,101303.03,92375.21800000001,95.81438771805469,94.19377105886919,145.56935035281515,93.7432455795334,31.933080898614428,25.890859643532643,-4.185612281945309,1.9334372312881032,13.48328693767398,69.87218563991266,103990.2,100021.2,102005.7,90874.29999999999,0.0,0.0,105983.05,107292.4,104125.4,105941.0,1,0.3551141047783104,0.3567158520198939,0.3538055080095866,0.3562763400753276,0.35500768253157233,0.3538223651042539,0.3512184081201437,0.3457057540769163,0.3539977181316528,0.3511385036563311,0.34220087546013106,0.35647878963242763,0.3514535199339342,0.35868433118237525,0.3429764667330145,0.35818983655103215,0.3379996172823966,0.3536793595612734,0.34990334210282764,0.35180917265810857,0.34061663110561197,0.35552286539832645,0.3567158520198939,0.3538055080095866,0.35548431555288496,0.7342700321714989,0.7145225821323584,0.6812218299216185,0.9581438771805469,0.9419377105886919,0.6987218563991265,0.9581438771805469,0.9866545413976974,0.9866697545951876,0.2831825356875057,0.13312404427946095,0.0643588268737171,0.3672466417841899,0.801280520325325,0.7984743965050759,0.800599763855115,0.3494477651034507,0.32917864386627743,0.804511756488899,0.0,0.0,1
2025-05-21,106808.2,110800.0,106001.8,109608.7,80.70102140337477,75.53765174551766,71.09514094272487,3953.4299811050587,3793.193685260173,109029.04822768814,100740.15177231187,110581.40411439919,93342.4358856008,109519.35841504288,89334.78825162379,3272.63589012872,3067.9237104331737,3083.619445665436,3173.5539882154603,106817.8519000627,105137.15600881106,102169.56669710863,96323.71116490914,104884.6,101961.92,92864.78199999999,91.47115887141229,91.90627527321884,251.76656017484876,135.9612086216015,32.6117444027089,26.418357845882024,-8.528841128587715,5.311971560338199,13.665536669262657,71.62798710192644,106066.5,101775.0,103920.75,92628.1,0.0,0.0,106173.1,110800.0,106001.8,108304.675,1,0.35454623873803,0.35811143471035745,0.35381032499397075,0.3570606912068629,0.3545550142632571,0.3530151949237471,0.3502370746681557,0.34452780660692667,0.3527817453239673,0.35003976551679394,0.3409895353146836,0.35654540936554713,0.34887087105844744,0.3579194552777145,0.3414856600973485,0.3569814438191682,0.3372446735009182,0.3538695699002637,0.3498618176250626,0.3518857700169814,0.34074278580211725,0.35396710557334987,0.35811143471035745,0.35381032499397075,0.3558977224304932,0.8070102140337476,0.7553765174551766,0.7109514094272487,0.9147115887141228,0.9190627527321884,0.7162798710192644,0.9147115887141228,0.9897780394732832,0.9873586882201262,0.4648912309332962,0.19182412855307826,0.1752381637926887,0.37174285139843666,0.8093656539201828,0.8029082196191893,0.803418357238215,0.3514875541690662,0.3311212783423251,0.8062922425306482,0.0,0.0,1
2025-05-22,109608.7,111968.0,109150.0,111646.5,84.34012833256898,78.0043171890922,73.01776095635485,4228.537489977418,3880.2624462036224,111294.39345074004,100254.90654925995,111954.5609384078,93450.57906159219,110779.57583615225,89291.00416384777,3207.687905824617,3050.072016830804,3070.9709006337484,3161.7021886082784,108427.40126670848,106320.67309811813,103072.13177357448,96924.60484471662,105774.65,102702.56999999999,93448.35,97.14982269503547,94.8117897615008,237.41094629185852,165.112783670579,33.51739126270323,27.06741582963586,-2.850177304964539,8.662624335740563,15.297391914988099,71.5257433665572,106650.5,102359.0,104504.75,93212.1,1.0,0.0,108208.45,111968.0,108208.45,110593.3,1,0.3574243362837426,0.35949487880913117,0.3570167511171792,0.3592152379118385,0.35637128560401277,0.3544653030165318,0.3514532095433454,0.34549223342395186,0.35396532369526834,0.35110472727325115,0.3419572245877314,0.3589080755412158,0.3487655025416127,0.35948320515257953,0.3419595318381953,0.35845726607855743,0.33755866812418917,0.3547661104093843,0.3507796613090802,0.3527927492645512,0.3417123853302903,0.35617488080667925,0.35949487880913117,0.35617488080667925,0.35829364822978627,0.8434012833256898,0.7800431718909221,0.7301776095635485,0.9714982269503547,0.9481178976150081,0.7152574336655719,0.9714982269503547,0.9929056478851784,0.9887364538487463,0.44208706940064046,0.23159613190077624,0.2809877247485856,0.411211451191843,0.8073617380482601,0.8023248288774638,0.8030074621772748,0.35414632915954364,0.333460932449125,0.8059182064148906,1.0,0.0,1
2025-05-23,111646.5,111758.4,106755.0,107275.9,57.302848474079966,63.26878607678493,63.50513826462336,4047.2372477551544,3913.657406513929,111553.80582546082,100636.5541745392,112162.80843230941,94388.37156769058,111266.87242313115,89713.08757686884,3464.218204992528,3189.595444200032,3162.991333936903,3223.0921156546688,108043.56751113899,106494.3507166421,103472.49065228167,97330.53798806107,106095.18000000001,103275.59,93930.364,58.40336879432619,82.34145012025799,115.07082597416613,119.02531776624228,33.040882220802914,27.047648021471787,-41.59663120567381,3.079928433198221,11.960904029097582,64.18686374003464,106650.5,102359.0,104504.75,93212.1,0.0,0.0,110627.6,111758.4,106755.0,109358.95000000001,0,0.3573456320173576,0.35744299941435265,0.3529940000228905,0.35346652166478604,0.35415884761462924,0.35275671763504957,0.34996385756941795,0.3440350034897483,0.3523922372044141,0.3497791427428968,0.3405950567092959,0.3572649043044713,0.34726992496269776,0.357794098450604,0.3410653759150586,0.3570145990060643,0.3361571834574511,0.35289893592707955,0.34891475915102965,0.3509266883075614,0.3398530015294404,0.35645466885371047,0.35744299941435265,0.3529940000228905,0.3553341035968452,0.5730284847407997,0.6326878607678492,0.6350513826462336,0.5840336879432619,0.8234145012025799,0.6418686374003464,0.5840336879432619,0.9909744167857205,0.9892243367796337,0.22616276309229608,0.16841618844601156,0.10230510303106666,0.329030011144717,0.8150530883665041,0.8067962837983984,0.8059589589925797,0.3527562220549203,0.3333904778951242,0.8078406675071536,0.0,0.0,0
2025-05-24,107275.9,109454.5,106832.3,107716.0,58.85248363638082,64.00613097000749,64.00100135928204,3894.178228945646,3909.7615710002724,111748.02201797102,101296.53798202898,111995.05241699825,95905.31758300174,111744.8281758479,90153.16515748542,3343.929889993595,3149.067198185744,3137.2393656541935,3203.06237846618,107934.37834075933,106716.46876816172,103876.63439968342,97737.8110081371,106522.28,103950.185,94407.442,62.304964539007095,72.61938534278958,78.48326419114069,102.77072143430752,32.59840953903834,27.028868603715914,-37.695035460992905,4.128764077529122,14.318948124736657,61.85415375398373,106984.0,102410.2,104697.1,93212.1,0.0,0.0,109461.2,109461.2,106832.3,107819.675,1,0.3540717771666666,0.3560245450807861,0.3536694444847657,0.3544693422128414,0.3546660294596585,0.35356412176092045,0.3509466041466014,0.34504275879566715,0.35338730104515287,0.35101526828553287,0.34168777690060004,0.3580399339350269,0.34850759016458294,0.35825460380549423,0.3432106652971274,0.35803715546059134,0.3372315233999044,0.3538072143092166,0.3495676608641239,0.35170990317104545,0.3404556129881773,0.35603049213008703,0.35603049213008703,0.3536694444847657,0.3545627676132431,0.5885248363638081,0.6400613097000749,0.6400100135928204,0.6230496453900709,0.7261938534278959,0.6185415375398373,0.6230496453900709,0.9889423702412236,0.9891685214635053,0.155689968444734,0.14576947734144216,0.1367630915247468,0.3877191119812167,0.8115201012699502,0.8055179064349518,0.805141721006968,0.35144787307011466,0.33332350005988015,0.8072174776933245,0.0,0.0,1
2025-05-25,107716.0,109300.0,106538.4,108976.2,63.301954714382056,66.10435605241798,65.41389392119672,3830.4108697194315,3893.8914307441046,112093.1231282912,102004.67687170878,111778.52358551227,97549.59641448772,112329.76714894547,90526.89285105454,3260.739905708797,3121.3909697439053,3119.351776813518,3188.346965850641,108281.65222717289,107127.3289921323,104362.30731399929,98178.5321450729,107048.9,104664.06,94917.032,73.47695035460991,64.72842789598106,72.73712513573025,99.81307841768273,32.02674939243594,26.933364156088526,-26.523049645390095,5.077813132774079,15.07676451735874,61.848380660901576,106984.0,102410.2,104697.1,93212.1,0.0,1.0,107495.95,109300.0,106538.4,108132.65000000001,1,0.3549165500790109,0.3563347043788365,0.3538490566793268,0.35604643724943613,0.355425289919683,0.35438434473018315,0.3518459349224591,0.3459243811847685,0.3543132243891798,0.3521261100338501,0.3426539606559005,0.35878741140227105,0.3496294394808302,0.3585141414732254,0.3453019935019122,0.35899247598624096,0.3380758230844726,0.3542543340289936,0.3500142021419116,0.35215673980016715,0.3409008248215668,0.35471793875269875,0.3563347043788365,0.3538490566793268,0.35529153025079363,0.6330195471438206,0.6610435605241798,0.6541389392119672,0.7347695035460992,0.6472842789598106,0.6184838066090158,0.7347695035460989,0.987966994987718,0.9889381644130155,0.14445665139025363,0.14163152933974418,0.16766236246384844,0.4059601819437327,0.8090016045394014,0.8046354323774055,0.8045701023426531,0.34973178207673106,0.33298218222592424,0.8067571461922858,0.0,1.0,1
2025-05-26,108976.2,110452.2,108640.7,109382.3,64.73559953522664,66.77647698739736,65.867181360484,3769.1947236622073,3868.9520893277254,112217.69560890947,103074.52439109056,111705.14528174713,98881.30471825288,112878.36204437348,90965.23128895984,3053.705633464683,3027.827329047912,3057.073120774779,3142.452066988953,108648.53481811527,107537.32372083553,104840.40185552316,98617.89559036416,107646.11000000002,105293.225,95537.156,75.68688293370947,70.48959927577549,91.10285699260311,117.24245177322452,31.871346359959297,27.022969095090936,-24.313117066290523,5.775155642286744,12.999411150941645,60.330874885181224,106984.0,102650.75,104817.375,93212.1,0.0,0.0,108346.1,110452.2,108346.1,109362.84999999999,1,0.3574554295769099,0.3587633020083786,0.35715574440698034,0.35781698075972,0.3571627531049945,0.35616377209270905,0.3536969046323764,0.34776171078100737,0.35626201303221994,0.3541153750870244,0.34468749116759445,0.36030555454466834,0.35204805414668205,0.35986026007897454,0.3480202287604244,0.3608766198784856,0.339943628600457,0.3556625861574722,0.35164828564649275,0.3536755778103652,0.34230312306409905,0.35689185053640793,0.3587633020083786,0.35689185053640793,0.35779969417982443,0.6473559953522664,0.6677647698739736,0.65867181360484,0.7568688293370947,0.7048959927577549,0.6033087488518123,0.7568688293370949,0.9869503243762462,0.988566285390815,0.18021579069564023,0.1659404221681426,0.1901619482044625,0.35522593580280126,0.802443851130515,0.8015930803475599,0.8025540297509475,0.34926013469820755,0.33330244987173663,0.8053076859413222,0.0,0.0,1
2025-05-27,109382.3,110700.0,107421.7,108864.0,61.176979050758,65.00481064715542,64.73029483494673,3636.933700698137,3822.548411601808,111662.36979103835,104786.41020896162,111221.56948973013,100552.47051026985,113217.86904218786,91636.65762447882,3085.7905429697284,3045.718234115918,3067.607734071218,3146.9803314226547,108720.35654541019,107778.53758977451,105223.60167880666,99019.70360642832,108224.38999999998,105887.01999999999,96131.554,70.81335213916314,73.32572847582752,66.21133155955968,92.9575117392795,31.044641702441957,26.7804291194143,-29.18664786083686,5.609946333570043,12.244698060896123,56.38050836971274,106984.0,102650.75,104817.375,93212.1,1.0,0.0,109179.25,110700.0,107421.7,109092.0,0,0.35767700892752585,0.3588411900820572,0.35591935012241493,0.3572153537045432,0.3570870308941057,0.3562415598248007,0.3539113300387261,0.3480162267639652,0.35664269275254623,0.35452163951176835,0.3451486009690552,0.3596829559510997,0.3535070914479773,0.35929827588815105,0.34950534514596193,0.36102871402478226,0.34051534308451903,0.3555227019603421,0.35150856986324697,0.35353577613027964,0.3421638265492849,0.3574964040096441,0.3588411900820572,0.35591935012241493,0.35741869829188605,0.61176979050758,0.6500481064715542,0.6473029483494673,0.7081335213916314,0.7332572847582752,0.5638050836971275,0.7081335213916314,0.9844532165790643,0.9878409570694286,0.13165401014701736,0.13202129559409886,0.18484860164376207,0.3362411937025704,0.8034887170878395,0.8021820301495461,0.8028979230898733,0.346712998381838,0.33243317842700426,0.8054516361558008,1.0,0.0,0
2025-05-28,108864.0,109217.8,106718.0,107738.9,53.700856409055675,61.20847510722182,62.280122059354476,3402.112287256794,3738.4611867328053,111604.25350900582,105106.68649099418,111359.78037185525,100864.14962814478,113438.69215703296,92267.11450963371,3002.077608259768,3006.72407453621,3040.5692705440174,3125.407653708566,108393.2043636068,107771.33075527006,105463.1538998727,99361.63287676446,108355.47,106111.96500000001,96760.594,60.234132581100084,68.91145588465757,28.73448087365988,55.22727489253894,29.901153350177214,26.366714551042378,-39.765867418899916,1.231629616614398,4.35771018984889,52.32037216195282,108046.7,102650.75,105348.725,93212.1,0.0,0.0,109123.15,109217.8,106718.0,108134.67499999999,0,0.35788395684348323,0.3581993815915548,0.35594910609067354,0.3568742276068924,0.3574626777024686,0.35690347598579125,0.3548001351690991,0.3490171632868636,0.3574288351461268,0.3553958521311137,0.3464464828382429,0.360301386459422,0.3544713217274992,0.36008807285367794,0.3504725759481115,0.3618876610794488,0.34184354674826495,0.35715147960336513,0.35217604171715255,0.35469470119677066,0.34282930066835837,0.358115095326229,0.3581993815915548,0.35594910609067354,0.35723058236674277,0.5370085640905568,0.6120847510722183,0.6228012205935447,0.6023413258110009,0.6891145588465757,0.5232037216195282,0.6023413258110009,0.9787980076473307,0.9864081760129854,0.05740577798951231,0.07873281475915207,0.04103127099275766,0.12386661632553007,0.8007392911225738,0.8008938950322403,0.8020128868626848,0.34307935084555835,0.33093274775223247,0.8047639909935465,0.0,0.0,0
2025-05-29,107738.9,108850.0,105250.0,105550.0,42.03995300668822,54.53552234861152,57.810030497369254,3004.751780574763,3591.719305501197,111601.29608267704,105112.04391732295,111293.71610098962,101192.09389901038,113354.14434282195,93108.32899051138,3087.495092794087,3049.1009263550523,3067.2088290895404,3141.2273985849474,107445.46957573786,107367.45243613004,105471.42495702767,99604.31394042075,108356.67,106242.905,97219.71600000001,35.61396468699839,55.5538164690872,-22.100778194755836,13.284067475333494,28.104170047526342,25.607386393401743,-64.3860353130016,0.011370312115067558,2.544223714481132,43.52065306493456,108609.0,102650.75,105629.875,93266.95,0.0,0.0,108301.45,108850.0,105250.0,106847.225,0,0.35638360696069055,0.3573806926617878,0.3541133542862195,0.3543897471354369,0.35611861865212946,0.35604804536021184,0.3543174290097912,0.3487641844329315,0.35693921184994115,0.3550252222596633,0.34641595067882025,0.35980770771594306,0.35398599716232065,0.35953928676652336,0.3502977171702361,0.36132379298638595,0.3422330749401654,0.35716526535671095,0.35168610737472566,0.35446320813777843,0.3423977410993813,0.35688967398436466,0.3573806926617878,0.3541133542862195,0.3555761767275973,0.42039953006688224,0.5453552234861152,0.5781003049736926,0.35613964686998395,0.555538164690872,0.43520653064934556,0.356139646869984,0.9642507093932583,0.983495110000412,-0.044172792198769815,0.01897496145206058,0.0003790103856874455,0.07256433770239445,0.8035439226270871,0.802292995966219,0.8028849227018664,0.3370881464513176,0.32811888612030693,0.8052687190030235,0.0,0.0,0
2025-05-30,105550.0,106278.3,103569.0,103976.6,35.56377403295478,50.29130781951233,54.83931209868973,2533.6738704327145,3380.110218487501,112187.11931781181,103959.9006821882,111311.90131251157,101093.33868748842,113101.44423180298,94018.26910153037,3033.467222394932,3024.829431615406,3050.165551513848,3126.8298186321163,106289.1797171586,106750.93381137912,105329.06067540598,99775.77613883562,108073.51000000001,106202.62,97708.09800000001,19.829454253611615,38.55918384057003,-95.51340043214626,-44.93666681744917,26.501372379425256,24.50052132256132,-80.17054574638838,-2.651107311985401,-0.7689275765086251,44.972620239385385,107768.5,102650.75,105209.625,93266.95,0.0,0.0,106644.45,106644.45,103569.0,104843.475,0,0.35483589604758153,0.3555038125581817,0.35299624205192887,0.35337753476034406,0.35551375649431116,0.3559348854392755,0.3546323897307747,0.3493763313876949,0.3571313783946926,0.35543461453458125,0.34734651479672674,0.36076387474049565,0.353361941777155,0.36000199266984173,0.35064860125228636,0.36155364833248066,0.34361860721800486,0.3568567128037329,0.3521318932203046,0.35452220531691336,0.34284220210438676,0.35583792729363617,0.35583792729363617,0.35299624205192887,0.3541836580146185,0.3556377403295478,0.5029130781951233,0.5483931209868973,0.19829454253611614,0.38559183840570027,0.44972620239385386,0.19829454253611614,0.9340345121709184,0.9781736992448119,-0.18873662212229808,-0.06410719995973359,-0.08814092345774992,-0.02196582548717004,0.8017791143568184,0.8014940525150667,0.802327894463882,0.33142359081337003,0.3238698895977417,0.8048094694377005,0.0,0.0,0
2025-05-31,103976.6,104898.5,103036.8,104566.1,39.628927668194514,51.80470135060857,55.73418370313708,2182.7476004304335,3140.6376948760876,112028.25388629433,103110.24611370567,111300.08269590106,101153.76730409895,113001.98889325329,94660.07110674673,2866.0719049099416,2941.748757928591,2993.571953822712,3084.6588246777123,105714.81981143907,106353.69130021927,105256.39775393876,99963.63197652834,107569.25,106226.925,98131.76399999998,25.743378812199094,27.062265917603032,-119.84713913422856,-58.24178189515737,25.23387256374132,23.332136630986454,-74.2566211878009,-4.600547219335684,0.4670445810914737,48.38889537672402,107397.6,102650.75,105024.175,95195.0,0.0,1.0,104763.3,104898.5,103036.8,104119.5,1,0.35469601234543346,0.35555342185912236,0.3538143216544395,0.35524512132188796,0.35630654828978564,0.3568920318582405,0.35588431230503825,0.3508756661522331,0.35799663323331643,0.3567761311929275,0.34908199649984617,0.36194724367597286,0.35388350719938155,0.36131266321683514,0.3520239774603181,0.36278958157888486,0.34559182241020103,0.35784138948798205,0.3534498770824265,0.35566973807484925,0.3461376016619529,0.35542813870333234,0.35555342185912236,0.3538143216544395,0.35482939833254684,0.39628927668194514,0.5180470135060857,0.5573418370313707,0.2574337881219909,0.27062265917603034,0.4838889537672402,0.25743378812199097,0.8967094724720662,0.9700863255784954,-0.2352069618159652,-0.08301108131319805,-0.15216066728415306,0.013343338900161145,0.7961046545760685,0.7987099375214034,0.8004556580075948,0.326705142170567,0.3191797971722426,0.8034520470971345,0.0,1.0,1
2025-06-01,104566.1,105843.6,103696.7,105614.4,46.616160850671434,54.45991708441036,57.31354448249758,1966.5558207941212,2905.8213200596947,110613.81395483707,103318.26604516292,111198.0071076749,101542.6828923251,112936.16859051296,95311.28474282038,2763.3330613513795,2884.9738466479785,2953.254241735917,3053.400197188456,105681.34654095938,106219.27470017939,105290.4932059446,100185.23072254684,106966.04,106370.345,98539.284,36.26003210272867,27.277621722846458,-84.20421920557379,-36.26622671433211,23.598772961095612,22.422448422904512,-63.73996789727133,-5.402856336741417,2.791738851147484,47.43825315890388,106868.4,103846.1,105357.25,95448.1,0.0,0.0,104271.35,105843.6,103696.7,104930.20000000001,1,0.3562346071485506,0.35741466947402045,0.3554234802302977,0.35720397354859984,0.35726556118316916,0.3577590574567389,0.3569054578057716,0.35207873252001615,0.35844012908223594,0.35789721273498637,0.35047157381979804,0.3617019216769878,0.3550683458309403,0.3622145559044643,0.35338503159460494,0.3637244474398319,0.3472426058333989,0.3583513417259046,0.35556333541755364,0.35696705448103133,0.3473815990069706,0.3559603498151155,0.35741466947402045,0.3554234802302977,0.35657235771471396,0.46616160850671434,0.5445991708441036,0.5731354448249758,0.36260032102728673,0.27277621722846457,0.4743825315890388,0.36260032102728673,0.8645376218581573,0.9593125167940768,-0.1668341952846654,-0.051762590538338836,-0.17817305836454528,0.07959523606005622,0.792455467739338,0.7967617677147217,0.7991001526326139,0.32026965620640274,0.315369489680874,0.80243385175303,0.0,0.0,1
2025-06-02,105614.4,105919.7,103606.4,105827.2,48.040374637559324,55.00186848002557,57.63571668944601,1791.7394028933777,2683.004936626431,110522.88350706502,103119.45649293497,111177.99500456374,101738.35499543627,112727.69826805951,96187.20173194048,2699.042624015469,2844.140000458837,2922.780230224683,3028.730190615507,105729.9643606396,106147.98839105587,105341.60813871179,100406.48441970187,106821.17,106458.175,98981.49200000001,31.243281977785685,31.082230964237812,-83.2020146096651,-38.087363694586834,22.12254002680794,21.536911174467363,-68.75671802221432,-1.3504431097758185,1.6878926421102514,51.617277753658364,106868.4,104400.05,105634.225,97360.65,0.0,0.0,105090.25,105919.7,103606.4,105241.925,1,0.35799250232226326,0.3582731200078102,0.35612695562699387,0.35818818139097136,0.3580988163991223,0.35848243881006053,0.35774109672349563,0.35308020182471844,0.3590971437554823,0.3587661502126762,0.35169295731395345,0.3624114027112448,0.35566926527395215,0.3629866732434674,0.3543596197225273,0.36433447761858073,0.3489155152775053,0.3591401295475044,0.35686846654779997,0.3580107484749379,0.3500912973990843,0.3575088836486152,0.3582731200078102,0.35612695562699387,0.35764907060772955,0.48040374637559324,0.5500186848002557,0.57635716689446,0.31243281977785686,0.3108223096423781,0.5161727775365836,0.31243281977785686,0.8319671119331686,0.9456200202814415,-0.16488492688153236,-0.054356888873833005,-0.04498439003009117,0.048188152800949076,0.7901022838540208,0.7953367554649813,0.7980632657383092,0.31408079005209155,0.3115154461708593,0.8016228848537101,0.0,0.0,1
2025-06-03,105827.2,106773.7,104813.9,105324.7,44.75123974110037,53.386227426545325,56.57697158250922,1594.2708201746427,2465.2581133360736,110330.29705543091,102833.7829445691,111099.9590889638,102004.3609110362,112175.03898067254,97479.90101932746,2593.4365348704023,2780.97285756892,2876.9240287854122,2993.099184261657,105594.87624042641,105998.29959268206,105339.99783978685,100599.35561892924,106582.04000000001,106552.16,99397.038,25.61693837334283,31.040084151285726,-61.19166545674872,-26.185086422115095,20.758482695503638,20.880656777872787,-74.38306162665717,-2.220004456162504,1.8171008748610347,49.19819283987887,106868.4,106328.0,106598.2,97460.55,1.0,0.0,105720.79999999999,106773.7,104813.9,105684.875,0,0.35933885233381757,0.36020487409139823,0.3584033216799212,0.35887601241689393,0.3591251310774182,0.35949596017465185,0.3588901345276999,0.35441551300223384,0.3600301149457426,0.3600028422678836,0.353248102434095,0.3633936277794179,0.3565495204477937,0.3640705048978882,0.35576267932305844,0.3650083764511758,0.35135796696485644,0.36029111070714614,0.35979800486843205,0.36004486172919137,0.3513387051900284,0.35924102862675644,0.36020487409139823,0.3584033216799212,0.3592079777129662,0.4475123974110037,0.5338622742654533,0.5657697158250923,0.2561693837334283,0.31040084151285724,0.49198192839878874,0.25616938373342835,0.7867511444368138,0.9279610145878335,-0.1217759633272521,-0.037389828037345745,-0.07386536827486237,0.05187057237796264,0.7861124637098087,0.7930915615990403,0.7964824489873539,0.3080003690489629,0.3085602994373508,0.8004398692106769,1.0,0.0,0
2025-06-04,105324.7,105952.9,104135.3,104630.0,40.30085477456123,51.14929430904894,55.10750076577823,1365.972975364537,2245.4010857417666,109686.521015567,102608.31898443299,111047.58442048183,102148.73557951818,111473.15342837942,98843.87323828725,2482.6027441746296,2712.160510599711,2826.480027414678,2953.9158781196015,105273.25082695094,105749.51784855804,105272.3789979024,100757.42010446143,106147.42,106598.16,99817.564,17.838588319598685,24.899602890242395,-75.31777922348503,-56.22648887626799,19.4068759043823,20.086695684282716,-82.16141168040132,-3.988210269765322,0.8870889981679684,47.1003864609448,106868.4,106328.0,106598.2,97511.5,0.0,0.0,105575.95,105952.9,104135.3,105010.72499999999,0,0.36015759754363613,0.3607360909967526,0.3590530573877565,0.3595139449442411,0.36011007070772105,0.36054916762248135,0.3601092651497575,0.3558479718000429,0.3609145430867813,0.3613268308575114,0.3549376175011862,0.3641069064649553,0.35761689764763555,0.3653079902396643,0.35718057990902674,0.36568059643423984,0.3539856679541795,0.36157320431480755,0.3610799221071094,0.36132686736982056,0.3526681841235018,0.3603893690227193,0.3607360909967526,0.3590530573877565,0.3598672067815404,0.4030085477456123,0.5114929430904894,0.5510750076577823,0.17838588319598686,0.24899602890242395,0.471003864609448,0.17838588319598686,0.7214434400082735,0.9045926773621679,-0.1495064449182253,-0.08015125438152562,-0.13216268182072272,0.025339974137280733,0.7817465504408242,0.7905869474417765,0.7947141144274674,0.30158718981965726,0.3048642305320494,0.7991225461793567,0.0,0.0,0
2025-06-05,104630.0,105866.7,100350.0,101455.2,26.336593378160416,42.40466908015635,49.00047277478129,918.2801000817999,1979.9768886097731,109179.97749229215,101529.44250770783,111297.9663721107,101702.8536278893,110996.09614228485,99631.34385771515,2916.0452092925393,2912.4847598425886,2954.5857403949312,3039.3420155156145,104000.5672179673,104968.73278518385,104908.83814095931,100784.78402193353,105354.70999999999,106500.41,100166.94799999999,9.687598611549364,17.71437510149696,-139.89864080652475,-133.30363442654553,19.700459388457887,19.650835498918916,-90.31240138845064,-7.247150590177758,-1.8905291741046821,44.31337520811798,104783.9,106159.0,105471.45,97511.5,0.0,1.0,104977.35,105866.7,100350.0,103075.475,0,0.35674238329606284,0.35788444609094494,0.3526860831750035,0.3537493790797738,0.35615606986848275,0.3570564941275952,0.3570010248884457,0.3531057322104485,0.35741321670679954,0.35846464657549876,0.3525088751226327,0.36088141166660287,0.3538204030245831,0.36275118754056557,0.3539861001702553,0.36248682113940306,0.3519885591928559,0.3568852188621753,0.35815248304609204,0.3575208583888408,0.34990224405546955,0.3570644721154414,0.35788444609094494,0.3526860831750035,0.3552880637561684,0.26336593378160417,0.42404669080156354,0.49000472774781284,0.09687598611549364,0.1771437510149696,0.44313375208117983,0.09687598611549361,0.5456645648636752,0.8667800971516975,-0.27271744969287454,-0.18816464566053906,-0.23697972242885643,-0.05396264839546822,0.7978326468305227,0.7977105155693385,0.7991452130296998,0.3030155892704195,0.30277557785846315,0.8019725293175863,0.0,1.0,0
2025-06-06,101455.2,105320.4,101046.0,104227.5,45.5554899332426,50.38186927089179,53.7045127810658,778.2109801299957,1739.6237069138178,107949.6512655317,101832.46873446826,111215.88254086098,101899.56745913903,110347.90931652236,100762.15735014432,3110.0958936793186,3009.764419853832,3017.434038471363,3080.510614998427,104076.21147864488,104833.96318787769,104843.94879420128,100919.79249166163,104891.05999999998,106557.725,100553.36799999999,37.46376811594203,21.663318349030025,-91.54481677862283,-101.71783780913843,19.97307262367093,19.236768322823306,-62.53623188405797,-4.258983686067019,1.1120359483591604,52.648607659785704,104600.0,106159.0,105379.5,97511.5,0.0,0.0,103042.6,105320.4,101046.0,103012.275,1,0.35244333740669964,0.3560741122142409,0.3520511240753621,0.3550607935758957,0.35491970879749013,0.3556243636830618,0.3556336165144969,0.35192984462890237,0.35567725900902647,0.35720908114397687,0.3515768922691138,0.3584706525718997,0.35280358711038395,0.3613699647025911,0.3528675232193531,0.36060766092393975,0.3517781578329241,0.3554073240516881,0.356844744935361,0.356128617194786,0.34859774698307566,0.35395044737455705,0.3560741122142409,0.3520511240753621,0.353921867988427,0.455554899332426,0.5038186927089179,0.537045127810658,0.3746376811594203,0.21663318349030025,0.5264860765978571,0.3746376811594203,0.47677897427472404,0.820958110175123,-0.1810708661323853,-0.14429699678327362,-0.14102000312248839,0.0317617686685582,0.8042730320491798,0.8009949285584848,0.8012493445578089,0.3043239358914078,0.30075011638262994,0.8033175215146787,0.0,0.0,1
2025-06-07,104227.5,105865.9,103811.0,105499.9,52.22922769654375,53.561039766110845,55.67479459109698,761.1037097389344,1543.9197074788412,107128.59313571318,102205.72686428683,111192.15406378759,101830.47593621239,110345.74063898239,100914.98602768427,2959.353623153701,2941.5598184357004,2971.5990842584406,3046.3235944984795,104550.7743190966,104955.04260826355,104906.42033761067,101099.40455081216,104667.16,106511.31499999999,100974.974,49.75748792270526,32.30295155006555,-30.653368592293813,-47.974903533453734,19.91212786342386,18.70814063088833,-50.24251207729474,-2.0781723221603343,-0.8721380913499457,53.55081556856419,103561.85,106159.0,104860.425,97822.7,0.0,0.0,102841.35,105865.9,102841.35,104851.07500000001,1,0.35614491798448666,0.3576606784973652,0.3557559035597134,0.3573240621457557,0.3564458191587751,0.35682083923568186,0.356775809047144,0.3531855665785185,0.35655392874765257,0.35825153059127435,0.3530660178025397,0.35881337702191274,0.35424224694534434,0.3624352687969195,0.3538850838742078,0.361691592382755,0.35300833223471073,0.35552246994499037,0.35792943282749257,0.3567331930493314,0.3499887394466526,0.3548443364467263,0.3576606784973652,0.3548443364467263,0.35672452778489816,0.5222922769654376,0.5356103976611084,0.5567479459109699,0.49757487922705257,0.3230295155006555,0.5355081556856419,0.49757487922705257,0.467918862991464,0.7736193331754365,-0.06123004503063323,-0.06842847097826882,-0.06916181793844128,-0.024913075067240404,0.7993064007464115,0.7987035168047832,0.7997191961653939,0.30403292712197083,0.2981031780382274,0.8022018974363675,0.0,0.0,1
2025-06-08,105499.9,106441.8,104924.7,105670.8,53.12951206602109,53.987474505349034,55.939248076108285,752.6600795494887,1385.6677818929709,107159.00290995467,102199.47709004534,111193.62635905424,101842.28364094577,110329.31245124529,101114.05421542138,2753.317391274602,2839.8126885474367,2902.3372231032768,2995.3494746818637,104924.11621273108,105085.18031585199,104979.21840069538,101278.67496058423,104679.24,106517.955,101387.42,51.40869565217393,46.20998389694041,0.8547981965190781,-28.556697936166255,19.524549504102605,18.063132963044396,-48.59130434782606,0.11444812884888955,0.12583145407341706,50.3099213243018,103561.85,106159.0,104860.425,97925.35,0.0,0.0,104863.7,106441.8,104863.7,105634.3,1,0.35896454775810205,0.35982894962708256,0.3584329759540409,0.3591219422454352,0.35843243500835864,0.3585815684679369,0.3584834805960958,0.3549961373550241,0.3582052707501874,0.35989851331301914,0.35510037076839507,0.36048216749216005,0.3558753211155521,0.36407938479095403,0.3555351891245192,0.3633195902799106,0.35483813939819087,0.35716210144431815,0.3595702020004467,0.358373400232605,0.3517274143933148,0.35837643664887003,0.35982894962708256,0.35837643664887003,0.3590883474861074,0.5312951206602109,0.5398747450534903,0.5593924807610828,0.5140869565217393,0.4620998389694041,0.503099213243018,0.5140869565217394,0.4635106894699007,0.7276800331405137,0.0017095947274830118,-0.04077266656906948,0.0038149191211890227,0.0035951689125044155,0.792092492002453,0.7951845448159116,0.7973616120937568,0.3021621706454626,0.29477562584350914,0.8005149984924442,0.0,0.0,1
2025-06-09,105670.8,110660.8,105252.6,110219.9,70.43353447482826,63.57554566364528,62.23640590997253,1100.3585450187238,1328.6059345181216,109386.72520160415,101220.41479839584,111635.2092444088,101741.87075559118,110769.04770348345,101036.82562984987,3132.5863353782297,3023.2689250797625,3021.664022003121,3075.7778255258017,106689.37747515406,106018.76571296979,105478.33093396248,101629.31123663977,105303.56999999999,106688.54,101888.90800000001,95.36135265700477,65.50917874396133,147.36880149771022,69.32862912097283,19.01558248371934,17.76119255763304,-4.638647342995226,6.004524094844405,3.194230405530659,55.51855345732149,105505.4,106159.0,105832.2,97925.35,1.0,0.0,105585.35,110660.8,105252.6,107951.025,1,0.3565462380540453,0.36103272330684383,0.35616093288042083,0.36064431985905165,0.35747853110596983,0.3568657057530129,0.35636909262538263,0.3527589902166461,0.3562079731977762,0.35747776813310594,0.35300661474540684,0.3599062038997854,0.35236770365931364,0.3618857988510154,0.3528664339538231,0.3611278520915785,0.3521915218287113,0.35639402552929106,0.3569941670200924,0.3566945464862773,0.3491573862706101,0.3564676299806615,0.36103272330684383,0.35616093288042083,0.3586213818398347,0.7043353447482826,0.6357554566364528,0.6223640590997254,0.9536135265700477,0.6550917874396133,0.5551855345732148,0.9536135265700477,0.6252460211584445,0.7092819071332307,0.2864894490450129,0.09871833031329126,0.19752024423031775,0.09101118662297661,0.8049933421663734,0.8014424663596607,0.8013893848015099,0.29965110943802686,0.2931790510727849,0.8031638167816151,1.0,0.0,1
2025-06-10,110219.9,110351.0,108279.2,110227.5,70.45479478044696,63.589196467693796,62.24587121327514,1360.8384419531067,1335.0524360051186,110856.75203507322,100882.66796492676,111745.91891541319,101693.04108458683,111163.6987871254,101052.00787954124,2981.0454303241972,2955.306859002637,2976.4324019077344,3042.311898008275,107868.75165010271,106783.99012879345,105930.63274977558,101966.49510971272,105869.70999999999,106719.48000000001,102344.036,95.79761027272372,80.85588619396748,181.53931575079596,96.03656779612139,18.542970250506308,17.474349172492254,-4.202389727276281,5.4141829904720495,0.5645537261184586,59.826850802548435,105505.4,106159.0,105832.2,97925.35,0.0,0.0,107945.35,110351.0,107945.35,109769.4,1,0.36170878707228415,0.3618244692426761,0.3599804798958311,0.36171549694038624,0.3596110931704373,0.3586282326103915,0.3578481918022462,0.35414265037482023,0.35779226986111456,0.3585694770289788,0.3545015381977694,0.3622694932941078,0.35310515722174096,0.3630471240427265,0.3538819001540994,0.36253862096505773,0.35326796899191215,0.35745720981623325,0.35805753578007515,0.3577578232865563,0.35021825671893925,0.35968013219063516,0.3618244692426761,0.35968013219063516,0.36131024434012515,0.7045479478044696,0.635891964676938,0.6224587121327514,0.9579761027272372,0.8085588619396747,0.5982685080254844,0.9579761027272372,0.7197979774772536,0.7114109974809371,0.3479228892247836,0.1363407440394665,0.17853860315270004,0.01612870769393541,0.8000364730059136,0.7991696085544546,0.7998816598002044,0.2972615643788495,0.29163832387437905,0.8020701641525324,0.0,0.0,1
2025-06-11,110227.5,110375.5,108006.6,108611.1,59.78732847635936,58.5622648724831,58.94640931164866,1420.4664131472236,1352.1352314335397,111412.60364565803,100926.15635434198,111153.93847965298,101981.48152034704,111277.01177913978,101329.70155419354,2893.5960831350253,2913.420654788162,2947.502287531175,3019.8648347413323,108116.20110006849,107116.19192355828,106185.91534503506,102227.0678505083,106169.38,106567.71,102648.25799999999,80.12084416340151,90.42660236437666,139.14557238697483,83.24055233817523,17.965279916582013,17.135070190960484,-19.879155836598486,2.8373971731127683,-2.718759656594693,58.89264749435832,105505.4,106159.0,105832.2,98537.05,0.0,0.0,110223.7,110375.5,108006.6,109305.17499999999,0,0.3624362421848022,0.36256684423080887,0.3604556521151949,0.36099864004614557,0.3605543196164882,0.35965044074308955,0.35880219202821884,0.3551097255327803,0.3587870494258949,0.35915119261140893,0.3555091192207641,0.36347727803888363,0.35386596636951756,0.36325098041864695,0.3548761098827731,0.36335871705376344,0.3542534404484773,0.35817709278165893,0.35877754254320626,0.3584777683366508,0.35154073049385276,0.3624328866420386,0.36256684423080887,0.3604556521151949,0.3616184735917411,0.5978732847635936,0.5856226487248309,0.5894640931164866,0.8012084416340152,0.9042660236437666,0.5889264749435832,0.8012084416340152,0.7384116891077677,0.716990284553877,0.2713227596770031,0.11835770929450536,0.09429889417036946,-0.07752298536814484,0.7970600858039811,0.7977426332818623,0.7989052621269044,0.29426099346724366,0.28978476431966604,0.8013298438492752,0.0,0.0,0
2025-06-12,108611.1,108782.5,105579.8,105600.9,44.988033293039265,50.548141498285496,53.410430082824,1210.8659186338336,1323.8813688735986,111397.63360887836,100895.86639112164,111076.57070825515,101891.34929174483,111266.38622779389,101442.34710553942,2937.753785544307,2934.083465160436,2959.6545595535,3025.9593402499545,107277.76740004568,106840.68430109313,106130.19959788886,102359.37499362562,106146.75,106483.95999999999,102887.57200000001,50.92621329091819,75.61488924234781,38.84068235039682,6.491409049662349,17.05725316241448,16.30005376679008,-49.07378670908181,-0.21383916422243326,-1.5613944977390077,59.32661398957834,105505.4,106159.0,105832.2,99490.8,0.0,0.0,109419.3,109419.3,105579.8,107143.57500000001,0,0.3608024889286381,0.36095590443200537,0.3580496260214522,0.3580690522017326,0.35960095345205806,0.3592039121313909,0.35855513292945795,0.3550395305005506,0.3585702939132283,0.35887869542578177,0.3555394840662215,0.3632679111277465,0.3536410762353564,0.36298692521011694,0.3545944324571211,0.3631531422171565,0.3541655559325657,0.3579810978919792,0.35858151403669536,0.3582817565880939,0.3522798112493268,0.3615238341103894,0.3615238341103894,0.3580496260214522,0.3594792222126696,0.44988033293039265,0.5054814149828549,0.53410430082824,0.5092621329091819,0.7561488924234782,0.5932661398957834,0.5092621329091819,0.6680670783067202,0.7077132563916304,0.0775254876082525,0.009273175680152634,-0.00712785142389622,-0.044581700299394324,0.7985740888001236,0.7984491169731932,0.799316565785566,0.2893547441316803,0.2850709609405845,0.8015313876572717,0.0,0.0,0
2025-06-13,105600.9,106140.0,102626.9,106023.1,47.129517262019746,51.549622885124386,54.0460133669977,1066.5297372500063,1272.4110425488802,111440.38913660427,100992.79086339573,110960.26971245659,101838.36028754339,111234.51221697235,101646.09444969431,3019.946101895121,2975.441789077548,2986.0091043366665,3042.197362241623,106859.5449333638,106692.03260998528,106119.99963618515,102503.05048407167,106216.59,106399.31499999999,103129.12400000001,55.02094890794123,62.022668787420315,-35.31418964665835,-50.71366002615443,17.277158274976845,16.07449350757782,-44.97905109205877,0.6630923230733234,-1.5716328122098797,63.442647821017566,105505.4,106159.0,105832.2,101799.75,0.0,1.0,107106.0,107106.0,102626.9,105097.725,1,0.3575488102894958,0.3580437951363097,0.35477324175338226,0.357936669039557,0.35870066439081805,0.3585481280333821,0.3580254751204198,0.3546559679668879,0.3581139193423832,0.35828102020392594,0.3552473957830512,0.3627842657610066,0.35321471969706736,0.3623640018327529,0.35402420856293165,0.362604271348762,0.35384072147285556,0.3574608691313575,0.35806119572674555,0.3577614829184015,0.3539873882055004,0.35892466369758436,0.35892466369758436,0.35477324175338226,0.35708458951772,0.4712951726201975,0.5154962288512439,0.540460133669977,0.5502094890794124,0.6202266878742031,0.6344264782101756,0.5502094890794124,0.6113159400094803,0.690166706685861,-0.07051117304011445,-0.0723215979421649,0.022099478682112157,-0.04487363835625406,0.8013325340080586,0.7998483835566175,0.8002027866198297,0.29056520985245365,0.28375857422103345,0.8020664005579409,0.0,1.0,1
2025-06-14,106023.1,106168.8,104250.0,105356.7,43.97707226116782,49.83413127332084,52.85107999485462,888.1315354564285,1195.55514113039,111442.4930529084,101136.02694709162,110641.08146130882,101795.59853869118,111199.97875073866,101790.407915928,2862.6395159101044,2899.967375572009,2935.189623177778,3004.7507835002357,106358.59662224253,106449.24486271523,106047.30443273895,102614.95830822573,106289.26000000001,106218.34,103344.334,48.55782286534503,51.50166168806815,-25.357136674766178,-34.66073613835288,17.46722131305356,15.853675056866944,-51.44217713465497,0.6945426741852213,-3.3213674178398587,61.73090630684054,105853.4,106159.0,106006.2,101799.75,0.0,0.0,105812.0,106168.8,104250.0,105449.65000000001,0,0.3591408730762189,0.35927441944265637,0.35750122225721126,0.3585277775074707,0.35944811703929525,0.35953096992873623,0.35916307084150806,0.35596503623788267,0.35938469669511774,0.35931978644142915,0.35665323053017395,0.3639919333690175,0.35455489852277766,0.36328922471764524,0.3551862474503792,0.3637798080245196,0.35518129445991364,0.3589851035149868,0.35926544250657055,0.3591253712481842,0.35519020867676043,0.35894706513738683,0.35927441944265637,0.35750122225721126,0.3586135184761523,0.4397707226116782,0.4983413127332084,0.5285107999485462,0.4855782286534503,0.5150166168806815,0.6173090630684054,0.4855782286534503,0.5313954352428254,0.6623768947755477,-0.050670840051244746,-0.04947491027020656,0.023147287061777617,-0.0946123782939127,0.7959848652808753,0.7972799538133317,0.7984867973199863,0.2915997339636987,0.28245687372821937,0.8008282660522118,0.0,0.0,0
2025-06-15,105356.7,106080.0,104433.0,105547.8,45.20332840161516,50.34444974349421,53.162886481808385,753.4841518807516,1107.1409432804624,110792.23306351429,102604.8069364857,110210.08297921055,101843.14702078943,111145.2471327964,101987.64620053694,2688.9767279229463,2810.4697058882944,2873.847260169312,2959.492424050228,106088.33108149504,106285.34579676701,105999.7325820019,102729.97170790315,106698.51999999999,106026.61499999999,103563.724,50.41121930403074,51.329997025772336,-22.31230187566478,-25.955836412114973,17.643708419839083,15.643897528691614,-49.58878069596926,4.033898706029859,-3.5055945980291146,61.98141053239622,106643.85,106159.0,106401.425,102359.0,0.0,0.0,105689.9,106080.0,104433.0,105354.375,1,0.3600036882094463,0.36066923571551285,0.3591472501419171,0.36017996067330416,0.3606768758494322,0.3608573810182334,0.36059559544590786,0.3575487435551103,0.3612348769646508,0.36062026440103956,0.3583345180713668,0.36490004515669916,0.357430246460437,0.36438695858514547,0.35670611818416903,0.3652099019357531,0.3568439006447154,0.36118500953482413,0.3607416602967246,0.36096358061375683,0.3571971245013362,0.36031083393689406,0.36066923571551285,0.3591472501419171,0.36000154169293636,0.4520332840161516,0.5034444974349421,0.5316288648180838,0.5041121930403074,0.5132999702577233,0.6198141053239622,0.5041121930403074,0.4639419308482117,0.6279921972059438,-0.04459500618034949,-0.03706278187478813,0.13365872612880247,-0.09982624990006375,0.7897287821228702,0.7941462652603352,0.7963754824922537,0.2925508739031788,0.2812043634450193,0.799311089295833,0.0,0.0,1
2025-06-16,105547.8,108955.5,104921.2,106749.3,52.784101986436134,53.54423158411265,55.12217150465943,735.2506274054467,1032.7628801054593,110700.73508570089,103200.66491429911,109914.74889699451,101927.0111030055,111080.80948963421,102296.62384369911,2881.1657667910977,2897.8861554677023,2929.106914446964,2995.3193432485537,106308.65405433002,106369.70110644573,106071.11995514459,102887.59242524029,106950.7,105920.88,103824.71,62.06404934631649,53.67769717189742,38.03995164648395,47.45477935399659,16.43531136992478,14.918318027854408,-37.935950653683506,2.4195150032381116,-1.942515432098763,53.997590219688455,106643.85,106159.0,106401.425,102359.0,1.0,0.0,105452.25,108955.5,104921.2,106543.45,1,0.35900966559926556,0.36210088105080984,0.3584307107843681,0.3601105172926299,0.35970818963140916,0.3597640247570277,0.3594906380043937,0.356528302628568,0.3602938660758318,0.35935279218339555,0.3574094598267725,0.3636477847220085,0.35682354437335284,0.3629540794227629,0.355616951505945,0.363981517095518,0.355968605192626,0.36001438438440325,0.3595711803415692,0.3597930279000648,0.35602782880037,0.3589215972984974,0.36210088105080984,0.3584307107843681,0.35992276931801104,0.5278410198643614,0.5354423158411266,0.5512217150465942,0.6206404934631649,0.5367769717189742,0.5399759021968845,0.620640493463165,0.4543490358320031,0.5970230359483649,0.0759334550094281,0.06768887819419334,0.08047609006301983,-0.055443525060074994,0.7966297292875912,0.7972081857873808,0.7982794190917727,0.2858497538868334,0.27674705233180397,0.8005139928826157,1.0,0.0,1
2025-06-17,106749.3,107724.9,103303.4,104512.7,40.58913827917937,47.41860432758552,50.955826846454094,534.1679443845496,933.0438929612775,110796.51925501924,102907.44074498078,109707.03246852076,101812.10753147923,111085.41452315795,102164.32547684207,3101.2135143923692,3006.7157157914376,3000.1732518542512,3042.858698473602,105710.00270288669,106032.0645416374,105922.69900703558,102951.32213405441,106851.98000000001,105759.56999999999,104015.57,40.3722310586957,50.949166569680976,-32.387915718132845,-27.632030257014932,15.940547477657303,14.43703196866466,-59.6277689413043,-0.935735484109461,-2.994461610430399,47.80408924790811,106643.85,106054.2,106349.025,102359.0,0.0,1.0,106148.55,107724.9,103303.4,105572.575,0,0.3585791677226208,0.35946383105971424,0.3553902926992173,0.3565210104266311,0.3576280546463901,0.35792375803790905,0.35782344130470506,0.35505867599033963,0.35867264617941946,0.357673622187357,0.35605773131311425,0.36219910546538914,0.35501726760863184,0.3612374578227457,0.3539780686423387,0.36245255846304114,0.35431341537164013,0.35848307645938016,0.3579440497896197,0.3582139263112486,0.3544982835766756,0.3580304950397976,0.35946383105971424,0.3553902926992173,0.3575016077594285,0.4058913827917937,0.4741860432758552,0.509558268464541,0.40372231058695696,0.5094916656968098,0.4780408924790811,0.40372231058695696,0.34178475953940407,0.5525393378892386,-0.06468538541743465,-0.03945383844557999,-0.03118107154307399,-0.08534790331531932,0.8039871172570938,0.800893617122559,0.8006758575148268,0.2829710007335516,0.2736769296109308,0.8020881298217422,0.0,1.0,0
2025-06-18,104512.7,105500.0,103422.3,104847.3,42.891953467809714,48.3702175561574,51.531289647377534,397.2288856715022,825.8808915033225,110841.69165576943,102697.56834423057,109691.19507102524,101757.67492897478,111091.62761625613,102112.0657170772,2954.997298050602,2940.357450377763,2956.245954146906,3010.6867418578154,105422.43513525781,105816.65280679424,105820.28005398458,103025.67420722876,106769.63,105724.43500000001,104228.516,43.61737207588162,48.6845508269646,-55.68954178577318,-53.853489560691024,15.48112386340893,13.979810212434401,-56.38262792411838,-0.7793070554968828,-0.6657508289909968,50.785414898576924,106501.2,105525.0,106013.1,102359.0,0.0,0.0,105631.0,105631.0,103422.3,104570.575,1,0.357554016881508,0.358468045726795,0.35653473484499454,0.35786472180809176,0.3583965388526961,0.35875943792930604,0.35876277090313236,0.3561613856934166,0.35963130421806183,0.35867466428612327,0.3572893672825713,0.3632734476737407,0.3558514782853861,0.36225779122685575,0.35495836276754733,0.36349273340777777,0.35529605321847074,0.35938648919062005,0.3584910822785782,0.3589397879231738,0.3555306786493314,0.35858869834853696,0.35858869834853696,0.35653473484499454,0.3576078279002884,0.4289195346780971,0.483702175561574,0.5153128964737753,0.43617372075881616,0.486845508269646,0.5078541489857692,0.43617372075881616,0.25879759440947786,0.5009602218976564,-0.11092079386780834,-0.0767821309434696,-0.025971060360439804,-0.019019158502506392,0.7991591368011721,0.7986626471589421,0.7992013693311597,0.2802215717751314,0.27067033086119135,0.80102555801438,0.0,0.0,1
2025-06-19,104847.3,105191.9,103864.0,104604.2,41.52757268878443,47.69484484747809,51.074118264765815,266.0210318573372,713.9089195741254,109734.26649899968,102681.85350100034,109676.43312691315,101835.19687308682,111074.03121536407,101982.72878463591,2722.554826900515,2825.1819182079225,2878.705670616101,2954.5938504625547,105149.69009017188,105596.20684192255,105704.46290598605,103087.5771794943,106208.06000000001,105755.81499999999,104438.24,37.00753005782747,40.332377730801596,-67.42582855097899,-55.528825763257956,15.054516221606871,13.545449544015653,-62.99246994217253,-5.094996457082612,0.6035973478647996,56.92004869550384,106501.2,105525.0,106013.1,102410.2,0.0,0.0,104680.0,105191.9,103864.0,104626.85,0,0.3596934029946962,0.36001255359930906,0.35877708145362036,0.35946764210411974,0.3599735156723288,0.3603857075991495,0.3604853863838036,0.3580475658340284,0.360947781055014,0.36053263505769245,0.359313225936397,0.3641269376206374,0.3576642260537175,0.3640756031609564,0.3568595153821871,0.36530883173838324,0.3570002048080999,0.3612159562056166,0.36032008836215035,0.36076902550451984,0.3574067359559872,0.35953809036830175,0.36001255359930906,0.35877708145362036,0.35948869813745477,0.4152757268878443,0.47694844847478085,0.5107411826476581,0.37007530057827476,0.40332377730801594,0.5692004869550383,0.37007530057827476,0.17551113761528267,0.4429856290536238,-0.13404013517144378,-0.0791609167845018,-0.16821898526827492,0.017243929026903585,0.7909693227665903,0.7946681934211515,0.7965443370204708,0.2775990194518617,0.26772781985864735,0.7991454874273052,0.0,0.0,0
2025-06-20,104604.2,106499.9,102260.0,103243.9,34.386761204075725,43.993273163224295,48.543768527015715,51.677316967514344,581.4625990528033,108254.77634720555,102764.62365279444,109731.06905262878,101648.34094737122,110861.12438312413,101771.31561687584,2939.318423057583,2926.233209764499,2943.5244482058106,2997.437388780469,104514.42672678125,105168.51468884572,105470.12358160643,103093.70748618079,105509.7,105689.705,104574.5,11.711979811446456,30.778960648385183,-94.96513863647445,-83.42185141090218,15.296566566056772,13.456886118058247,-88.28802018855355,-6.335624050259696,-1.2644633394570626,47.29433981947666,105607.75,105525.0,105566.375,102410.2,1.0,0.0,104725.75,106499.9,102260.0,104152.0,0,0.35806781450913916,0.35981425129883604,0.3558651414203966,0.3567955554133843,0.3579843485455407,0.3585908921195681,0.3588693431158097,0.3566540862069144,0.3589058233313664,0.3590715781950741,0.358040208888682,0.36140420997104505,0.35634341439371486,0.36272246100907746,0.3552823387398269,0.3637199272006447,0.3553997849197574,0.3589961452481588,0.3589199227922726,0.358958041282544,0.3560077374587855,0.35818071371900634,0.35981425129883604,0.3558651414203966,0.357646675132944,0.3438676120407573,0.43993273163224295,0.4854376852701571,0.11711979811446456,0.30778960648385184,0.4729433981947666,0.11711979811446455,0.03443792083108447,0.36932540723673113,-0.18767893989197323,-0.11861307194090123,-0.2081028229043624,-0.0361118143289005,0.7986273161630374,0.7981812958873115,0.7987702605357733,0.27909544455057544,0.26711708490080305,0.8005846561543623,1.0,0.0,0
2025-06-21,103243.9,103949.9,100800.0,102083.9,29.363468784809655,41.06636584652558,46.48183104884377,-209.38032081761048,423.2940150787206,107441.20909789114,102272.75090210888,109849.90813009764,101176.45186990238,110339.10546581038,101655.82786752294,2969.4015054779275,2942.209409067034,2953.3518554341053,3002.51947582112,103704.2511511875,104607.67565451014,105147.62609764391,103054.10719260508,104856.98000000001,105513.18000000001,104679.50799999999,13.020241765373944,20.57991721154929,-149.44685920230063,-153.83812056935938,16.035385919256225,13.644210209957043,-86.97975823462606,-6.00969882452163,-3.342820675968429,45.66214951644236,104877.75,105525.0,105201.375,102650.75,0.0,0.0,103924.04999999999,103949.9,100800.0,102519.42499999999,0,0.3566309346699713,0.3572932296281459,0.3543038481358081,0.3555331292784645,0.35706328496072265,0.3579063632035157,0.3584068736945234,0.3564521403837831,0.3581377687913823,0.3587443096656907,0.35797309329463173,0.3605054386086505,0.3557126780860203,0.3626629253339975,0.35466585369652015,0.36309547260297415,0.35512494486144436,0.35815702347044787,0.35875520150563744,0.35845655975857804,0.35607109283900223,0.35726905708062023,0.3572932296281459,0.3543038481358081,0.35594671743104433,0.29363468784809654,0.41066365846525577,0.46481831048843775,0.13020241765373944,0.2057991721154929,0.45662149516442363,0.13020241765373938,-0.13868729766782167,0.2749363173829872,-0.29029988731183665,-0.21629763544361555,-0.1976859999645012,-0.09521980639839514,0.7996452409689407,0.798725590066879,0.7991034567519474,0.283529270534744,0.26840450498365415,0.8007540038644461,0.0,0.0,0
2025-06-22,102083.9,103347.0,98125.0,100904.3,25.026205735081632,38.27749943510759,44.46519165527733,-505.6257028906257,237.51007148485138,107825.92769125922,100948.71230874077,110041.28831220287,100492.78168779713,110465.91209110033,101104.24790889968,3291.2012904096523,3105.0515941336744,3061.382719461053,3076.502159960416,102770.93410079168,103934.33462641737,104743.4998026302,102969.80102818919,104387.31999999999,105267.035,104781.284,22.17090253513938,15.634374703986595,-170.07189199561452,-192.56150768264655,17.509088301493446,14.261368046286037,-77.82909746486062,-4.447499973958547,-4.651828641407875,46.02324956916841,103540.25,104392.9,103966.575,102650.75,0.0,1.0,102663.9,103347.0,98125.0,101115.05,0,0.3531693534839941,0.35436331481962535,0.34933203109392386,0.3520412998204091,0.3538205487512117,0.3549136818429127,0.3556669898944162,0.35400825319807605,0.3553360963597368,0.3561513789113139,0.3557020275291075,0.358485751512499,0.3520840027288495,0.3604636380074563,0.3516447508626298,0.36083831716754156,0.3522334082748785,0.35454473598213904,0.35534128867006376,0.3549438054442354,0.35370693959066835,0.3537193764808956,0.35436331481962535,0.34933203109392386,0.35224377634298965,0.2502620573508163,0.3827749943510759,0.4446519165527733,0.2217090253513938,0.15634374703986595,0.46023249569168406,0.22170902535139375,-0.3248714527697524,0.15702990710288972,-0.32760575315230855,-0.26835272439918373,-0.14717338037055286,-0.1321322697730909,0.8099311705252585,0.8041107614689045,0.8026948558433498,0.2918261870996003,0.27253246710049084,0.8031873559913899,0.0,1.0,0
2025-06-23,100904.3,106024.8,99581.0,105283.5,54.27750375121056,51.45732934514785,52.49861424997796,-382.6267777012399,113.48270164763314,107637.97839638582,100988.74160361418,110039.16256266239,100490.78743733763,110332.20457368967,101075.78875964365,3741.5725346368454,3343.5336231241267,3222.450209010527,3188.745421295069,103608.45606719446,104179.63742161421,104794.9283928559,103060.53432120138,104313.36,105264.975,105002.47200000001,58.434349618382925,31.208497972965418,-62.943799101406015,-64.03652033855532,17.532001243812463,14.214259547837951,-41.565650381617075,-0.6975838284298476,-0.03911713016984344,52.67256528502266,103540.25,104392.9,103966.575,102650.75,0.0,0.0,101494.1,106024.8,99581.0,102948.4,1,0.3485657612097893,0.35336775433582446,0.34728634498849587,0.3526866783109248,0.3511304168311986,0.3516638197217394,0.3522352492730137,0.3506160474307899,0.35178828781108007,0.3526695987511099,0.35242726386797896,0.35483403803423874,0.34864684959732956,0.35697751177650955,0.3481677172406991,0.35723598467625073,0.34873037129855483,0.3510665313965294,0.35186224970110136,0.35146518200625265,0.3502296197843341,0.3491307704804107,0.35336775433582446,0.34728634498849587,0.3505104527991798,0.5427750375121057,0.5145732934514785,0.5249861424997796,0.5843434961838292,0.31208497972965416,0.5267256528502265,0.5843434961838292,-0.24969219967181946,0.07551112172196235,-0.12522677777662425,-0.09122640227383493,-0.023248604317145236,-0.001117631825221635,0.8227528497438458,0.8115082537766749,0.8078207558380575,0.29194990346714117,0.2722233116232271,0.8067696387357627,0.0,0.0,1
2025-06-24,105283.5,106269.9,104567.0,106048.5,57.64533518616058,53.33204913400748,53.72640547978602,-220.87403827704838,46.61135366269683,107818.06106347598,100947.01893652404,110112.39338908577,100559.40661091421,110075.23152157321,101137.58181176014,3450.333601117295,3226.345507186689,3150.0906752481205,3139.217240585233,104421.80404479631,104519.43061768435,104914.31616496487,103177.70944586015,104382.54000000001,105335.9,105229.46800000001,64.67899269417575,48.42808161589935,34.95553021363387,18.067821959067167,17.440461241348896,14.115142052965576,-35.32100730582425,0.6566264888706679,1.3557297142311,56.66875079998806,103540.25,104392.9,103966.575,102650.75,0.0,0.0,103093.9,106269.9,103093.9,105542.225,1,0.3542064153283882,0.3551120742689495,0.3535433827487206,0.35490950950973843,0.3534084843979856,0.3534992071279039,0.3538653301591338,0.35224510253219676,0.3533719737619398,0.35425473300859445,0.3541565683321509,0.356517176467806,0.3501246267155299,0.35856385037522537,0.3497515362264775,0.35853103144602605,0.35030754104883066,0.352585522290077,0.3533816085569724,0.35298435761311325,0.3517482204928757,0.3521662416214623,0.3551120742689495,0.3521662416214623,0.3544447572589125,0.5764533518616058,0.5333204913400748,0.5372640547978602,0.6467899269417575,0.48428081615899354,0.5666875079998807,0.6467899269417575,-0.14619427009789232,0.03106423779187796,0.06979738457803511,0.02580544380907955,0.021884055113588822,0.0387157734424995,0.8146515986382287,0.8079415253933491,0.8055503918000841,0.29145472309039605,0.2715697026332517,0.8052047261408889,0.0,0.0,1
2025-06-25,106048.5,108090.0,105750.0,107264.0,62.73368727857692,56.22485008179002,55.63933564714469,5.335361992925755,38.35615532874262,108357.18295885617,100751.13704114384,110121.78379851203,101130.896201488,109827.16224434669,101244.43108898663,3291.714515243396,3163.035113816211,3111.5149288077337,3112.5766658990588,105369.20269653088,105018.44323265082,105138.09557782537,103337.9561342578,104554.16,105626.34000000001,105438.76800000001,84.38206915654864,69.1651371563691,120.62616791802888,67.9738864352824,16.551521074197698,13.629466775181646,-15.617930843451365,1.6259931519178958,5.725482774663106,57.19277419038529,103107.5,104392.9,103750.2,102650.75,0.0,0.0,105666.0,108090.0,105666.0,106788.125,1,0.3557373665880589,0.3575902659902327,0.3554635429162237,0.3568447050349229,0.3551131333633202,0.3547892745962911,0.3548998683865378,0.3532229503393553,0.35435897916003767,0.35534988559575353,0.3551772390671504,0.3578302446885587,0.35076287015310786,0.3594008764280691,0.3511278355232394,0.35914034993841104,0.35123668944186004,0.353006224365756,0.3542090898897693,0.35360946572369534,0.35257529373661606,0.3553863516287442,0.3575902659902327,0.3553863516287442,0.3564126352872635,0.6273368727857692,0.5622485008179001,0.5563933564714469,0.8438206915654863,0.6916513715636909,0.571927741903853,0.8438206915654863,0.003556892995173885,0.02556519840527329,0.23667828365222515,0.09680148034150045,0.054146761327296906,0.16214148698738737,0.8099467584188605,0.805960342674512,0.8043186337165551,0.28651406170506255,0.26830377670118066,0.8043527397712273,0.0,0.0,1
2025-06-26,107264.0,108239.6,106457.7,106905.3,60.241972695926265,55.13863230671673,54.93563853485599,153.88990223870496,61.46290471073509,108409.77276789375,100729.74723210624,110240.53198584652,101279.9280141535,109614.40752356833,101326.60580976498,3076.0267273514837,3064.3826056864823,3048.199932197842,3068.2207770357572,105881.2351310206,105361.50809944158,105306.40076088962,103477.85197213004,104569.76,105760.23000000001,105637.11200000001,81.07012603296249,76.71039596122897,124.08058999116264,66.69351160372845,15.662351139451582,13.136754165855843,-18.929873967037505,0.14613678965576354,2.569187594444847,56.87963161598103,103182.3,104392.9,103787.6,102650.75,1.0,0.0,106656.25,108239.6,106457.7,107216.65,0,0.3582398160926196,0.3591201681211261,0.35750633985278213,0.3579141774465794,0.35697862252780477,0.35650044608933656,0.3564496100801574,0.3547479657434921,0.3557675724503597,0.35686749542100576,0.35675430103700306,0.35927293619705375,0.35213485523802524,0.3609018575892198,0.35266350508442396,0.3603477425947518,0.35270822783143374,0.3544701867083343,0.35560312728199045,0.35503826142951095,0.35396865121819343,0.35768745702467736,0.3591201681211261,0.35750633985278213,0.35819689104053637,0.6024197269592626,0.5513863230671673,0.5493563853485599,0.8107012603296249,0.7671039596122897,0.5687963161598103,0.8107012603296249,0.10223483281843597,0.04095235307737715,0.24318936742427413,0.0949891942714004,0.004871187792698275,0.07327379887920389,0.8031719061456395,0.8027927671146177,0.8022634517878071,0.2813151751598548,0.26487780843198083,0.8029178989808734,1.0,0.0,0
2025-06-27,106905.3,107738.1,106280.0,106999.6,60.720482379090555,55.38267014812118,55.09241941786585,276.04756308952346,104.37983638649277,108924.37959340356,100712.52040659644,110345.6770762268,101324.7529237732,109544.05247212343,101347.67419454323,2844.894337729844,2949.6481338517337,2972.4808878074687,3014.5500844678986,106254.0234206804,105659.34299045219,105467.65783128107,103615.95973792886,104818.45,105835.215,105712.304,81.94081529015287,82.46433682655466,96.72473553341507,52.78568889438075,14.910346799389277,12.704503555574565,-18.059184709847138,2.379519426825648,1.4215179350881013,59.447364250558465,103182.3,104392.9,103787.6,103846.1,0.0,0.0,107084.65,107738.1,106280.0,106980.75,1,0.359630087128431,0.3603848743838462,0.35905959386206854,0.3597158401322469,0.3590358235397788,0.35849009978485463,0.3583135583862185,0.3565919085918748,0.3577133141532854,0.35865180361914895,0.3585388217982676,0.36145028585192285,0.3538312534041622,0.3627120005939558,0.3544197524238152,0.36200234043028356,0.3544417180233583,0.35618438548179554,0.357317895397988,0.3567527464872064,0.35680750566982083,0.3597931185019299,0.3603848743838462,0.35905959386206854,0.3596987045046348,0.6072048237909056,0.5538267014812118,0.5509241941786585,0.8194081529015287,0.8246433682655465,0.5944736425055847,0.8194081529015287,0.18198189812906995,0.06947445531124802,0.1910719207716359,0.0752655181252316,0.07915139708813664,0.040592480663988705,0.795363265137234,0.798978013159237,0.7997488561618835,0.2766969639685311,0.26177245054995757,0.801153754176253,0.0,0.0,1
2025-06-28,106999.6,107499.9,106761.0,107241.0,62.08339408121146,56.04189546684887,55.50847565982974,387.866271014369,161.077123312068,109414.03766104349,100701.6023389565,110464.48896833326,101362.96103166675,109650.80424188216,101353.65575811783,2544.038003768437,2791.737552862324,2866.11989314997,2938.6950816523017,106583.01561378695,105946.91699218814,105636.54756163525,103758.11817957871,105057.81999999999,105913.725,105798.5,84.16970592308758,82.39354908206764,90.42781265461518,53.69974010580892,14.212057055045708,12.293865475807353,-15.830294076912423,2.283034470129414,1.4859355659273867,61.4553811573275,103182.3,104392.9,103787.6,104400.05,0.0,0.0,106952.45000000001,107499.9,106761.0,107125.375,1,0.3621953621553815,0.36264940328384704,0.3619780954669716,0.36241469915423347,0.3618157167752654,0.3612332267634172,0.3609477780175268,0.35920256584769794,0.3604133325799133,0.3612027387571496,0.36109682836185414,0.36436776887710226,0.3562960592395086,0.3652983835899679,0.3569321607202232,0.3645782821863207,0.35692323882098836,0.35866142731309286,0.35979574288117294,0.3592301934282704,0.3598024042578654,0.3621524652616006,0.36264940328384704,0.3619780954669716,0.3623097018476929,0.6208339408121146,0.5604189546684887,0.5550847565982974,0.8416970592308758,0.8239354908206764,0.614553811573275,0.8416970592308758,0.2529645528649888,0.10697387544797345,0.1789092327355514,0.07656378008509473,0.07595457818626776,0.04242981237036239,0.7841900861591574,0.7934777595494404,0.7961063283338261,0.272208834071936,0.2587302686402203,0.7986061141230381,0.0,0.0,1
2025-06-29,107241.0,108507.0,107113.8,108314.8,67.86911166830316,58.947526400684325,57.35386290990343,556.7126516276767,240.20422897518975,110181.43186845838,100676.32813154162,110074.9429812816,101561.99701871841,109874.29740600302,101419.37592733031,2379.63257465866,2691.842013372158,2795.980850619019,2887.178578930558,107160.27707585797,106377.44117542666,105891.6192224319,103936.81158430112,105428.88,105818.47,105869.15,94.0842989705,86.73160672791347,105.5422795101809,88.41421185280615,13.325887345762983,11.687978321808533,-5.9157010294999965,3.547276304393137,-1.7284537547212357,65.07068043719103,103316.0,104392.9,103854.45,105046.5,0.0,0.0,107120.3,108507.0,107113.8,107794.15,1,0.3641365192216721,0.36527953142102226,0.36402095069290497,0.36510684196382914,0.3640631932807342,0.363349288928866,0.3629036687286469,0.3610902773301887,0.3624773666679344,0.36283640026287134,0.36288301071089524,0.3667715051562835,0.3579905260944823,0.36667728000901284,0.35884208401813644,0.3664995000778874,0.35870544478576005,0.3605074283485806,0.36151632164430586,0.3610131473231498,0.36212371962674117,0.3640268595566694,0.36527953142102226,0.36402095069290497,0.3646375403635849,0.6786911166830316,0.5894752640068432,0.5735386290990343,0.940842989705,0.8673160672791347,0.6507068043719103,0.940842989705,0.3549900012420854,0.1587812272065148,0.20800436814645837,0.12563861336712617,0.11769454650457473,-0.04934428559745942,0.777512151902194,0.7898352425428674,0.7936295846778458,0.2662068204540161,0.25406549563324365,0.7968381332910773,0.0,0.0,1
2025-06-30,108314.8,108766.4,106677.0,107081.2,56.34558482502456,54.4913278940249,54.62104619952172,584.2485606366536,309.01309530748256,110414.80120893379,101210.41879106624,109462.4124900788,101859.8975099212,109968.82121652833,101492.52545013832,2338.1707782788503,2648.810440988432,2762.3341434466843,2860.585959632873,107133.91805057199,106505.39732534907,106004.91262981933,104060.12093393637,105812.61000000002,105661.155,105929.174,84.16373785404178,87.47258091587646,83.17580048772324,79.48853009139687,12.462563356531868,11.1948858550416,-15.83626214595822,3.7167329014111274,-2.8543693724342862,53.920085740575594,103445.7,104392.9,103919.29999999999,105046.5,0.0,0.0,107777.9,108766.4,106677.0,107709.85,0,0.36600825231942047,0.36641363455530607,0.3645241256295357,0.364892452232103,0.3649403916163572,0.3643673417905195,0.36390866775442576,0.36210610178369074,0.3637318691574597,0.3635924045578728,0.3638390727137351,0.3678795423662804,0.359404691933228,0.36703521506834325,0.3600268253537321,0.36748505221664096,0.3596753965297443,0.3615297932907698,0.36241685755629993,0.3619743090240739,0.36302440568151023,0.36552415180407416,0.36641363455530607,0.3645241256295357,0.3654626262547823,0.5634558482502456,0.544913278940249,0.5462104619952172,0.8416373785404179,0.8747258091587646,0.539200857405756,0.8416373785404179,0.3709282745209768,0.2031430584171113,0.16483392356550777,0.11306945954462679,0.12326109607745808,-0.08137308756329147,0.7757551777291577,0.7882243384719275,0.7924193252626454,0.2599912748620504,0.25010166716438903,0.7959131281458377,0.0,0.0,0
2025-07-01,107081.2,107484.8,105180.3,105634.8,45.725409258003594,49.743110269753835,51.59445206050869,483.7818390837201,343.9668440627301,110057.0628712152,102278.3371287848,109064.89945841588,101959.78054158411,109969.43292098821,101493.27374567845,2333.360667096157,2624.2168380606868,2740.5325175682706,2842.049760978444,106634.21203371466,106347.10690255833,105969.66380793176,104121.87305417417,106167.7,105512.34,105986.95,70.57154133854574,82.93985938769585,26.48522034083437,28.63541614438002,12.36210932447083,11.056526372146493,-29.428458661454254,3.4784133443177714,-2.740327646069327,47.77735507850591,104173.7,104392.9,104283.29999999999,105046.5,0.0,0.0,107698.0,107698.0,105180.3,106345.275,0,0.36552568541577646,0.365892178282412,0.3637812609283384,0.36420112452939046,0.3651182199829196,0.36485562217649486,0.36450934514431876,0.36279660689929655,0.36469117869148665,0.36408817031366936,0.36452523021640854,0.3681969072694208,0.36105806965251735,0.36731421767770933,0.3607545697791016,0.36811925920464306,0.36030844381712634,0.36284504789952365,0.3630496680729658,0.3629474103230048,0.36365732089805375,0.366085235790513,0.366085235790513,0.3637812609283384,0.36485394442937996,0.45725409258003596,0.4974311026975384,0.5159445206050869,0.7057154133854574,0.8293985938769585,0.4777735507850591,0.7057154133854574,0.31178484521783467,0.22537466846633664,0.05292095354182958,0.04088493369134404,0.11543030310973304,-0.07813548088443971,0.7755493328370299,0.787291877658962,0.791627235600603,0.25924230392143766,0.2489606120967191,0.7952632614480042,0.0,0.0,0
2025-07-02,105634.8,109740.9,105058.6,108803.0,63.36912533114002,58.31197692826567,57.06598649331891,652.2893154843186,405.63133834704786,109037.98719094691,104877.15280905308,109504.18929390586,101840.70070609413,110209.90029590964,101451.19303742371,2668.9234289395617,2771.2227781992083,2832.997635779305,2903.391435612495,107357.14135580978,106793.63292027499,106239.5053500335,104305.44665989284,106957.56999999999,105672.44499999999,106081.59799999998,91.92572250105464,82.22033389788072,81.32974579956195,103.84011931394433,11.791532210592326,10.604991440638427,-8.074277498945365,7.827912190065237,3.03226582349204,53.56731546724901,107153.95,104392.9,105773.42499999999,105046.5,0.0,1.0,106358.0,109740.9,105058.6,107309.32500000001,1,0.362122259158102,0.36583554761045045,0.36158997197680515,0.3649994409832376,0.3636966531024702,0.36318427273629844,0.36267784890682797,0.3608899175896934,0.3633336065076024,0.3621569367887888,0.3625330646884014,0.3652095814888684,0.3614217647819129,0.3656251865135998,0.3585640643347753,0.36625103838957374,0.3581915051914005,0.3635122001486349,0.36097145722013835,0.36224989768564086,0.3615787637006772,0.3627863583711413,0.36583554761045045,0.36158997197680515,0.36365327699518535,0.6336912533114002,0.5831197692826567,0.5706598649331891,0.9192572250105464,0.8222033389788073,0.5356731546724901,0.9192572250105464,0.40937448509861885,0.2640164330387286,0.16123995871983263,0.14726439258681864,0.25516556700346316,0.08642005655143642,0.7889805072683276,0.7927404724396246,0.7949443586015734,0.25487834059599557,0.24514353021680435,0.7973979158738659,0.0,1.0,1
2025-07-03,108803.0,110485.7,108455.1,109540.0,66.33889997738731,60.01968476997578,58.219523630127725,835.6693688980595,491.6389444572502,109652.5806444079,105113.8593555921,110034.6467726103,101661.93322738969,110542.74356107412,101399.36977225922,2577.7343676624805,2718.321151184978,2794.7882245517185,2874.298387758745,108084.76090387319,107292.9723893159,106553.83817383983,104510.72326146567,107383.22,105848.29,106203.49799999999,92.34913880281863,84.94880088080633,121.01851620960036,150.4043141220077,11.583227636480874,10.334833140844747,-7.650861197181368,4.0428937107903895,3.317107309633461,55.85550416071816,107772.15,104392.9,106082.525,105046.5,1.0,0.0,107218.9,110485.7,107218.9,109320.95000000001,1,0.3659804842640936,0.3674759975733608,0.3656684754434952,0.3666382533798103,0.365335269263887,0.36461912487863996,0.3639459441270707,0.36206121036935357,0.36470101005686223,0.36329909719674064,0.36362527505477654,0.3667383512410372,0.36262129651611275,0.3670773093417522,0.3593725119907503,0.3675263056311717,0.3591210262194385,0.3650531362839719,0.3619514297453484,0.3635143082619452,0.3625589004404848,0.36455186597159306,0.3674759975733608,0.36455186597159306,0.366443203728011,0.6633889997738731,0.6001968476997578,0.5821952363012772,0.9234913880281863,0.8494880088080633,0.5585550416071816,0.9234913880281863,0.505832192429369,0.3165059702713861,0.23741888649569623,0.21161676791859232,0.13395319138928044,0.09449174908138226,0.785505400238453,0.7908137551370349,0.7935869358193163,0.25323647872417815,0.24278805631493108,0.7963911734892468,1.0,0.0,1
2025-07-04,109540.0,109725.3,107220.3,107947.4,55.080856868039,54.796021137810996,54.87428219791398,842.7748880239524,561.8661331705906,109675.6069735026,105470.61302649743,110254.66801506148,101700.98198493851,110678.63670074289,101484.63663259045,2567.3437437106977,2703.083926100337,2780.9887852873508,2861.98844150012,108038.97393591546,107411.9592276221,106686.55834775986,104645.49489827095,107573.11000000002,105977.825,106288.246,79.46475523230882,87.9132055120607,72.30183521966403,91.18004131043057,10.786891548788386,9.839641346599322,-20.53524476769118,1.7905958122934262,2.458979827576222,54.073104135194576,107772.15,104392.9,106082.525,105046.5,0.0,0.0,109171.5,109725.3,107220.3,108608.25,0,0.3670564985547006,0.3672212175532805,0.3649711520346607,0.36562948614332796,0.3657120929686608,0.3651451060641314,0.3644851158162953,0.36260438150910873,0.36529113614659087,0.363836055733487,0.36412085883605116,0.36717707047681947,0.3633689495442004,0.367690300170315,0.35982728352177606,0.36806440611314,0.3596201648117236,0.3654712064780302,0.36236914941267406,0.36393220591065045,0.36297668961757296,0.3667281188027508,0.3672212175532805,0.3649711520346607,0.3662240992946786,0.55080856868039,0.5479602113781099,0.5487428219791398,0.7946475523230881,0.879132055120607,0.5407310413519457,0.7946475523230881,0.5093487113438196,0.3579890321660069,0.1436041315794853,0.12952547886038426,0.05961575054764327,0.07014119915476036,0.7851016512437021,0.7902518474440193,0.7930921341306086,0.24669880282848547,0.2383209909357069,0.7959621267891265,0.0,0.0,0
2025-07-05,107947.4,108429.2,107685.9,108144.4,56.154659328444524,55.31410038637558,55.20855627180953,854.4527176750271,620.3834500714779,109778.18062471648,105544.11937528351,110480.95901480164,101734.35098519835,110622.82927754267,101986.39072245733,2306.7660660377414,2563.099359950313,2683.955985987953,2791.3654934501164,108074.11595727698,107545.13027714533,106825.40040987796,104782.70686304463,107661.15,106107.655,106382.93,81.0585161034569,84.29080337952811,60.79870632200579,75.53790511452502,10.047436610216788,9.369209142066168,-18.941483896543104,0.820778639618133,2.4601175960086246,54.358912543423614,107772.15,104305.35,106038.75,105046.5,0.0,0.0,108743.7,108743.7,107685.9,108051.725,1,0.3680643063260113,0.3684984405924779,0.36782788573692715,0.3682420444278893,0.36817866872911054,0.3677003848591567,0.3670459436105168,0.3651648755181783,0.36780548042788014,0.3663890135067964,0.36664147460682905,0.3697040318082201,0.3658701853511191,0.37032639705570686,0.36229022315542897,0.3704515657527381,0.3625310599230548,0.36790592563887853,0.3647201409041915,0.3663257192655475,0.3654097953415209,0.36878081299094573,0.36878081299094573,0.36782788573692715,0.36815847018003617,0.5615465932844452,0.5531410038637558,0.5520855627180953,0.8105851610345689,0.8429080337952811,0.5435891254342361,0.8105851610345689,0.5150912764436794,0.3915157764932626,0.12100162579326998,0.10749436476802367,0.027352463608791584,0.07017354681965299,0.7744035264621671,0.7849362569220423,0.7895419614252909,0.24021984200761567,0.233884075530871,0.7934644362710811,0.0,0.0,1
2025-07-06,108144.4,109685.0,107762.6,109160.5,61.66862818235715,57.988594542700234,56.93618568573362,934.9210717586247,683.2909744089073,110111.3223468595,105662.0176531405,110794.31618252765,101662.11381747237,110833.79922683182,102104.28743983482,2251.856628032349,2517.335119953862,2647.6914152266218,2762.399977001779,108436.243971518,107838.8338631189,107047.79084703243,104954.38502527818,107886.67,106228.21500000001,106504.51600000002,87.84744192870966,82.79023775482513,103.72614814831994,96.3988429585978,9.9566334488708,9.164940479193714,-12.152558071290338,2.109530584545385,2.2587501744742093,54.70367381151653,107772.15,104305.35,106038.75,105046.5,0.0,0.0,108045.9,109685.0,107762.6,108688.125,1,0.36925903500023327,0.37063856977780174,0.36891418807360293,0.37017103824131137,0.36952183282663736,0.3689831386135937,0.3682653478605458,0.3663405562854201,0.36902638026054396,0.36751619186256085,0.36776938005395376,0.37101698335149547,0.3669953459761887,0.37162025551899447,0.36323645955781003,0.37165501892464003,0.3636590041059784,0.36892282827938266,0.36573619526766615,0.36734220452393485,0.3664260356382309,0.3691701822279135,0.37063856977780174,0.36891418807360293,0.3697480911478804,0.6166862818235715,0.5798859454270023,0.5693618568573362,0.8784744192870966,0.8279023775482512,0.5470367381151653,0.8784744192870966,0.5534081211164811,0.4264318494068502,0.2045266460206116,0.13684862373248202,0.07020201784758333,0.06444627421974489,0.771995430238091,0.7831353295484089,0.7881820991443284,0.23939450672605692,0.2318944591597718,0.7924217076300133,0.0,0.0,1
2025-07-07,109160.5,109681.4,107449.6,108200.0,54.15746959121747,54.65837066448145,54.83686696103906,910.690624710056,728.7709044691371,110155.18682314413,105858.23317685588,110984.48409680478,101840.67590319522,110951.42125990168,102166.67207343165,2248.9913954562976,2496.939754242871,2627.8870621205915,2744.7133111017192,108357.495981012,107904.5004334609,107157.52505207696,105081.66404389472,108006.71,106412.58,106539.954,61.381722337675534,76.76256012328069,67.47233796838319,74.14492053264628,9.701432654075825,8.893451195527238,-38.618277662324466,1.121873352797575,3.5280879739974216,52.7759864813303,107772.15,104305.35,106038.75,105046.5,0.0,0.0,108652.45,109681.4,107449.6,108622.875,0,0.370797557414342,0.37126196062011085,0.3692568662932668,0.3699355369844669,0.370077395295834,0.36966883315767424,0.3689914599366924,0.3670845687330799,0.36976116313030605,0.3683113270814594,0.3684279475458366,0.37168249574975876,0.36780219095896544,0.3724143532068881,0.3640327230303505,0.37238527743344774,0.3643439416006466,0.36954914893573443,0.366361997734458,0.36796827021369277,0.3670519516872277,0.3703425234068156,0.37126196062011085,0.3692568662932668,0.3703159707318898,0.5415746959121747,0.5465837066448145,0.5483686696103905,0.6138172233767554,0.7676256012328069,0.527759864813303,0.6138172233767554,0.5421016181174358,0.45091425307503136,0.13413148162017843,0.10552696281316601,0.037378356201759805,0.10046247251481209,0.7718681670949508,0.7823221572797759,0.7874315865313639,0.23703776254092884,0.2291873042854639,0.7917796178511157,0.0,0.0,0
2025-07-08,108200.0,109188.0,107369.7,108881.9,58.35835321964087,56.56547279183078,56.04498958671663,935.7249966838572,770.1617229120811,110310.91888454532,106030.68111545469,111247.7768505969,101980.84314940312,111122.69070190004,102209.47596476662,2187.4640532482554,2448.4654860826663,2589.3352972577063,2713.8328673983287,108532.29732067467,108082.20944555891,107321.75123759345,105230.69290491845,108170.8,106614.31000000001,106606.832,70.44830572497273,73.22582333045264,62.149141674118354,69.979863505256,9.418792564422235,8.615116086351081,-29.55169427502728,1.5301050904038513,3.8480723871763898,57.39422849196995,107772.15,104305.35,106038.75,105046.5,0.0,1.0,108680.25,109188.0,107369.7,108409.9,1,0.3710391641511602,0.3719260016830653,0.37028774894404326,0.37165208353958523,0.37133831577499,0.3709329076612967,0.37024418274786325,0.3683255467039276,0.3710128339418217,0.3695991866950189,0.36959234650221806,0.37292448589135974,0.3690639244696526,0.3737499656954346,0.36526862888311745,0.3736401437583855,0.3654867713351526,0.37065266831675453,0.3674646119662753,0.3690713442326433,0.36815476432021216,0.37147122321257636,0.3719260016830653,0.37028774894404326,0.3712282313135854,0.5835835321964087,0.5656547279183077,0.5604498958671663,0.7044830572497273,0.7322582333045264,0.5739422849196995,0.7044830572497273,0.5537798204596603,0.47262203565133,0.12366207605673465,0.09963951387950414,0.05095932287226193,0.10950405629831889,0.7690955231203961,0.7803625110790616,0.7859542604715226,0.2343611152876083,0.22633364524313104,0.7906485671503897,0.0,1.0,1
2025-07-09,108881.9,111999.0,108263.4,111209.7,69.49237810231253,62.38221370422445,59.8907786442065,1130.368735447555,842.203125419176,111276.41533165473,105644.16466834526,111889.08721570183,102000.08278429815,111273.53185453656,102124.62147879679,2408.6263313556483,2540.4036656481903,2643.9193307216256,2747.8917718183848,109424.76488044979,108650.84409182091,107692.03207210836,105465.16377139225,108460.29,106944.58499999999,106694.862,88.62745663074169,73.48582823112999,199.29920125806584,132.52793240236844,10.405015154171867,8.965767031367728,-11.372543369258308,2.6726726172231254,6.314756004061023,57.52408809722455,108528.8,105062.0,106795.4,105062.0,0.0,0.0,108540.95,111999.0,108263.4,110088.5,1,0.3704353976443463,0.3731894772379012,0.3698797934573511,0.372499238794404,0.37092052722980784,0.37022819904666787,0.36936377082531024,0.3673268031107117,0.3700569966955566,0.36868467956706275,0.36845676267074107,0.37255776566332494,0.36749208170091857,0.373093644176626,0.3640723233396557,0.37255523680465336,0.36419114637117767,0.3701185829068564,0.36695354254326934,0.3685485840530709,0.36695354254326934,0.37012950103943393,0.3731894772379012,0.3698797934573511,0.3715104919884278,0.6949237810231252,0.6238221370422444,0.598907786442065,0.8862745663074169,0.7348582823112999,0.5752408809722455,0.8862745663074169,0.6372793744572882,0.5090663720484325,0.37874906288225363,0.1870955123553464,0.08885413708640778,0.17848906744371157,0.7787226965233305,0.7840471831642963,0.7880395845045308,0.24340531844660135,0.22991559232431893,0.791895311737145,0.0,0.0,1
2025-07-10,111209.7,117896.7,110450.9,115990.1,81.40464021026031,70.97784129788127,66.25683847424534,1651.3281463257154,1004.0281296004839,114515.8950626523,104186.46493734772,113619.1709126845,101544.61908731548,112425.40494629438,101356.92172037231,3128.2225697334134,2890.789118101891,2872.5803149729772,2904.488712757772,111613.20992029987,109985.25425694438,108482.32425571709,105877.90636859256,109351.18000000001,107581.89499999999,106822.49,85.14889274892708,81.40821836821384,313.3449707914305,255.43780655457883,12.940224579495814,10.22434143644113,-14.85110725107292,8.319761078508654,12.34571727724351,63.18097073565759,111477.65,108010.85,109744.25,108010.85,0.0,0.0,110045.79999999999,117896.7,110045.79999999999,113886.85,1,0.3670942230126962,0.3727888753469101,0.3664270543977192,0.3711979919093691,0.36744720119429664,0.36601542441294865,0.36467515726582467,0.362309213909455,0.36545216538084524,0.36386349167255366,0.36317378964723523,0.3699503146709098,0.36074211351800506,0.36918369669794704,0.3582442573760128,0.36815392898588367,0.3580643934964788,0.36732875643022866,0.3642509823677723,0.3658017097981507,0.3642509823677723,0.36606904267013285,0.3727888753469101,0.36606904267013285,0.3694131540467397,0.8140464021026032,0.7097784129788127,0.6625683847424534,0.8514889274892709,0.8140821836821384,0.6318097073565759,0.8514889274892709,0.8008168443480297,0.58455352472592,0.5557687734646162,0.3495325546079937,0.27042784653171825,0.3387986523970476,0.8048539872405845,0.7969630661568028,0.7963314027782696,0.26347785156398956,0.2418084762547839,0.7974356886722818,0.0,0.0,1
2025-07-11,115990.1,118849.9,115200.0,117508.8,83.75559481797661,73.08218466079407,67.95353313995584,2161.818532098332,1235.5862101000534,117029.24407560793,104047.91592439207,115262.01283263926,101444.26716736077,113889.45246250668,100486.05420416,3202.747916914353,2945.0113239517555,2909.595538069502,2929.335755665846,113578.40661353324,111353.17166477267,109341.98861231546,106334.01984433403,110538.58,108353.14000000001,106939.73600000002,90.27575355477735,88.01736764481537,250.93807651865936,285.34058246881045,15.48326839148839,11.538471769457711,-9.724246445222658,11.240613888604893,15.110022246407132,65.37334330979391,113035.1,108487.45,110761.275,108487.45,0.0,0.0,113599.9,118849.9,113599.9,116887.2,1,0.3703670560603165,0.37274341697695246,0.36970043971734623,0.3716360532102498,0.36831820361255174,0.3663897825371051,0.364614278790107,0.3618985381782225,0.3656744423616245,0.3637296102575053,0.3624513707330862,0.3712370822348408,0.35978405179614215,0.36975292165242085,0.3573201105136121,0.3685848222713451,0.35639780972920665,0.36785078630086254,0.36385023033982855,0.3658705125464098,0.36385023033982855,0.3683366499438599,0.37274341697695246,0.3683366499438599,0.3711186011390217,0.8375559481797662,0.7308218466079407,0.6795353313995584,0.9027575355477735,0.8801736764481537,0.6537334330979391,0.9027575355477734,0.8939415152537652,0.6770917597904413,0.4635913736838467,0.386457981296139,0.35808467622438805,0.40675349663288995,0.8072076627475762,0.7988207440854888,0.7976112991484683,0.2802345829543814,0.25288016593139123,0.798287228782333,0.0,0.0,1
2025-07-12,117508.8,118195.1,116868.1,117369.9,82.64075878636623,72.5639543990227,67.62697730230008,2526.058936540154,1493.6807553880735,118922.21673293143,103868.32326706855,116260.53693116232,102092.30306883767,115181.69186437577,99978.41480229089,2934.783928783731,2829.43908652663,2834.2338457804776,2875.924563810318,114842.2377423555,112447.12227117762,110106.55160161875,106766.79945828172,111395.26999999999,109176.42,107141.616,89.26859686904062,88.23108105758168,175.95827345994059,230.10858639007893,17.844666216910067,12.786895585823464,-10.731403130959382,7.873771862908187,16.31803600044794,64.13642117677684,113035.1,108487.45,110761.275,108487.45,0.13535353535353536,0.13737373737373737,116749.45000000001,118195.1,116749.45000000001,117485.475,0,0.3734318442468686,0.3740003143294195,0.3728982125824197,0.37331639754574886,0.3711919102561029,0.36913630831565514,0.36708585185409826,0.36408529063110956,0.36822003130112785,0.36625919143288366,0.36442656027876275,0.37459908849064305,0.3614061556205209,0.37238953614013026,0.3597283500428498,0.3714798570149993,0.3576939596456977,0.36964486572028593,0.3656424289358663,0.3676636703669001,0.3656424289358663,0.3727990770954696,0.3740003143294195,0.3727990770954696,0.37341246698780994,0.8264075878636623,0.725639543990227,0.6762697730230007,0.8926859686904062,0.8823108105758167,0.6413642117677684,0.8926859686904062,0.9333837589331786,0.7598191911443218,0.3380741397045958,0.3173760634754257,0.25659413446345186,0.4351478748326556,0.7984729793287743,0.7948187132851801,0.7949879698044248,0.29362299145383636,0.26237185457817946,0.7964477142773416,0.13535353535353536,0.13737373737373737,0
2025-07-13,117369.9,119474.9,117173.3,119050.2,85.38609117733283,74.88416856042863,69.4893667890957,2916.686501996941,1778.281904709847,121012.28916752747,103680.29083247251,117911.91807016832,101817.59192983169,116631.09628436508,99397.48371563494,2844.3290818146256,2791.7362946318704,2808.87032931474,2856.780411683307,116244.891828237,113647.68185823623,110958.32763955982,107248.50144030989,112346.29,109864.755,107368.3,97.05402911981578,92.19945984787792,146.23411823864146,196.84632554212556,20.297394916562627,14.134190702111997,-2.945970880184218,8.68194266934453,13.075838094288276,64.86306103679934,113422.29999999999,108799.95,111111.125,108799.95,0.13535353535353536,0.13737373737373737,117439.35,119474.9,117173.3,118267.075,1,0.37396837037485026,0.3757040787133117,0.37380471209259636,0.3753563037733237,0.3730282256359192,0.3708234314477371,0.3684880012016506,0.3651741755261292,0.3697001140244861,0.36752252284230275,0.3652829200225888,0.3769529856728777,0.3618797750839966,0.3744181872855047,0.3601159055086577,0.3733519655441925,0.3577767236469081,0.37062979067222035,0.3665733997269024,0.3686221616739664,0.3665733997269024,0.3740261195768427,0.3757040787133117,0.37380471209259636,0.3747118359979793,0.8538609117733283,0.7488416856042863,0.694893667890957,0.9705402911981578,0.9219945984787792,0.6486306103679934,0.9705402911981578,0.9598859665591395,0.829184663751319,0.2844049918865308,0.2740237017834722,0.28158071976756593,0.35713253882614904,0.7953434010104757,0.7934777144957713,0.7940893615111687,0.3058584760848857,0.27169564690989784,0.7957800522677033,0.13535353535353536,0.13737373737373737,1
